game_id,season,week,home_team,away_team,home_win,prob_v4_a,prob_v4_qb,prob_v4_qb_plus
2022_01_BAL_NYJ,2022,1,NYJ,BAL,0,0.3659051227737844,0.3781222933851719,0.37968353891178763
2022_01_BUF_LA,2022,1,LA,BUF,0,0.400188159853625,0.3981983876921163,0.3977496975030322
2022_01_CLE_CAR,2022,1,CAR,CLE,0,0.40944958307286683,0.4247713004656834,0.4271779227770615
2022_01_DEN_SEA,2022,1,SEA,DEN,1,0.47624977570644483,0.47647388180086797,0.4801524321355247
2022_01_GB_MIN,2022,1,MIN,GB,1,0.3823234105878398,0.392230784963001,0.3927961486177886
2022_01_JAX_WAS,2022,1,WAS,JAX,1,0.5583855910943714,0.5586491588097174,0.5593789835976559
2022_01_KC_ARI,2022,1,ARI,KC,0,0.4542587570939992,0.46062739150541776,0.46163719288409566
2022_01_LV_LAC,2022,1,LAC,LV,1,0.606422854535012,0.6015188148888058,0.6004802442755659
2022_01_NE_MIA,2022,1,MIA,NE,1,0.35364976836209094,0.3630544486546055,0.36198114669127446
2022_01_NO_ATL,2022,1,ATL,NO,0,0.3731530261325839,0.3709928187768886,0.3695740716059358
2022_01_NYG_TEN,2022,1,TEN,NYG,0,0.6953409850544071,0.6757834812564723,0.6724402292925111
2022_01_PHI_DET,2022,1,DET,PHI,0,0.35078047419886027,0.3572549381733347,0.3547333189635932
2022_01_PIT_CIN,2022,1,CIN,PIT,0,0.6295016157592501,0.6112277271723466,0.6084311862983576
2022_01_SF_CHI,2022,1,CHI,SF,1,0.33102469006706775,0.3541536357544862,0.35693019260186803
2022_01_TB_DAL,2022,1,DAL,TB,0,0.47742401297374315,0.4829788696411099,0.481817717755091
2022_02_ARI_LV,2022,2,LV,ARI,0,0.4643958190264846,0.4823239835334144,0.46858465713813013
2022_02_ATL_LA,2022,2,LA,ATL,1,0.5960220248270633,0.6647391711740023,0.6932751214571431
2022_02_CAR_NYG,2022,2,NYG,CAR,1,0.4457587761366459,0.4745585754935332,0.47410198883608523
2022_02_CHI_GB,2022,2,GB,CHI,1,0.6474874653582837,0.7120254697839926,0.7287281850749897
2022_02_CIN_DAL,2022,2,DAL,CIN,1,0.5549050831311387,0.5532071783309954,0.5744264517811215
2022_02_HOU_DEN,2022,2,DEN,HOU,1,0.7120016127292407,0.7431348764979568,0.7263535815304382
2022_02_IND_JAX,2022,2,JAX,IND,1,0.38884527641474387,0.36489021181214243,0.38759339140986654
2022_02_LAC_KC,2022,2,KC,LAC,1,0.6238148181220962,0.6254462044119649,0.6556772656021266
2022_02_MIA_BAL,2022,2,BAL,MIA,0,0.5396900659180702,0.559070498547912,0.5673321319369504
2022_02_MIN_PHI,2022,2,PHI,MIN,1,0.5849572926672425,0.5264034696615112,0.5233440801280304
2022_02_NE_PIT,2022,2,PIT,NE,0,0.3777173185721699,0.41754280520581427,0.4095488471349715
2022_02_NYJ_CLE,2022,2,CLE,NYJ,0,0.6977982112000771,0.7131076060998289,0.6840012219430386
2022_02_SEA_SF,2022,2,SF,SEA,1,0.598114004675698,0.5578869714656969,0.5413067558245626
2022_02_TB_NO,2022,2,NO,TB,0,0.3407004026123459,0.30678214670159276,0.2964193056176103
2022_02_TEN_BUF,2022,2,BUF,TEN,1,0.6864647258935004,0.6792784515070296,0.6839145289891458
2022_02_WAS_DET,2022,2,DET,WAS,1,0.4880993808408756,0.5045209443942735,0.5244338492816923
2022_03_ATL_SEA,2022,3,SEA,ATL,0,0.5638221557296743,0.5778797589662977,0.6003279217411481
2022_03_BAL_NE,2022,3,NE,BAL,0,0.5802162347739817,0.5628565803537673,0.5738326204497922
2022_03_BUF_MIA,2022,3,MIA,BUF,1,0.30602803804895895,0.2867495290965489,0.288072264485762
2022_03_CIN_NYJ,2022,3,NYJ,CIN,0,0.36274242372392984,0.340276175437856,0.35115423142109614
2022_03_DAL_NYG,2022,3,NYG,DAL,0,0.3642957390769224,0.5076855120917424,0.5206057865293412
2022_03_DET_MIN,2022,3,MIN,DET,1,0.5632745859427255,0.5632368896350384,0.558811543989187
2022_03_GB_TB,2022,3,TB,GB,0,0.5325990753807838,0.5332939070368077,0.53274039173197
2022_03_HOU_CHI,2022,3,CHI,HOU,1,0.5528082405709693,0.5512231090498332,0.5546255139295797
2022_03_JAX_LAC,2022,3,LAC,JAX,0,0.6017533950552283,0.6182029705400028,0.5727068693319832
2022_03_KC_IND,2022,3,IND,KC,1,0.28961369242683627,0.31628319067223043,0.29635589161419995
2022_03_LA_ARI,2022,3,ARI,LA,0,0.5360780717700682,0.5411629093049185,0.5342884969419859
2022_03_LV_TEN,2022,3,TEN,LV,1,0.5101448720105307,0.5047270009934194,0.49531234326156065
2022_03_NO_CAR,2022,3,CAR,NO,1,0.4925754284219836,0.49965459524745803,0.5240237433332853
2022_03_PHI_WAS,2022,3,WAS,PHI,0,0.30380590717568984,0.33313717565634143,0.3325675596682652
2022_03_PIT_CLE,2022,3,CLE,PIT,1,0.6461970179406723,0.6264970373488691,0.6079038458204532
2022_03_SF_DEN,2022,3,DEN,SF,1,0.47303398457794443,0.48636990671585784,0.44123422963472925
2022_04_ARI_CAR,2022,4,CAR,ARI,0,0.4570117574215282,0.4678080078397031,0.4577557644708326
2022_04_BUF_BAL,2022,4,BAL,BUF,0,0.3230234516239774,0.3089036857506001,0.2836822789491164
2022_04_CHI_NYG,2022,4,NYG,CHI,1,0.4886520847114135,0.5701106678999484,0.5534607730281526
2022_04_CLE_ATL,2022,4,ATL,CLE,1,0.3503609581744686,0.31406019223669945,0.3022981276482686
2022_04_DEN_LV,2022,4,LV,DEN,1,0.43245211200741596,0.44882952126810893,0.45695943078156115
2022_04_JAX_PHI,2022,4,PHI,JAX,1,0.6150994074954941,0.6190930858237574,0.5937956852153816
2022_04_KC_TB,2022,4,TB,KC,0,0.4384586611638914,0.46190450661986227,0.46979287380721385
2022_04_LAC_HOU,2022,4,HOU,LAC,0,0.3613203694343511,0.32851450440888724,0.34334548676381826
2022_04_LA_SF,2022,4,SF,LA,1,0.5384248586380593,0.5371128291006111,0.527147442780122
2022_04_MIA_CIN,2022,4,CIN,MIA,1,0.4963103553336359,0.5233432775397315,0.5121100974912365
2022_04_MIN_NO,2022,4,NO,MIN,0,0.526306979226312,0.5268241557952767,0.48951995938315424
2022_04_NE_GB,2022,4,GB,NE,1,0.5660614518064231,0.6132136268859534,0.6427131099971051
2022_04_NYJ_PIT,2022,4,PIT,NYJ,0,0.6119808639972445,0.6451340979305106,0.6268609406768881
2022_04_SEA_DET,2022,4,DET,SEA,0,0.4831760311463025,0.5512862443388152,0.5209827374205506
2022_04_TEN_IND,2022,4,IND,TEN,0,0.46843627122898507,0.49173522107161477,0.48434235815665194
2022_04_WAS_DAL,2022,4,DAL,WAS,1,0.6467757116370412,0.5401552669889459,0.5376927517773348
2022_05_ATL_TB,2022,5,TB,ATL,1,0.6659251835770742,0.7259299367435309,0.7741319172676443
2022_05_CHI_MIN,2022,5,MIN,CHI,1,0.607971113463459,0.668198233570843,0.6629191468039041
2022_05_CIN_BAL,2022,5,BAL,CIN,1,0.5159940348163451,0.5243304760842923,0.5223987648208863
2022_05_DAL_LA,2022,5,LA,DAL,0,0.4682220777265597,0.5626324390422118,0.5773947387787204
2022_05_DET_NE,2022,5,NE,DET,1,0.6636204234144168,0.47237407408763327,0.5059171151366469
2022_05_HOU_JAX,2022,5,JAX,HOU,0,0.6990983302338656,0.6966348350861418,0.7243334848326415
2022_05_IND_DEN,2022,5,DEN,IND,0,0.5698035658750078,0.5472340244739257,0.5439384953229385
2022_05_LAC_CLE,2022,5,CLE,LAC,0,0.5504553463394342,0.542397394047671,0.5644830199038343
2022_05_LV_KC,2022,5,KC,LV,1,0.7090960839677819,0.6848323152596054,0.6965955760083596
2022_05_MIA_NYJ,2022,5,NYJ,MIA,1,0.33827177698818744,0.3110136085941902,0.3194011411257673
2022_05_NYG_GB,2022,5,GB,NYG,0,0.7060855666393293,0.6972032812931395,0.6934184446847322
2022_05_PHI_ARI,2022,5,ARI,PHI,0,0.3674653991352219,0.3843870173223217,0.4175876888899339
2022_05_PIT_BUF,2022,5,BUF,PIT,1,0.7818373012848031,0.7671554002726714,0.7624827495411294
2022_05_SEA_NO,2022,5,NO,SEA,1,0.5364315336728194,0.6059443473385161,0.5866573748401237
2022_05_SF_CAR,2022,5,CAR,SF,0,0.33089455432729936,0.3541933098346874,0.3546552319935335
2022_05_TEN_WAS,2022,5,WAS,TEN,0,0.4070534029166956,0.43015891015407237,0.4079687930300538
2022_06_ARI_SEA,2022,6,SEA,ARI,1,0.5022106492283311,0.43873139488801255,0.40577757055000696
2022_06_BAL_NYG,2022,6,NYG,BAL,1,0.4065045567192292,0.4319046582704303,0.4313040781273523
2022_06_BUF_KC,2022,6,KC,BUF,0,0.4492207451286214,0.4436701307882258,0.4453881080982696
2022_06_CAR_LA,2022,6,LA,CAR,1,0.6050525214289956,0.6076641412175172,0.5946974280600504
2022_06_CIN_NO,2022,6,NO,CIN,0,0.5429866843632934,0.5610899661671741,0.5549103525250323
2022_06_DAL_PHI,2022,6,PHI,DAL,1,0.6489095324402466,0.697909297487037,0.7131549939731187
2022_06_DEN_LAC,2022,6,LAC,DEN,1,0.5909169025345348,0.581251240280604,0.5784933969237863
2022_06_JAX_IND,2022,6,IND,JAX,1,0.4057769821401497,0.48102444619748963,0.46529096035800904
2022_06_MIN_MIA,2022,6,MIA,MIN,0,0.49428781903216223,0.3322151623584805,0.33379776801705174
2022_06_NE_CLE,2022,6,CLE,NE,0,0.4666619116807043,0.5934464668363549,0.5804251016327515
2022_06_NYJ_GB,2022,6,GB,NYJ,0,0.6910226506839007,0.7482239191473185,0.7680626766244301
2022_06_SF_ATL,2022,6,ATL,SF,1,0.31344986624628435,0.2797641147000375,0.24189683239207743
2022_06_TB_PIT,2022,6,PIT,TB,1,0.31508202429548654,0.21474938429131007,0.2088076301338516
2022_06_WAS_CHI,2022,6,CHI,WAS,0,0.46446156228676566,0.3956627079364226,0.4145345637128429
2022_07_ATL_CIN,2022,7,CIN,ATL,1,0.6203437997539756,0.6331019881683984,0.6312323192959116
2022_07_CHI_NE,2022,7,NE,CHI,0,0.7543288927004255,0.6972554449871335,0.7186671798736859
2022_07_CLE_BAL,2022,7,BAL,CLE,1,0.5529181668188156,0.5584476757393095,0.5646797119334812
2022_07_DET_DAL,2022,7,DAL,DET,1,0.6725870584466203,0.5783183960523572,0.5668197558110043
2022_07_GB_WAS,2022,7,WAS,GB,1,0.3635716372486468,0.3747303562165601,0.3704027190812506
2022_07_HOU_LV,2022,7,LV,HOU,1,0.640286402866655,0.6721984400275277,0.6569291372485746
2022_07_IND_TEN,2022,7,TEN,IND,1,0.5807602947922899,0.5638623905167129,0.5702518917214404
2022_07_KC_SF,2022,7,SF,KC,0,0.44764460696185454,0.444256459817948,0.4433838253118362
2022_07_NO_ARI,2022,7,ARI,NO,1,0.4482458297088828,0.4618999768303625,0.4987826144948804
2022_07_NYG_JAX,2022,7,JAX,NYG,0,0.5850352855867796,0.527315184345395,0.5481690987565548
2022_07_NYJ_DEN,2022,7,DEN,NYJ,0,0.5412466700512399,0.6026079109903103,0.6039718467114139
2022_07_PIT_MIA,2022,7,MIA,PIT,1,0.5979125010375859,0.6831992198659101,0.6677444892232491
2022_07_SEA_LAC,2022,7,LAC,SEA,0,0.5325123505687983,0.5993839037564277,0.6158714749476789
2022_07_TB_CAR,2022,7,CAR,TB,1,0.2598247774272382,0.1901245054600521,0.2136202330328664
2022_08_ARI_MIN,2022,8,MIN,ARI,1,0.5226384052670312,0.5289551430221411,0.5505720849378335
2022_08_BAL_TB,2022,8,TB,BAL,0,0.5453673586161274,0.5707750848969803,0.5945517560775143
2022_08_CAR_ATL,2022,8,ATL,CAR,1,0.5668443785547361,0.527906966122833,0.5240857667830249
2022_08_CHI_DAL,2022,8,DAL,CHI,1,0.6449113990667877,0.6978976986646943,0.6951011336363554
2022_08_CIN_CLE,2022,8,CLE,CIN,1,0.4320594216093985,0.42901378523939593,0.4157926947145199
2022_08_DEN_JAX,2022,8,JAX,DEN,0,0.5817786756468073,0.6454842311447434,0.66610318710876
2022_08_GB_BUF,2022,8,BUF,GB,1,0.7018762531325706,0.686990084877513,0.6830303176228506
2022_08_LV_NO,2022,8,NO,LV,1,0.5483615460072121,0.5271556766166442,0.5332490597810231
2022_08_MIA_DET,2022,8,DET,MIA,0,0.3786018534806517,0.4374252915269707,0.42987584163596043
2022_08_NE_NYJ,2022,8,NYJ,NE,0,0.35733217594873345,0.42197748517936867,0.4027343568577874
2022_08_NYG_SEA,2022,8,SEA,NYG,1,0.5729313188755962,0.49409300031044207,0.48762187053836037
2022_08_PIT_PHI,2022,8,PHI,PIT,1,0.7616141783706618,0.7995131682856077,0.8081865894097223
2022_08_SF_LA,2022,8,LA,SF,0,0.43264808553758816,0.4639508252253449,0.4579928418603133
2022_08_TEN_HOU,2022,8,HOU,TEN,0,0.3673913096090129,0.3425231861931092,0.3625689245698555
2022_08_WAS_IND,2022,8,IND,WAS,0,0.5353337841619735,0.5882303893905847,0.5918786872105032
2022_09_BAL_NO,2022,9,NO,BAL,0,0.5590617950227458,0.5636842978097983,0.5758592962635285
2022_09_BUF_NYJ,2022,9,NYJ,BUF,1,0.2309198570167248,0.2085200954738038,0.2029511922624697
2022_09_CAR_CIN,2022,9,CIN,CAR,1,0.685396805079832,0.7554701463479917,0.7602113377074737
2022_09_GB_DET,2022,9,DET,GB,1,0.3351568947106026,0.3450762704482286,0.34998498828454755
2022_09_IND_NE,2022,9,NE,IND,1,0.6576026874795784,0.7573729312677401,0.7527172754005932
2022_09_LAC_ATL,2022,9,ATL,LAC,0,0.4521214322788262,0.3747997278241375,0.35015024068174155
2022_09_LA_TB,2022,9,TB,LA,1,0.6214664308922814,0.6188957610596714,0.6147466532778811
2022_09_LV_JAX,2022,9,JAX,LV,1,0.5655860356982169,0.5248470123606274,0.5597311404777191
2022_09_MIA_CHI,2022,9,CHI,MIA,0,0.3927830029904423,0.38840809144314253,0.37121749977623736
2022_09_MIN_WAS,2022,9,WAS,MIN,0,0.3950570235865813,0.35958209303312094,0.3427343326528379
2022_09_PHI_HOU,2022,9,HOU,PHI,0,0.18792591102627018,0.19389170268442082,0.20192579071655506
2022_09_SEA_ARI,2022,9,ARI,SEA,0,0.47488211793837765,0.5466659160408135,0.5464064870069778
2022_09_TEN_KC,2022,9,KC,TEN,1,0.6732671784863032,0.6580831101393357,0.6561083781939115
2022_10_ARI_LA,2022,10,LA,ARI,0,0.46110486828374664,0.4495534195436024,0.4449729898358285
2022_10_ATL_CAR,2022,10,CAR,ATL,1,0.43503575545392137,0.5148158798585172,0.5476404178082674
2022_10_CLE_MIA,2022,10,MIA,CLE,1,0.45957249931262817,0.43245950348549234,0.4439383717588851
2022_10_DAL_GB,2022,10,GB,DAL,1,0.4527216742176069,0.4606622421011268,0.48074386727043594
2022_10_DEN_TEN,2022,10,TEN,DEN,1,0.5419012401420202,0.34178330998855083,0.27840333997554867
2022_10_DET_CHI,2022,10,CHI,DET,0,0.5143056578989641,0.4698790753062008,0.45358139656125684
2022_10_HOU_NYG,2022,10,NYG,HOU,1,0.653759135759451,0.6806745941197648,0.6468386472038924
2022_10_IND_LV,2022,10,LV,IND,0,0.5597332344210021,0.6971000750063959,0.6851589749533598
2022_10_JAX_KC,2022,10,KC,JAX,1,0.640183133824067,0.6545884020164991,0.6491030455572894
2022_10_LAC_SF,2022,10,SF,LAC,1,0.6058894761567635,0.5893696913967227,0.6039384648263616
2022_10_MIN_BUF,2022,10,BUF,MIN,0,0.7018205901630735,0.6838979584536012,0.6726884054509834
2022_10_NO_PIT,2022,10,PIT,NO,1,0.3267038755553587,0.2737260479678838,0.2748827769859656
2022_10_SEA_TB,2022,10,TB,SEA,1,0.4988160513852215,0.5531462608175968,0.548246025879511
2022_10_WAS_PHI,2022,10,PHI,WAS,0,0.7778987837382443,0.7767800484739109,0.7811686485913992
2022_11_CAR_BAL,2022,11,BAL,CAR,1,0.6840752812542171,0.7417131506012842,0.7386370146587617
2022_11_CHI_ATL,2022,11,ATL,CHI,1,0.5431067287769638,0.5220044186768663,0.498573740407775
2022_11_CIN_PIT,2022,11,PIT,CIN,0,0.3052694819804077,0.2516926550048946,0.24348786846369613
2022_11_CLE_BUF,2022,11,BUF,CLE,1,0.6831743758861004,0.6709742645867062,0.645695907897581
2022_11_DAL_MIN,2022,11,MIN,DAL,0,0.45358639724349087,0.450604718345198,0.4411098446967648
2022_11_DET_NYG,2022,11,NYG,DET,0,0.5836023608071794,0.5835127392809432,0.5327114016249629
2022_11_KC_LAC,2022,11,LAC,KC,0,0.3037611678235999,0.3223973418326785,0.3187059014999604
2022_11_LA_NO,2022,11,NO,LA,1,0.6403184830709702,0.7417761299377473,0.7605024522295372
2022_11_LV_DEN,2022,11,DEN,LV,0,0.5416052080813557,0.5547765627708972,0.5605184694701622
2022_11_NYJ_NE,2022,11,NE,NYJ,1,0.6196405924498551,0.635523127358799,0.6471442180306515
2022_11_PHI_IND,2022,11,IND,PHI,0,0.2578391825556982,0.3011795615917477,0.32624624126056023
2022_11_SF_ARI,2022,11,ARI,SF,0,0.3754955228729743,0.3265230108320306,0.3331032563178322
2022_11_TEN_GB,2022,11,GB,TEN,0,0.5558475278043474,0.58073722089353,0.5819523727403717
2022_11_WAS_HOU,2022,11,HOU,WAS,0,0.38925660808567375,0.3885645546863324,0.395433326181347
2022_12_ATL_WAS,2022,12,WAS,ATL,1,0.5451144395993476,0.587233406277572,0.591069184818735
2022_12_BAL_JAX,2022,12,JAX,BAL,1,0.4606048150427882,0.4450065255822043,0.45562338921514023
2022_12_BUF_DET,2022,12,DET,BUF,0,0.25405319817374866,0.2523565046158885,0.2885663866760891
2022_12_CHI_NYJ,2022,12,NYJ,CHI,1,0.5411989497311531,0.5522926882490307,0.538142008751793
2022_12_CIN_TEN,2022,12,TEN,CIN,0,0.4185949043278923,0.43031096899373816,0.40498326028140097
2022_12_DEN_CAR,2022,12,CAR,DEN,1,0.41342440868992775,0.42064373074559364,0.43443248755895675
2022_12_GB_PHI,2022,12,PHI,GB,1,0.6683593789592656,0.6458038585663461,0.6681588639689457
2022_12_HOU_MIA,2022,12,MIA,HOU,1,0.7419592929794008,0.7442899333285283,0.7516723727225383
2022_12_LAC_ARI,2022,12,ARI,LAC,0,0.4819343610833386,0.41859592806083623,0.4454722205713333
2022_12_LA_KC,2022,12,KC,LA,1,0.7602786357676046,0.7546847530473568,0.753014044293221
2022_12_LV_SEA,2022,12,SEA,LV,0,0.606115413884987,0.5541192598361273,0.5888442537883603
2022_12_NE_MIN,2022,12,MIN,NE,1,0.3988424449296795,0.4266849677980976,0.3682597151828894
2022_12_NO_SF,2022,12,SF,NO,1,0.6071428177330218,0.589374676589893,0.6024426815771887
2022_12_NYG_DAL,2022,12,DAL,NYG,1,0.6547586280840305,0.6753501176706657,0.6887394050720096
2022_12_PIT_IND,2022,12,IND,PIT,0,0.5343070294795376,0.6306077390638063,0.6714769712767525
2022_12_TB_CLE,2022,12,CLE,TB,1,0.4832809042343547,0.49010642440844937,0.4604967597337315
2022_13_BUF_NE,2022,13,NE,BUF,0,0.3897220322381974,0.37702135847589924,0.39658652368673736
2022_13_CLE_HOU,2022,13,HOU,CLE,0,0.28698968618017545,0.28316069849841335,0.3114382349114757
2022_13_DEN_BAL,2022,13,BAL,DEN,1,0.6407500654819747,0.6113637072810476,0.6215297013033025
2022_13_GB_CHI,2022,13,CHI,GB,0,0.362316308685433,0.28945669456305956,0.30126468269968865
2022_13_IND_DAL,2022,13,DAL,IND,1,0.7089335172314171,0.7000515028301595,0.6810612015461694
2022_13_JAX_DET,2022,13,DET,JAX,1,0.415948158641834,0.43187141173176913,0.42707494899369464
2022_13_KC_CIN,2022,13,CIN,KC,1,0.43525335099660595,0.4474270730517125,0.43736925322228654
2022_13_LAC_LV,2022,13,LV,LAC,1,0.4772462330098995,0.47221991719298617,0.45229169816117837
2022_13_MIA_SF,2022,13,SF,MIA,1,0.6009820883743181,0.6131703804859652,0.614756009355856
2022_13_NO_TB,2022,13,TB,NO,1,0.5269227894694762,0.5387031223234962,0.5385789315864563
2022_13_NYJ_MIN,2022,13,MIN,NYJ,1,0.529078813453533,0.6194857712017104,0.5828097482093552
2022_13_PIT_ATL,2022,13,ATL,PIT,0,0.5043505638716428,0.5018296108981489,0.5177316667888766
2022_13_SEA_LA,2022,13,LA,SEA,0,0.3789069527785819,0.25876050091574804,0.24771553807772248
2022_13_TEN_PHI,2022,13,PHI,TEN,1,0.659041877916439,0.6531598758355242,0.6523597065248821
2022_14_BAL_PIT,2022,14,PIT,BAL,0,0.39424379712862423,0.4183746476000576,0.39902642335416977
2022_14_CAR_SEA,2022,14,SEA,CAR,0,0.652029149571292,0.591183841717534,0.5761251202234082
2022_14_CLE_CIN,2022,14,CIN,CLE,1,0.6089902744571304,0.6028407749595368,0.6042963619922321
2022_14_HOU_DAL,2022,14,DAL,HOU,1,0.8176259086624859,0.8441504637071423,0.840155167741469
2022_14_JAX_TEN,2022,14,TEN,JAX,0,0.5109404368601257,0.5464894252070827,0.5271990492667675
2022_14_KC_DEN,2022,14,DEN,KC,0,0.2745874119815837,0.3194177670849116,0.3270484862511797
2022_14_LV_LA,2022,14,LA,LV,1,0.4433671869012008,0.33414337386288534,0.3288423658750123
2022_14_MIA_LAC,2022,14,LAC,MIA,1,0.46012456184965206,0.5061776393529481,0.5073847928689654
2022_14_MIN_DET,2022,14,DET,MIN,1,0.48491657987252473,0.4823347764052866,0.5024231154109273
2022_14_NE_ARI,2022,14,ARI,NE,0,0.412294513679993,0.442634044466923,0.44348635539494685
2022_14_NYJ_BUF,2022,14,BUF,NYJ,1,0.7341308899954953,0.7911454004646707,0.7933743363271872
2022_14_PHI_NYG,2022,14,NYG,PHI,0,0.27020491528456614,0.2961701146920407,0.3081365324730473
2022_14_TB_SF,2022,14,SF,TB,1,0.6047913358651367,0.43447941647492505,0.45920729937470156
2022_15_ARI_DEN,2022,15,DEN,ARI,1,0.49626549486604593,0.5828465890286967,0.5533681579993535
2022_15_ATL_NO,2022,15,NO,ATL,1,0.6040751503969474,0.6671551250706296,0.6931621266693969
2022_15_BAL_CLE,2022,15,CLE,BAL,1,0.46594372775124693,0.485557055325926,0.48470667530125605
2022_15_CIN_TB,2022,15,TB,CIN,0,0.4168825637701556,0.44770691555163494,0.452227724460229
2022_15_DAL_JAX,2022,15,JAX,DAL,1,0.3676933767403389,0.35599816713248866,0.3736072430200457
2022_15_DET_NYJ,2022,15,NYJ,DET,0,0.491045369430485,0.4224031692519055,0.40472171765306225
2022_15_IND_MIN,2022,15,MIN,IND,1,0.5790520201696218,0.5836912695756657,0.5718903971021944
2022_15_KC_HOU,2022,15,HOU,KC,0,0.1615275547984728,0.16939768104191588,0.1687365653192877
2022_15_LA_GB,2022,15,GB,LA,1,0.6530574597899168,0.6531611556329563,0.6501021538508974
2022_15_MIA_BUF,2022,15,BUF,MIA,1,0.6636916603994498,0.7038125251497582,0.7068876405071658
2022_15_NE_LV,2022,15,LV,NE,1,0.41851448477353753,0.4511861354497906,0.415356867949987
2022_15_NYG_WAS,2022,15,WAS,NYG,0,0.5536093178216155,0.5159990167476569,0.4960492073801003
2022_15_PHI_CHI,2022,15,CHI,PHI,0,0.21778584206058094,0.2144230069153291,0.20242587195805195
2022_15_PIT_CAR,2022,15,CAR,PIT,0,0.47312766174612925,0.4932977862098955,0.5228340469657031
2022_15_SF_SEA,2022,15,SEA,SF,0,0.3764595955192415,0.46638850944546856,0.43372261253080885
2022_15_TEN_LAC,2022,15,LAC,TEN,1,0.5216511571177731,0.5328110053105359,0.5475773103148984
2022_16_ATL_BAL,2022,16,BAL,ATL,1,0.6340707885904004,0.7277491234200594,0.766812857397814
2022_16_BUF_CHI,2022,16,CHI,BUF,0,0.24209315778823787,0.22994640705443398,0.23664889963267982
2022_16_CIN_NE,2022,16,NE,CIN,0,0.4509334217067027,0.429910070253958,0.4296075018185993
2022_16_DEN_LA,2022,16,LA,DEN,1,0.45024189908750784,0.5363197362950494,0.5380167089676967
2022_16_DET_CAR,2022,16,CAR,DET,1,0.4528203292677249,0.47033644225458116,0.45046930514438555
2022_16_GB_MIA,2022,16,MIA,GB,0,0.48014102387980484,0.42943478347482966,0.39387980470768874
2022_16_HOU_TEN,2022,16,TEN,HOU,0,0.7101471264582082,0.7293890676934077,0.7131256455114157
2022_16_JAX_NYJ,2022,16,NYJ,JAX,0,0.44183566620908826,0.4303944557546189,0.4106793563016415
2022_16_LAC_IND,2022,16,IND,LAC,0,0.40936511373294393,0.4191764988669677,0.4072751408323489
2022_16_LV_PIT,2022,16,PIT,LV,1,0.5004663828694101,0.5075314152193868,0.5271215238973145
2022_16_NO_CLE,2022,16,CLE,NO,0,0.5115271310795144,0.5041260813949996,0.5127240983798962
2022_16_NYG_MIN,2022,16,MIN,NYG,1,0.5273419417645996,0.5252495669336655,0.501393396443035
2022_16_PHI_DAL,2022,16,DAL,PHI,1,0.44402061882945215,0.4508260555161819,0.451067508104823
2022_16_SEA_KC,2022,16,KC,SEA,1,0.7104362008023142,0.7407640963541126,0.7504836585488698
2022_16_TB_ARI,2022,16,ARI,TB,0,0.41670807073417077,0.34037469969195844,0.37512145451306333
2022_16_WAS_SF,2022,16,SF,WAS,1,0.6876213032365771,0.5829194453940428,0.6144045408299927
2022_17_ARI_ATL,2022,17,ATL,ARI,1,0.4965651441386825,0.5098752681268336,0.510275467594884
2022_17_CAR_TB,2022,17,TB,CAR,1,0.6020414083866935,0.5982928238612629,0.6168121642023341
2022_17_CHI_DET,2022,17,DET,CHI,1,0.5896004600058491,0.6104375644322744,0.6026173610670318
2022_17_CLE_WAS,2022,17,WAS,CLE,0,0.45945336665800374,0.45899798213137266,0.44918578629524897
2022_17_DAL_TEN,2022,17,TEN,DAL,0,0.35131223214332835,0.2281683278600452,0.20701544349100026
2022_17_DEN_KC,2022,17,KC,DEN,1,0.7662912596274173,0.7420142098555766,0.753375063062591
2022_17_IND_NYG,2022,17,NYG,IND,1,0.5799032749884973,0.6346929572527024,0.6463628293775341
2022_17_JAX_HOU,2022,17,HOU,JAX,0,0.28682811274982317,0.3043446201275322,0.29739281200146134
2022_17_LA_LAC,2022,17,LAC,LA,1,0.6007231607696112,0.6250571085304677,0.6246547859383228
2022_17_MIA_NE,2022,17,NE,MIA,1,0.5331018783679252,0.5410372475465505,0.5815963473588519
2022_17_MIN_GB,2022,17,GB,MIN,1,0.5952200040112408,0.5853181396284931,0.5833496678810196
2022_17_NO_PHI,2022,17,PHI,NO,0,0.6643041341975285,0.6503193165800241,0.6569644822421632
2022_17_NYJ_SEA,2022,17,SEA,NYJ,1,0.5705153740685711,0.5696242141032051,0.6027096150538062
2022_17_PIT_BAL,2022,17,BAL,PIT,0,0.5825629573945067,0.5816135832961811,0.5886389265584342
2022_17_SF_LV,2022,17,LV,SF,0,0.32819634020345406,0.44919407784130294,0.40452424872657544
2022_18_ARI_SF,2022,18,SF,ARI,1,0.7259579524549519,0.7040354989623764,0.7260225278317123
2022_18_BAL_CIN,2022,18,CIN,BAL,1,0.5925394048631059,0.6559969274045977,0.6656713701655478
2022_18_CAR_NO,2022,18,NO,CAR,0,0.6120001441079211,0.6017303400375144,0.6119823831219632
2022_18_CLE_PIT,2022,18,PIT,CLE,1,0.4734235660810078,0.424347781444501,0.44079461645690404
2022_18_DAL_WAS,2022,18,WAS,DAL,1,0.3333743946777214,0.32541706232757234,0.33848049316808326
2022_18_DET_GB,2022,18,GB,DET,0,0.5984177788113073,0.6174577922048479,0.6133340047604673
2022_18_HOU_IND,2022,18,IND,HOU,0,0.6172260903696272,0.598792123568047,0.597752334989495
2022_18_KC_LV,2022,18,LV,KC,0,0.27868792195914577,0.20051626666884043,0.17208545200778522
2022_18_LAC_DEN,2022,18,DEN,LAC,1,0.38600112228632555,0.37893045214908155,0.3758396444842156
2022_18_LA_SEA,2022,18,SEA,LA,1,0.5788890957679611,0.5428549183481842,0.5295884083272548
2022_18_MIN_CHI,2022,18,CHI,MIN,0,0.3999454717153669,0.3597812527787821,0.3734685599815871
2022_18_NE_BUF,2022,18,BUF,NE,1,0.6763460922552552,0.6947569952166557,0.6918921057316413
2022_18_NYG_PHI,2022,18,PHI,NYG,1,0.6950727439118491,0.6546011797572356,0.6283681025281449
2022_18_NYJ_MIA,2022,18,MIA,NYJ,1,0.6232469941899363,0.5313298364196506,0.5625683499243034
2022_18_TB_ATL,2022,18,ATL,TB,1,0.3858858596127714,0.2714027199951227,0.26999841351882176
2022_18_TEN_JAX,2022,18,JAX,TEN,1,0.5832455155961075,0.7168219463913562,0.7367499145449076
2023_01_ARI_WAS,2023,1,WAS,ARI,1,0.6010760037117057,0.5819479958486148,0.5802052803435074
2023_01_BUF_NYJ,2023,1,NYJ,BUF,1,0.3081815459164846,0.30934434573224634,0.3105321497204368
2023_01_CAR_ATL,2023,1,ATL,CAR,1,0.5469363284442256,0.5243350032885143,0.5231206469586978
2023_01_CIN_CLE,2023,1,CLE,CIN,1,0.42326309517490257,0.41852688264732174,0.4209529242995528
2023_01_DAL_NYG,2023,1,NYG,DAL,0,0.48212075756205636,0.46950131085097196,0.4698661545972353
2023_01_DET_KC,2023,1,KC,DET,0,0.6880929189654241,0.6666571596408902,0.6665848524329375
2023_01_GB_CHI,2023,1,CHI,GB,0,0.37508553461606003,0.3688460400745845,0.3722833964463034
2023_01_HOU_BAL,2023,1,BAL,HOU,1,0.7226758779557149,0.6999896905904255,0.700667646867122
2023_01_JAX_IND,2023,1,IND,JAX,0,0.32083982339435935,0.32268562788027244,0.3243662221340442
2023_01_LA_SEA,2023,1,SEA,LA,0,0.6268639457366847,0.6043686343831179,0.6028881491183008
2023_01_LV_DEN,2023,1,DEN,LV,0,0.4634414517833837,0.45793830016456766,0.45924439443984616
2023_01_MIA_LAC,2023,1,LAC,MIA,0,0.4968051743276927,0.4846949049556632,0.4828905302290812
2023_01_PHI_NE,2023,1,NE,PHI,0,0.3606903975437287,0.35191600512799714,0.35240135956877
2023_01_SF_PIT,2023,1,PIT,SF,0,0.40037339478798806,0.3945500418249331,0.3969490362215933
2023_01_TB_MIN,2023,1,MIN,TB,0,0.5297254669483261,0.5120020684452549,0.5121798958622688
2023_01_TEN_NO,2023,1,NO,TEN,1,0.6143728451205644,0.5934302034485675,0.5893464222241506
2023_02_BAL_CIN,2023,2,CIN,BAL,0,0.44039604056885656,0.4467308609680771,0.43197070826000405
2023_02_CHI_TB,2023,2,TB,CHI,1,0.6398474528910775,0.6608641062786086,0.6258029732823401
2023_02_CLE_PIT,2023,2,PIT,CLE,1,0.40896571259984904,0.3986049375272838,0.37951126029266674
2023_02_GB_ATL,2023,2,ATL,GB,1,0.4433508470188306,0.4935503994034163,0.5099005859672727
2023_02_IND_HOU,2023,2,HOU,IND,0,0.4994004962178556,0.5179081032744287,0.5063569398424943
2023_02_KC_JAX,2023,2,JAX,KC,0,0.47811959295250195,0.49691245588981475,0.498265436951075
2023_02_LAC_TEN,2023,2,TEN,LAC,1,0.3684232111174745,0.36771192917729517,0.3401415823299042
2023_02_LV_BUF,2023,2,BUF,LV,1,0.6673646720034049,0.6746437624647937,0.6410196727915531
2023_02_MIA_NE,2023,2,NE,MIA,0,0.4143356102536565,0.4237402265673787,0.46323799153246026
2023_02_MIN_PHI,2023,2,PHI,MIN,1,0.6483886851399506,0.6346804783165095,0.6032148270720169
2023_02_NO_CAR,2023,2,CAR,NO,0,0.41189625591844503,0.32636044287048227,0.3867131138229084
2023_02_NYG_ARI,2023,2,ARI,NYG,0,0.46306018572260516,0.3909021427810898,0.37061419080793007
2023_02_NYJ_DAL,2023,2,DAL,NYJ,1,0.7232802599232369,0.7119165763001756,0.7290239951491365
2023_02_SEA_DET,2023,2,DET,SEA,0,0.6280778448766243,0.6547312670112537,0.6737996860365889
2023_02_SF_LA,2023,2,LA,SF,0,0.3593061565633712,0.4135858109569013,0.3864939840549228
2023_02_WAS_DEN,2023,2,DEN,WAS,0,0.4825304060750489,0.5802145204358248,0.6098472315005734
2023_03_ATL_DET,2023,3,DET,ATL,1,0.5041432796006519,0.5860935713037433,0.5893861355860373
2023_03_BUF_WAS,2023,3,WAS,BUF,0,0.3055810216539834,0.238572777854007,0.25567302604156594
2023_03_CAR_SEA,2023,3,SEA,CAR,1,0.6359955873402617,0.6870895291913695,0.6754221576914895
2023_03_CHI_KC,2023,3,KC,CHI,1,0.8043359218202131,0.8277350090974283,0.8119524831409191
2023_03_DAL_ARI,2023,3,ARI,DAL,1,0.2422583861269861,0.22521986469351493,0.2322091111591021
2023_03_DEN_MIA,2023,3,MIA,DEN,1,0.6895956152073709,0.6607261567140054,0.6350031103742799
2023_03_HOU_JAX,2023,3,JAX,HOU,0,0.7457385654340856,0.7892494112216231,0.7847897776848296
2023_03_IND_BAL,2023,3,BAL,IND,0,0.7475741562301236,0.7428018820845543,0.7489711294146567
2023_03_LAC_MIN,2023,3,MIN,LAC,0,0.41758188667006446,0.42971528363595585,0.4448265321815877
2023_03_LA_CIN,2023,3,CIN,LA,1,0.5037711614261879,0.5070939957333981,0.502524755950762
2023_03_NE_NYJ,2023,3,NYJ,NE,0,0.3935337778164368,0.3815738355763138,0.3826447083689303
2023_03_NO_GB,2023,3,GB,NO,1,0.5154123059113636,0.4151982741731539,0.4160024724368217
2023_03_NYG_SF,2023,3,SF,NYG,1,0.7226895237055231,0.657927690619544,0.6492167407682533
2023_03_PHI_TB,2023,3,TB,PHI,0,0.4282675781294485,0.4299857662718085,0.44745817876106636
2023_03_PIT_LV,2023,3,LV,PIT,0,0.5725299280579728,0.6144907363487077,0.6275906999542183
2023_03_TEN_CLE,2023,3,CLE,TEN,1,0.6602606344786589,0.6438514725400918,0.6441515043223642
2023_04_ARI_SF,2023,4,SF,ARI,1,0.7696342103611309,0.7540293332019056,0.7551068760935439
2023_04_ATL_JAX,2023,4,JAX,ATL,1,0.5454684883326026,0.6083693831522216,0.5964837963261551
2023_04_BAL_CLE,2023,4,CLE,BAL,0,0.5213838254401492,0.5164420405184232,0.487528184286127
2023_04_CIN_TEN,2023,4,TEN,CIN,1,0.4149134324270336,0.4304865709936262,0.41930119183931125
2023_04_DEN_CHI,2023,4,CHI,DEN,0,0.4743014641102954,0.43671963541790726,0.446487472448342
2023_04_DET_GB,2023,4,GB,DET,0,0.517015093237129,0.41833592231865413,0.367163745359201
2023_04_KC_NYJ,2023,4,NYJ,KC,0,0.15482309388527088,0.1604777267491246,0.15934666444420797
2023_04_LA_IND,2023,4,IND,LA,0,0.39600278182291104,0.3996740859233122,0.3998615363454519
2023_04_LV_LAC,2023,4,LAC,LV,1,0.6969842721790253,0.7118637982133349,0.7243014885755283
2023_04_MIA_BUF,2023,4,BUF,MIA,1,0.5271347531944123,0.5685612065987561,0.5764932250600182
2023_04_MIN_CAR,2023,4,CAR,MIN,0,0.4435061545011428,0.43672873116017624,0.43966713086059983
2023_04_NE_DAL,2023,4,DAL,NE,1,0.6828298678474403,0.6890470447430784,0.714254383568565
2023_04_PIT_HOU,2023,4,HOU,PIT,1,0.46571624825862395,0.4334305985469405,0.43595661930360585
2023_04_SEA_NYG,2023,4,NYG,SEA,0,0.3628255728998686,0.3919043723619654,0.3846904181969847
2023_04_TB_NO,2023,4,NO,TB,0,0.5907922566142981,0.6028732681814444,0.5888218741683909
2023_04_WAS_PHI,2023,4,PHI,WAS,1,0.7495663484508137,0.7860121646141012,0.7729347438663441
2023_05_BAL_PIT,2023,5,PIT,BAL,1,0.2461450293462362,0.22227638916194645,0.21655401067824664
2023_05_CAR_DET,2023,5,DET,CAR,1,0.7319743585969799,0.7936728720207543,0.7679304588708945
2023_05_CHI_WAS,2023,5,WAS,CHI,0,0.6560347411568717,0.6211297038857095,0.6344170388152163
2023_05_CIN_ARI,2023,5,ARI,CIN,0,0.5291714150532422,0.48660320312167316,0.4805899244994408
2023_05_DAL_SF,2023,5,SF,DAL,1,0.5971581694215183,0.5306411124207369,0.5109504115949138
2023_05_GB_LV,2023,5,LV,GB,1,0.45335927186967956,0.4104007643070592,0.4624904710311144
2023_05_HOU_ATL,2023,5,ATL,HOU,1,0.5577383357933312,0.5581635277234254,0.5609692371488693
2023_05_JAX_BUF,2023,5,BUF,JAX,0,0.7967290061910396,0.8138035774506909,0.8041755663400103
2023_05_KC_MIN,2023,5,MIN,KC,0,0.30631727023077987,0.32230091075997375,0.3176440623332817
2023_05_NO_NE,2023,5,NE,NO,0,0.4578102315136761,0.4616201077202552,0.4393717027074911
2023_05_NYG_MIA,2023,5,MIA,NYG,1,0.8189143753725355,0.7897810380077401,0.78099437654152
2023_05_NYJ_DEN,2023,5,DEN,NYJ,0,0.6117621533891476,0.6200314988346914,0.6256548033382737
2023_05_PHI_LA,2023,5,LA,PHI,0,0.3906773586148653,0.3864111727863684,0.40362782407666403
2023_05_TEN_IND,2023,5,IND,TEN,1,0.49491154496103734,0.3863761538008103,0.38867441616235177
2023_06_ARI_LA,2023,6,LA,ARI,1,0.6446242781309395,0.6962330753173929,0.6845507479119786
2023_06_BAL_TEN,2023,6,TEN,BAL,0,0.3402423743463204,0.3449932609057203,0.33919462259687694
2023_06_CAR_MIA,2023,6,MIA,CAR,1,0.8391283552589194,0.8589163623851316,0.8535990214251181
2023_06_DAL_LAC,2023,6,LAC,DAL,0,0.4943728193200009,0.5106940924366454,0.49160703088782465
2023_06_DEN_KC,2023,6,KC,DEN,1,0.8218423201059798,0.8107598384602229,0.818444678823418
2023_06_DET_TB,2023,6,TB,DET,0,0.43152224154769275,0.4588821323162685,0.44959745403704504
2023_06_IND_JAX,2023,6,JAX,IND,1,0.6264158199512468,0.6265517304234492,0.6252125473225804
2023_06_MIN_CHI,2023,6,CHI,MIN,0,0.40241729991356995,0.4080934609217911,0.38630430132956395
2023_06_NE_LV,2023,6,LV,NE,1,0.6328088603041591,0.6544772659592178,0.6598246966779794
2023_06_NO_HOU,2023,6,HOU,NO,1,0.38442455155452404,0.32162004314155773,0.30472742182402884
2023_06_NYG_BUF,2023,6,BUF,NYG,1,0.8729589849205671,0.868366367812971,0.830999073836035
2023_06_PHI_NYJ,2023,6,NYJ,PHI,1,0.21797504242124946,0.2351781713252161,0.2333087906358406
2023_06_SEA_CIN,2023,6,CIN,SEA,1,0.41045610720294673,0.42641475626683883,0.4285946907791491
2023_06_SF_CLE,2023,6,CLE,SF,1,0.2346995155664011,0.20312969928767635,0.19569471007891068
2023_06_WAS_ATL,2023,6,ATL,WAS,0,0.562653056153635,0.5459314333752682,0.553332913832384
2023_07_ARI_SEA,2023,7,SEA,ARI,1,0.7371107614765973,0.7642408601773121,0.7733801045540984
2023_07_ATL_TB,2023,7,TB,ATL,0,0.5553244154944679,0.6012367817403154,0.5924535013644545
2023_07_BUF_NE,2023,7,NE,BUF,1,0.16371944357090984,0.15925282169779803,0.17166127276772997
2023_07_CLE_IND,2023,7,IND,CLE,0,0.4088096789526115,0.46784925449880643,0.4825467746599852
2023_07_DET_BAL,2023,7,BAL,DET,1,0.494439211973127,0.509921168559792,0.4886827682066535
2023_07_GB_DEN,2023,7,DEN,GB,1,0.40126939279884144,0.48038243136089587,0.5359023404863016
2023_07_JAX_NO,2023,7,NO,JAX,0,0.5536526839550123,0.5810831167220611,0.5587767987909484
2023_07_LAC_KC,2023,7,KC,LAC,1,0.6902567467471471,0.686098335662038,0.7035194757729513
2023_07_LV_CHI,2023,7,CHI,LV,1,0.4581918327902914,0.4520523893410225,0.45812603292697257
2023_07_MIA_PHI,2023,7,PHI,MIA,1,0.4267286694002509,0.45753036633556726,0.42470144246314184
2023_07_PIT_LA,2023,7,LA,PIT,0,0.7075730520999364,0.7271860104965013,0.7408761953102498
2023_07_SF_MIN,2023,7,MIN,SF,1,0.2521108956006964,0.30634389076375024,0.3175944428987084
2023_07_WAS_NYG,2023,7,NYG,WAS,1,0.43094516685099693,0.42245371896282374,0.4287432326556599
2023_08_ATL_TEN,2023,8,TEN,ATL,1,0.45685294710201474,0.5027972923275847,0.4988429373818581
2023_08_BAL_ARI,2023,8,ARI,BAL,0,0.21685881759715966,0.18204204397301693,0.18025300455677123
2023_08_CHI_LAC,2023,8,LAC,CHI,1,0.6220126560451713,0.7018026748434161,0.6441631310853583
2023_08_CIN_SF,2023,8,SF,CIN,0,0.7904480849925729,0.7353124617618394,0.6984151724999559
2023_08_CLE_SEA,2023,8,SEA,CLE,1,0.6423262644332753,0.6907375699058007,0.6766265209073129
2023_08_HOU_CAR,2023,8,CAR,HOU,1,0.46619032943457017,0.49869290286680906,0.5317764120227353
2023_08_JAX_PIT,2023,8,PIT,JAX,0,0.3975366547409725,0.4139509051314926,0.37946676796603435
2023_08_KC_DEN,2023,8,DEN,KC,1,0.20043185473835312,0.20545023785537606,0.20304098300195103
2023_08_LA_DAL,2023,8,DAL,LA,1,0.5995575025702933,0.6100989402796994,0.6123893264997315
2023_08_LV_DET,2023,8,DET,LV,1,0.7116425250944034,0.7815673696289359,0.8100102352447903
2023_08_MIN_GB,2023,8,GB,MIN,0,0.5219932797620317,0.45891904000863476,0.4325572364946932
2023_08_NE_MIA,2023,8,MIA,NE,1,0.82036960062214,0.8044439837239326,0.7995255274060701
2023_08_NO_IND,2023,8,IND,NO,0,0.40155065269592266,0.36717703490880677,0.3741319877670702
2023_08_NYJ_NYG,2023,8,NYG,NYJ,0,0.5450786596832677,0.5042644356374413,0.49927418278998803
2023_08_PHI_WAS,2023,8,WAS,PHI,0,0.2815584562107956,0.2532096591131826,0.2602116562712247
2023_08_TB_BUF,2023,8,BUF,TB,1,0.7962173541010378,0.7966166437650349,0.7901412407336431
2023_09_ARI_CLE,2023,9,CLE,ARI,1,0.6512406807254252,0.6386490484526979,0.6386784902193715
2023_09_BUF_CIN,2023,9,CIN,BUF,1,0.2763335055020197,0.2925177757862455,0.3179539802125537
2023_09_CHI_NO,2023,9,NO,CHI,1,0.6612623516354224,0.7454036111020503,0.7025826671233255
2023_09_DAL_PHI,2023,9,PHI,DAL,1,0.5473253268841799,0.5459966384822066,0.5524265755961648
2023_09_IND_CAR,2023,9,CAR,IND,0,0.45970911076768767,0.44411304767871557,0.4537021531765278
2023_09_LAC_NYJ,2023,9,NYJ,LAC,0,0.34857649472070995,0.34875355936919444,0.33720706680424123
2023_09_LA_GB,2023,9,GB,LA,1,0.4603569211453076,0.4088698556478866,0.39398713763400905
2023_09_MIA_KC,2023,9,KC,MIA,1,0.5072667884661193,0.539099684847911,0.5599450738075381
2023_09_MIN_ATL,2023,9,ATL,MIN,0,0.4672324123004825,0.44434557379830836,0.3768938938119185
2023_09_NYG_LV,2023,9,LV,NYG,1,0.5580440163938986,0.5544361209914518,0.5529523526874373
2023_09_SEA_BAL,2023,9,BAL,SEA,1,0.5840516457300204,0.6088472712445895,0.6348460391383864
2023_09_TB_HOU,2023,9,HOU,TB,1,0.5109244430735086,0.4556428235301537,0.46293984868562793
2023_09_TEN_PIT,2023,9,PIT,TEN,1,0.479433549960475,0.5963236257420159,0.6009183802044137
2023_09_WAS_NE,2023,9,NE,WAS,0,0.45588465086146557,0.5119398142545614,0.5316045307245796
2023_10_ATL_ARI,2023,10,ARI,ATL,1,0.3570483507431391,0.26734170797672163,0.3296877571353064
2023_10_CAR_CHI,2023,10,CHI,CAR,1,0.620816376412232,0.5903149143146267,0.5987345490892438
2023_10_CLE_BAL,2023,10,BAL,CLE,0,0.7150521365977736,0.7207239933570159,0.723661322821842
2023_10_DEN_BUF,2023,10,BUF,DEN,0,0.8318473301281178,0.8349763782285443,0.8226129469857434
2023_10_DET_LAC,2023,10,LAC,DET,0,0.4556564158584869,0.4528470618487351,0.4474818913403476
2023_10_GB_PIT,2023,10,PIT,GB,1,0.44658386555360297,0.4721924214941163,0.4917648299606112
2023_10_HOU_CIN,2023,10,CIN,HOU,0,0.5992744800649712,0.6566331424675197,0.6807673344117146
2023_10_IND_NE,2023,10,NE,IND,0,0.47402132154651155,0.49340017141735776,0.48456674458726706
2023_10_NO_MIN,2023,10,MIN,NO,1,0.4804149419927432,0.42017647464719365,0.42241882755196924
2023_10_NYG_DAL,2023,10,DAL,NYG,1,0.7942841231561492,0.8644559470020539,0.8437587965248887
2023_10_NYJ_LV,2023,10,LV,NYJ,1,0.619808439342903,0.5334999355383212,0.5456137619730884
2023_10_SF_JAX,2023,10,JAX,SF,0,0.31432994953375626,0.3785939505542529,0.3883598060534963
2023_10_TEN_TB,2023,10,TB,TEN,1,0.538525183096197,0.6191415328055936,0.6381526743486375
2023_10_WAS_SEA,2023,10,SEA,WAS,1,0.6141482158781495,0.6264043635865446,0.6069171548430468
2023_11_ARI_HOU,2023,11,HOU,ARI,1,0.6728477602536521,0.6167308588090399,0.596569046486463
2023_11_CHI_DET,2023,11,DET,CHI,1,0.6919443772661256,0.7488442188059214,0.7498238387833416
2023_11_CIN_BAL,2023,11,BAL,CIN,1,0.6765214416749507,0.6764061326039686,0.6542710771608569
2023_11_DAL_CAR,2023,11,CAR,DAL,0,0.20244068174257707,0.16542170056157665,0.200151991654011
2023_11_LAC_GB,2023,11,GB,LAC,1,0.4910983054006839,0.45026572207079796,0.4267063033605057
2023_11_LV_MIA,2023,11,MIA,LV,1,0.766922612860561,0.8095663814913646,0.8049819419396707
2023_11_MIN_DEN,2023,11,DEN,MIN,1,0.37986043645202733,0.4491212632919549,0.4711513223822268
2023_11_NYG_WAS,2023,11,WAS,NYG,0,0.6751264047307064,0.7298533847445399,0.723946427782419
2023_11_NYJ_BUF,2023,11,BUF,NYJ,1,0.8572262787631486,0.8638967892289334,0.8688132629363253
2023_11_PHI_KC,2023,11,KC,PHI,0,0.5535638655769068,0.5398809571299779,0.5532779523128539
2023_11_PIT_CLE,2023,11,CLE,PIT,1,0.6039949976311012,0.6511174264592853,0.6360896405043582
2023_11_SEA_LA,2023,11,LA,SEA,1,0.44956870065858673,0.4073943571157691,0.39943891445348667
2023_11_TB_SF,2023,11,SF,TB,1,0.8108710205549011,0.7779698173648382,0.7893660224649223
2023_11_TEN_JAX,2023,11,JAX,TEN,1,0.6001176544926891,0.6755563766128776,0.6984702887116226
2023_12_BAL_LAC,2023,12,LAC,BAL,0,0.3766912887597765,0.35155989147241923,0.3726610659156906
2023_12_BUF_PHI,2023,12,PHI,BUF,1,0.43688748291583906,0.4543654684393736,0.44009753590334416
2023_12_CAR_TEN,2023,12,TEN,CAR,1,0.614674561999339,0.5789529252144826,0.542935861419949
2023_12_CHI_MIN,2023,12,MIN,CHI,0,0.6275584397516816,0.5760659698331432,0.6059334423661634
2023_12_CLE_DEN,2023,12,DEN,CLE,1,0.41093298666573363,0.5276701744564739,0.5516455219609916
2023_12_GB_DET,2023,12,DET,GB,0,0.6405025479656921,0.6825132302083381,0.698701085094665
2023_12_JAX_HOU,2023,12,HOU,JAX,0,0.4952038808252501,0.45392352292493676,0.4262693309611372
2023_12_KC_LV,2023,12,LV,KC,0,0.27800619512114755,0.2342510126073287,0.22707987884883268
2023_12_LA_ARI,2023,12,ARI,LA,0,0.37812099572821395,0.4135658857064863,0.38468902184285264
2023_12_MIA_NYJ,2023,12,NYJ,MIA,0,0.2003068307735288,0.21565985302146087,0.21600432185307905
2023_12_NE_NYG,2023,12,NYG,NE,1,0.44519114214974176,0.3719355453294558,0.3843433332115604
2023_12_NO_ATL,2023,12,ATL,NO,1,0.42766484114732983,0.4149536832730041,0.45821878023440255
2023_12_PIT_CIN,2023,12,CIN,PIT,0,0.6049864288679687,0.6398724304324885,0.6263075543604382
2023_12_SF_SEA,2023,12,SEA,SF,0,0.28663253309631226,0.30257566649278467,0.30050762840527717
2023_12_TB_IND,2023,12,IND,TB,1,0.49748415932451956,0.47854418800496584,0.505548580621823
2023_12_WAS_DAL,2023,12,DAL,WAS,1,0.746910844326923,0.7786832836440066,0.7501128569182415
2023_13_ARI_PIT,2023,13,PIT,ARI,0,0.666324145977253,0.6452271165082784,0.6655842925020703
2023_13_ATL_NYJ,2023,13,NYJ,ATL,0,0.3532474647486274,0.3389517883700983,0.3610342065204581
2023_13_CAR_TB,2023,13,TB,CAR,1,0.656486472322412,0.6910104455413614,0.6563594867409884
2023_13_CIN_JAX,2023,13,JAX,CIN,0,0.5241943835484729,0.6272690725025996,0.6185571433637731
2023_13_CLE_LA,2023,13,LA,CLE,1,0.5459980164659648,0.622835272311321,0.6331812813431353
2023_13_DEN_HOU,2023,13,HOU,DEN,1,0.5728190025071263,0.5197007591740566,0.4572283277869352
2023_13_DET_NO,2023,13,NO,DET,0,0.4762739264064733,0.49322254199908744,0.49780739035106564
2023_13_IND_TEN,2023,13,TEN,IND,0,0.5119358666195584,0.45171734371918665,0.43564556594803705
2023_13_KC_GB,2023,13,GB,KC,1,0.3548246497809391,0.3273294544492254,0.3007096412463386
2023_13_LAC_NE,2023,13,NE,LAC,0,0.43284160826012114,0.4295053681449596,0.4370508063026145
2023_13_MIA_WAS,2023,13,WAS,MIA,0,0.2906645437269716,0.2848271144995933,0.28917520596657237
2023_13_SEA_DAL,2023,13,DAL,SEA,1,0.7033612940797311,0.72615316520243,0.6949041760709523
2023_13_SF_PHI,2023,13,PHI,SF,0,0.3828638435072016,0.4115514144013321,0.41749388760511746
2023_14_BUF_KC,2023,14,KC,BUF,0,0.46409192448359265,0.485120714975815,0.4861048067741841
2023_14_CAR_NO,2023,14,NO,CAR,1,0.7231656670625345,0.7614003088179462,0.7554140903652591
2023_14_DEN_LAC,2023,14,LAC,DEN,0,0.5972824328120584,0.5730702588149895,0.5582200554213848
2023_14_DET_CHI,2023,14,CHI,DET,1,0.38124867513410227,0.39047700498526394,0.3870894284862233
2023_14_GB_NYG,2023,14,NYG,GB,1,0.3109162091241623,0.2773640889354044,0.28650855447094503
2023_14_HOU_NYJ,2023,14,NYJ,HOU,1,0.3446709207588888,0.3238682145803263,0.35508771040095666
2023_14_IND_CIN,2023,14,CIN,IND,1,0.6059554656794177,0.5489014776213609,0.5692930786647272
2023_14_JAX_CLE,2023,14,CLE,JAX,1,0.4971470274064607,0.469854094442266,0.4587423746689999
2023_14_LA_BAL,2023,14,BAL,LA,1,0.6690423892789997,0.6640545996612082,0.6277073023774198
2023_14_MIN_LV,2023,14,LV,MIN,0,0.4038076040415121,0.3743405626140547,0.3693134452194785
2023_14_NE_PIT,2023,14,PIT,NE,0,0.5941257033991602,0.6590144769950508,0.6472687425777343
2023_14_PHI_DAL,2023,14,DAL,PHI,1,0.6148899140551811,0.6321657700163859,0.6156790476513495
2023_14_SEA_SF,2023,14,SF,SEA,1,0.7832007165009063,0.7665882765647426,0.7775810448553743
2023_14_TB_ATL,2023,14,ATL,TB,0,0.5507726068534946,0.5208317426078489,0.5219094908954475
2023_14_TEN_MIA,2023,14,MIA,TEN,0,0.7693338259768514,0.8085217299725208,0.814969967962529
2023_15_ATL_CAR,2023,15,CAR,ATL,1,0.37278822171908943,0.3832439802446987,0.3783829776774592
2023_15_BAL_JAX,2023,15,JAX,BAL,0,0.3496342383514985,0.36109254560998727,0.35330512258043945
2023_15_CHI_CLE,2023,15,CLE,CHI,1,0.5591564031055282,0.540423298867444,0.5026448510533409
2023_15_DAL_BUF,2023,15,BUF,DAL,1,0.5427092571445762,0.5355500869455736,0.5598607922413755
2023_15_DEN_DET,2023,15,DET,DEN,1,0.667034234947774,0.6544293784060324,0.6650931575953071
2023_15_HOU_TEN,2023,15,TEN,HOU,0,0.5383214948785193,0.5308252295592649,0.5311307524749685
2023_15_KC_NE,2023,15,NE,KC,0,0.2636126604387412,0.21867400484761135,0.20156149488496003
2023_15_LAC_LV,2023,15,LV,LAC,1,0.4393009685845961,0.5239832120767735,0.5600298033109641
2023_15_MIN_CIN,2023,15,CIN,MIN,1,0.5236225559302091,0.48868906531166717,0.5178736872255716
2023_15_NYG_NO,2023,15,NO,NYG,1,0.719849988374125,0.7812317310341209,0.7670508062642464
2023_15_NYJ_MIA,2023,15,MIA,NYJ,1,0.8372500262863212,0.8279102396812298,0.8361602720094717
2023_15_PHI_SEA,2023,15,SEA,PHI,1,0.421708366323104,0.398969525128106,0.40139506521747603
2023_15_PIT_IND,2023,15,IND,PIT,1,0.5093777817153262,0.5133889385868937,0.5278073548779216
2023_15_SF_ARI,2023,15,ARI,SF,0,0.12565782507795328,0.15376150824761775,0.14864621101008108
2023_15_TB_GB,2023,15,GB,TB,0,0.6066978531352163,0.5932909606764363,0.6236876321781359
2023_15_WAS_LA,2023,15,LA,WAS,1,0.6325410133691903,0.6703605767277386,0.6722985772416615
2023_16_ARI_CHI,2023,16,CHI,ARI,1,0.6420081205019038,0.6332761272074515,0.6428373051734333
2023_16_BAL_SF,2023,16,SF,BAL,0,0.6717746255064532,0.6453282225253729,0.6418352889271186
2023_16_BUF_LAC,2023,16,LAC,BUF,0,0.2501601467031992,0.1919490271000563,0.2033883527722155
2023_16_CIN_PIT,2023,16,PIT,CIN,1,0.42652425290390084,0.4928456854957299,0.4608631677217879
2023_16_CLE_HOU,2023,16,HOU,CLE,0,0.4793405829349075,0.44407976640599567,0.4655283565822625
2023_16_DAL_MIA,2023,16,MIA,DAL,1,0.5368120354445437,0.5400681388229043,0.5574420848156183
2023_16_DET_MIN,2023,16,MIN,DET,0,0.4480902830492265,0.42169667111523496,0.4167938927496028
2023_16_GB_CAR,2023,16,CAR,GB,0,0.3356956685073567,0.3349552819198366,0.29455820812364747
2023_16_IND_ATL,2023,16,ATL,IND,1,0.5376120952652956,0.5066876302795452,0.47489022231853467
2023_16_JAX_TB,2023,16,TB,JAX,1,0.5140092655420572,0.506710320269193,0.5117336178688251
2023_16_LV_KC,2023,16,KC,LV,0,0.7558431990253877,0.7961993106461333,0.800146846645269
2023_16_NE_DEN,2023,16,DEN,NE,0,0.5507624436991776,0.6111511855076766,0.5966708745678649
2023_16_NO_LA,2023,16,LA,NO,1,0.48071058524419685,0.4538042414911242,0.45463565607191536
2023_16_NYG_PHI,2023,16,PHI,NYG,1,0.7833592813605427,0.8110487633912565,0.7893605015114501
2023_16_SEA_TEN,2023,16,TEN,SEA,0,0.4453297723922726,0.43017177925198324,0.3984831496724959
2023_16_WAS_NYJ,2023,16,NYJ,WAS,1,0.39867041236985973,0.40599916763278365,0.39605563041636405
2023_17_ARI_PHI,2023,17,PHI,ARI,0,0.8004796823124154,0.785802146186782,0.7741700095908738
2023_17_ATL_CHI,2023,17,CHI,ATL,1,0.4880459235049405,0.5090523729685574,0.48707073678122587
2023_17_CAR_JAX,2023,17,JAX,CAR,1,0.6528272881252195,0.6611228639335387,0.6590258244104515
2023_17_CIN_KC,2023,17,KC,CIN,1,0.6603684368103669,0.7211828173924513,0.7339021404397778
2023_17_DET_DAL,2023,17,DAL,DET,1,0.5902323766047146,0.5808364886973463,0.5557127141432754
2023_17_GB_MIN,2023,17,MIN,GB,0,0.5115202359814546,0.532035048322952,0.4837110277674097
2023_17_LAC_DEN,2023,17,DEN,LAC,1,0.5163586567771565,0.6154919977472106,0.6056467145314576
2023_17_LA_NYG,2023,17,NYG,LA,0,0.31536330456100103,0.27599031404452284,0.2645191998141006
2023_17_LV_IND,2023,17,IND,LV,1,0.536578990207178,0.5919782881881531,0.5864885332204726
2023_17_MIA_BAL,2023,17,BAL,MIA,1,0.5047657176499964,0.5155340534430833,0.5027338689842037
2023_17_NE_BUF,2023,17,BUF,NE,1,0.812116386161138,0.8256821471230704,0.8094045529411691
2023_17_NO_TB,2023,17,TB,NO,0,0.4503554397807549,0.43014352123182736,0.4104846934913182
2023_17_NYJ_CLE,2023,17,CLE,NYJ,1,0.7140702743146693,0.7466940315154753,0.7276903068054197
2023_17_PIT_SEA,2023,17,SEA,PIT,0,0.5751808949743681,0.6013779975629664,0.6071564774115719
2023_17_SF_WAS,2023,17,WAS,SF,0,0.19097982539291175,0.18222141207101666,0.18896177909785417
2023_17_TEN_HOU,2023,17,HOU,TEN,1,0.4936107068349997,0.4521648871258572,0.4473304424060617
2023_18_ATL_NO,2023,18,NO,ATL,1,0.5923159226992609,0.6655422135101247,0.6582525855095644
2023_18_BUF_MIA,2023,18,MIA,BUF,0,0.45738645416194534,0.46311430701312584,0.4933908548233096
2023_18_CHI_GB,2023,18,GB,CHI,1,0.618285931403222,0.6037142152898551,0.6262428529050313
2023_18_CLE_CIN,2023,18,CIN,CLE,1,0.5286250293139557,0.46353695797810124,0.4885530504866561
2023_18_DAL_WAS,2023,18,WAS,DAL,0,0.27164286680687216,0.22830101524085028,0.2399882458280414
2023_18_DEN_LV,2023,18,LV,DEN,1,0.5171662036833958,0.5296568896537116,0.5360017761342201
2023_18_HOU_IND,2023,18,IND,HOU,0,0.528945042748013,0.5762857467932315,0.572416036727832
2023_18_JAX_TEN,2023,18,TEN,JAX,1,0.4572363163380213,0.5281393697942461,0.5436141291880588
2023_18_KC_LAC,2023,18,LAC,KC,0,0.30865522874174267,0.25098390120034886,0.2320459526958008
2023_18_LA_SF,2023,18,SF,LA,0,0.7629236929530663,0.715414998672657,0.6945210988707953
2023_18_MIN_DET,2023,18,DET,MIN,1,0.6373965483881684,0.6613446959037088,0.699895158821427
2023_18_NYJ_NE,2023,18,NE,NYJ,0,0.6071135097774994,0.6219434759177247,0.6052639825121884
2023_18_PHI_NYG,2023,18,NYG,PHI,1,0.2433643170905199,0.22672865986010113,0.2204136211454382
2023_18_PIT_BAL,2023,18,BAL,PIT,0,0.7319443014061912,0.7604556443404487,0.7626185247841715
2023_18_SEA_ARI,2023,18,ARI,SEA,0,0.35844226873457724,0.39130350533117414,0.41801953945598214
2023_18_TB_CAR,2023,18,CAR,TB,0,0.38311936420619613,0.36515159314432466,0.382105516640876
2024_01_ARI_BUF,2024,1,BUF,ARI,1,0.772496099436651,0.7348622756941773,0.7355052835504597
2024_01_BAL_KC,2024,1,KC,BAL,1,0.4400169616609778,0.41009170146453766,0.41001890264617163
2024_01_CAR_NO,2024,1,NO,CAR,1,0.7174121271944823,0.6735904250795784,0.674047118745654
2024_01_DAL_CLE,2024,1,CLE,DAL,0,0.3573891695473007,0.34556768216526085,0.3480326483744381
2024_01_DEN_SEA,2024,1,SEA,DEN,1,0.5733116390840326,0.5342426825171664,0.5342316804116739
2024_01_GB_PHI,2024,1,PHI,GB,1,0.5298439492326453,0.49936311174994186,0.4993736179582059
2024_01_HOU_IND,2024,1,IND,HOU,0,0.5106769115384487,0.4807287999933198,0.4790431791772864
2024_01_JAX_MIA,2024,1,MIA,JAX,1,0.6815305715687426,0.6415081158887037,0.6415285040239154
2024_01_LA_DET,2024,1,DET,LA,1,0.5606204778393511,0.5211260776933476,0.5213993354676799
2024_01_LV_LAC,2024,1,LAC,LV,1,0.5081229090844761,0.4727864130598331,0.47372499054932127
2024_01_MIN_NYG,2024,1,NYG,MIN,0,0.4002811621644179,0.3795092975913821,0.3795758945160875
2024_01_NE_CIN,2024,1,CIN,NE,0,0.6269002928027448,0.5802294354128533,0.5774850751727072
2024_01_NYJ_SF,2024,1,SF,NYJ,1,0.8399966572648256,0.8005643353571336,0.7993837354210097
2024_01_PIT_ATL,2024,1,ATL,PIT,0,0.5125714835327314,0.47476590772199834,0.4736119595700854
2024_01_TEN_CHI,2024,1,CHI,TEN,1,0.5758604008170399,0.5447112650329663,0.5447353358819567
2024_01_WAS_TB,2024,1,TB,WAS,1,0.605462022840144,0.5617318517937304,0.5617935698103965
2024_02_ATL_PHI,2024,2,PHI,ATL,0,0.647568406332235,0.6286051989116945,0.5898783203133304
2024_02_BUF_MIA,2024,2,MIA,BUF,0,0.4268318891573342,0.4070448691576059,0.41287459059060466
2024_02_CHI_HOU,2024,2,HOU,CHI,1,0.5916141302784064,0.6795728538249158,0.6773312726246843
2024_02_CIN_KC,2024,2,KC,CIN,1,0.6386433081220696,0.6404548418606946,0.6669913049416832
2024_02_CLE_JAX,2024,2,JAX,CLE,0,0.5521080920748441,0.5502274628077312,0.5508130410365579
2024_02_IND_GB,2024,2,GB,IND,1,0.6316308150974975,0.6826626770553393,0.7021946371487803
2024_02_LAC_CAR,2024,2,CAR,LAC,0,0.2981506037168109,0.2778782406208419,0.2732851339068612
2024_02_LA_ARI,2024,2,ARI,LA,1,0.3415751626536686,0.35556652540887135,0.3783355546998584
2024_02_LV_BAL,2024,2,BAL,LV,0,0.7782936773320549,0.7718666093449065,0.775705162858314
2024_02_NO_DAL,2024,2,DAL,NO,0,0.5075377176369117,0.4897152049096208,0.486252415121553
2024_02_NYG_WAS,2024,2,WAS,NYG,1,0.6585252914906217,0.5449119597069826,0.5310198968216321
2024_02_NYJ_TEN,2024,2,TEN,NYJ,0,0.6055197032928354,0.5720590865517333,0.5482496503719003
2024_02_PIT_DEN,2024,2,DEN,PIT,0,0.4126307937077867,0.3370435348856393,0.33285024009297104
2024_02_SEA_NE,2024,2,NE,SEA,0,0.4249576207372939,0.45439320453928317,0.4311894715083494
2024_02_SF_MIN,2024,2,MIN,SF,1,0.4015799867022209,0.4459726361579549,0.43779923406781485
2024_02_TB_DET,2024,2,DET,TB,0,0.5962345307384801,0.6020295320491545,0.6045537355783174
2024_03_BAL_DAL,2024,3,DAL,BAL,0,0.41310980551785864,0.4341298946318317,0.4276519686227846
2024_03_CAR_LV,2024,3,LV,CAR,0,0.7245077837913234,0.7519546879403826,0.7624595314518418
2024_03_CHI_IND,2024,3,IND,CHI,1,0.5560122384223708,0.5616835044524898,0.5009657158706349
2024_03_DEN_TB,2024,3,TB,DEN,0,0.682821395161167,0.7495547143922456,0.7534924604804575
2024_03_DET_ARI,2024,3,ARI,DET,0,0.4409198284992285,0.4459503764959788,0.45938248537685195
2024_03_GB_TEN,2024,3,TEN,GB,0,0.3912855899985427,0.41623760899989964,0.4174195987708875
2024_03_HOU_MIN,2024,3,MIN,HOU,1,0.5722860274627399,0.6020484014177228,0.602214302471067
2024_03_JAX_BUF,2024,3,BUF,JAX,1,0.796775280224496,0.810642488937,0.8124124702750405
2024_03_KC_ATL,2024,3,ATL,KC,0,0.44919964268865004,0.45192288235943684,0.4248630784204699
2024_03_LAC_PIT,2024,3,PIT,LAC,1,0.45162293859368735,0.4428762203842662,0.45243916446643545
2024_03_MIA_SEA,2024,3,SEA,MIA,1,0.5346674465400838,0.5383662109098956,0.5433846186453459
2024_03_NE_NYJ,2024,3,NYJ,NE,1,0.48131995296618096,0.49301295608355167,0.5029018857115348
2024_03_NYG_CLE,2024,3,CLE,NYG,0,0.6588877629611296,0.6605646060105252,0.6445093343103463
2024_03_PHI_NO,2024,3,NO,PHI,0,0.7127050080394687,0.7385223971847223,0.7339052059767953
2024_03_SF_LA,2024,3,LA,SF,1,0.3343860998392936,0.3558815386814419,0.38784270818655275
2024_03_WAS_CIN,2024,3,CIN,WAS,0,0.6057930099308625,0.6893935627522829,0.6765311091993953
2024_04_BUF_BAL,2024,4,BAL,BUF,1,0.42090258253423,0.4031074380408067,0.4077121926201388
2024_04_CIN_CAR,2024,4,CAR,CIN,0,0.27172279221778617,0.28469540345814054,0.2751260117371906
2024_04_CLE_LV,2024,4,LV,CLE,1,0.4699361090816289,0.4867640341578674,0.5006616478550644
2024_04_DAL_NYG,2024,4,NYG,DAL,0,0.40319245300075807,0.4017714695818586,0.43971612651771347
2024_04_DEN_NYJ,2024,4,NYJ,DEN,0,0.6101467664143498,0.6758189322080954,0.6852521030890026
2024_04_JAX_HOU,2024,4,HOU,JAX,1,0.6170379863234936,0.6010444053691255,0.6180693275393516
2024_04_KC_LAC,2024,4,LAC,KC,0,0.4345398305221937,0.4360709564915387,0.4171404246147975
2024_04_LA_CHI,2024,4,CHI,LA,1,0.47203068390204367,0.4059984605120116,0.39439920487606267
2024_04_MIN_GB,2024,4,GB,MIN,0,0.4805269521138036,0.37985887555819864,0.3622758743570049
2024_04_NE_SF,2024,4,SF,NE,1,0.8064079313461362,0.7942698667201606,0.7663844984301603
2024_04_NO_ATL,2024,4,ATL,NO,1,0.3115577845803238,0.3132590586191029,0.32072023068714534
2024_04_PHI_TB,2024,4,TB,PHI,1,0.4057307362888039,0.42393384014450225,0.43417700375553775
2024_04_PIT_IND,2024,4,IND,PIT,1,0.42901520910075386,0.3688875116532894,0.3128248176482699
2024_04_SEA_DET,2024,4,DET,SEA,1,0.5798062095243157,0.5974238546522842,0.5931773663206901
2024_04_TEN_MIA,2024,4,MIA,TEN,0,0.620125430247698,0.5747882821832203,0.6197225165670146
2024_04_WAS_ARI,2024,4,ARI,WAS,0,0.4711418425987607,0.5739763237481871,0.5373139986684567
2024_05_ARI_SF,2024,5,SF,ARI,0,0.7960511937052396,0.7663938808179539,0.7591333639488514
2024_05_BAL_CIN,2024,5,CIN,BAL,0,0.34776094387063466,0.35458292328931673,0.3390461437868144
2024_05_BUF_HOU,2024,5,HOU,BUF,1,0.3111727933973057,0.27598496107961706,0.28071156329301045
2024_05_CAR_CHI,2024,5,CHI,CAR,1,0.6556447799938535,0.6042171756473474,0.5999618498237216
2024_05_CLE_WAS,2024,5,WAS,CLE,1,0.7198762613381736,0.6564657265784432,0.6572786857168627
2024_05_DAL_PIT,2024,5,PIT,DAL,0,0.5198033997037425,0.5067001634160648,0.5486579679713254
2024_05_GB_LA,2024,5,LA,GB,0,0.4916038706100905,0.5356405182882538,0.560439002661206
2024_05_IND_JAX,2024,5,JAX,IND,1,0.4445055735786267,0.45342535371125325,0.4467604994905436
2024_05_LV_DEN,2024,5,DEN,LV,1,0.6158736375789362,0.560089155930903,0.5476747930633118
2024_05_MIA_NE,2024,5,NE,MIA,0,0.4084508938295966,0.4627278506907413,0.45505042470835927
2024_05_NO_KC,2024,5,KC,NO,1,0.4854672650984529,0.4938336604000354,0.523544321025725
2024_05_NYG_SEA,2024,5,SEA,NYG,0,0.7309751112533196,0.7112467988034727,0.7310078587424893
2024_05_NYJ_MIN,2024,5,MIN,NYJ,1,0.6761457128141403,0.6716764862670286,0.67312781658803
2024_05_TB_ATL,2024,5,ATL,TB,1,0.459442679174762,0.4755029301839816,0.44247615258597084
2024_06_ARI_GB,2024,6,GB,ARI,1,0.6144834859492944,0.5686370671172033,0.574399503800332
2024_06_ATL_CAR,2024,6,CAR,ATL,0,0.34877383398585693,0.3526436664393093,0.37493691327686546
2024_06_BUF_NYJ,2024,6,NYJ,BUF,0,0.31799076018142475,0.32560392908792646,0.34054331513953146
2024_06_CIN_NYG,2024,6,NYG,CIN,0,0.3764088900011837,0.40228230934947345,0.4006764217364736
2024_06_CLE_PHI,2024,6,PHI,CLE,1,0.7075089005016028,0.7052810084608261,0.71506006437178
2024_06_DET_DAL,2024,6,DAL,DET,0,0.4246523112139304,0.4217251812313747,0.39640157178457064
2024_06_HOU_NE,2024,6,NE,HOU,0,0.36624394024266094,0.3999779806074969,0.3838093253841691
2024_06_IND_TEN,2024,6,TEN,IND,0,0.439548430060003,0.4455720857861616,0.4737048116543259
2024_06_JAX_CHI,2024,6,CHI,JAX,1,0.6127943924660763,0.5675980960093069,0.5748116447937381
2024_06_LAC_DEN,2024,6,DEN,LAC,0,0.5353559157695366,0.47755930819128795,0.47601494128735955
2024_06_PIT_LV,2024,6,LV,PIT,0,0.3571685480596591,0.340229552763045,0.3185607877421855
2024_06_SF_SEA,2024,6,SEA,SF,0,0.40145308806404456,0.4253362589186687,0.48261441848281433
2024_06_TB_NO,2024,6,NO,TB,0,0.6178438040034766,0.6258834456866487,0.5973005717250092
2024_06_WAS_BAL,2024,6,BAL,WAS,1,0.6729677996683607,0.7183571068520631,0.7423101366474484
2024_07_BAL_TB,2024,7,TB,BAL,0,0.36327834218823396,0.37053566437625574,0.3823821847963731
2024_07_CAR_WAS,2024,7,WAS,CAR,1,0.806584202546234,0.7499248198456746,0.7393378673415104
2024_07_CIN_CLE,2024,7,CLE,CIN,0,0.3288237150916497,0.3430616383059565,0.35013337931607025
2024_07_DEN_NO,2024,7,NO,DEN,0,0.5817100802338815,0.5316104383480259,0.5332626800072934
2024_07_DET_MIN,2024,7,MIN,DET,0,0.4189151396911668,0.39433869951948297,0.3657778988501944
2024_07_HOU_GB,2024,7,GB,HOU,1,0.5881405543225585,0.5818064966034214,0.5606291932035301
2024_07_KC_SF,2024,7,SF,KC,0,0.5811456496800128,0.5402894956036866,0.47444595789892846
2024_07_LAC_ARI,2024,7,ARI,LAC,1,0.4555325871581721,0.44708571599246644,0.4525132958236662
2024_07_LV_LA,2024,7,LA,LV,1,0.6932127178306806,0.722171290387269,0.7101264964858047
2024_07_MIA_IND,2024,7,IND,MIA,1,0.5814387211595328,0.6234083230269308,0.6132278689987687
2024_07_NE_JAX,2024,7,JAX,NE,1,0.6152595710450168,0.7048423267079734,0.6876736711651132
2024_07_NYJ_PIT,2024,7,PIT,NYJ,1,0.6168119361633863,0.6061634165701063,0.6128781465188422
2024_07_PHI_NYG,2024,7,NYG,PHI,0,0.3528171629879153,0.3721409149243893,0.37414095923466617
2024_07_SEA_ATL,2024,7,ATL,SEA,0,0.53597084726518,0.5679205336576819,0.5492832220346969
2024_07_TEN_BUF,2024,7,BUF,TEN,1,0.7804590976769314,0.7957677342653027,0.7878132989730825
2024_08_ARI_MIA,2024,8,MIA,ARI,0,0.5230125091320355,0.49544065648786023,0.4987556694047219
2024_08_ATL_TB,2024,8,TB,ATL,0,0.5789511035138004,0.5702960266381805,0.5877465051250826
2024_08_BAL_CLE,2024,8,CLE,BAL,1,0.17382623855434076,0.14847054760126024,0.160889962792581
2024_08_BUF_SEA,2024,8,SEA,BUF,0,0.33658784805358144,0.326974751467312,0.3531956530019222
2024_08_CAR_DEN,2024,8,DEN,CAR,1,0.7757191389268394,0.7242475187774613,0.7319077381177727
2024_08_CHI_WAS,2024,8,WAS,CHI,1,0.646162476318344,0.6501035252567613,0.5870189017473171
2024_08_DAL_SF,2024,8,SF,DAL,1,0.7326804548768265,0.6892930894044887,0.679050613695674
2024_08_GB_JAX,2024,8,JAX,GB,0,0.3998333761845796,0.4341336690856328,0.45173608796572695
2024_08_IND_HOU,2024,8,HOU,IND,1,0.5710004443007584,0.628380462465916,0.6622184782954285
2024_08_KC_LV,2024,8,LV,KC,0,0.21787578786066497,0.20979874286826086,0.18980553266769024
2024_08_MIN_LA,2024,8,LA,MIN,1,0.4527739891055196,0.4534455368131993,0.47499501853334486
2024_08_NO_LAC,2024,8,LAC,NO,1,0.5561849719379247,0.6549613756231407,0.6391106353814917
2024_08_NYG_PIT,2024,8,PIT,NYG,1,0.7086955997248359,0.7016177358972373,0.6796875505192846
2024_08_NYJ_NE,2024,8,NE,NYJ,1,0.3849492057551662,0.330986687245581,0.3322861184774856
2024_08_PHI_CIN,2024,8,CIN,PHI,0,0.46042356437487486,0.4588895619062599,0.45552198824158585
2024_08_TEN_DET,2024,8,DET,TEN,1,0.8115472059498742,0.8376677962439543,0.8287447744557139
2024_09_CHI_ARI,2024,9,ARI,CHI,1,0.4919072034834491,0.541835643808308,0.5444967796875181
2024_09_DAL_ATL,2024,9,ATL,DAL,1,0.6394068493578988,0.6451545937655031,0.6554394559418417
2024_09_DEN_BAL,2024,9,BAL,DEN,1,0.739301816046199,0.7674685966726534,0.7582426168679935
2024_09_DET_GB,2024,9,GB,DET,0,0.3827580599149146,0.35226022099214915,0.3303753928344463
2024_09_HOU_NYJ,2024,9,NYJ,HOU,1,0.48731851712849755,0.5228948502896201,0.5212789358810374
2024_09_IND_MIN,2024,9,MIN,IND,1,0.6622062707738431,0.7298567540420237,0.7546731520314256
2024_09_JAX_PHI,2024,9,PHI,JAX,1,0.7016588746955802,0.6984132075896158,0.6831806963127411
2024_09_LAC_CLE,2024,9,CLE,LAC,0,0.4084948486288626,0.38837071228433934,0.35454120561662333
2024_09_LA_SEA,2024,9,SEA,LA,0,0.4892951928502951,0.47982441765416944,0.48205616664296236
2024_09_LV_CIN,2024,9,CIN,LV,1,0.7093071890860755,0.6994879935122031,0.69018116188233
2024_09_MIA_BUF,2024,9,BUF,MIA,1,0.7979419233705095,0.8088436047671351,0.7928848645328641
2024_09_NE_TEN,2024,9,TEN,NE,1,0.5920510387792463,0.5796744229143473,0.5930943402571638
2024_09_NO_CAR,2024,9,CAR,NO,1,0.3328517037967007,0.39734372833106474,0.3761265576659051
2024_09_TB_KC,2024,9,KC,TB,1,0.6391109105351716,0.6426094185275691,0.6582735229882983
2024_09_WAS_NYG,2024,9,NYG,WAS,0,0.2666415973598322,0.3378896554884091,0.3785243757916361
2024_10_ATL_NO,2024,10,NO,ATL,1,0.44315378123943805,0.452710191717005,0.44605365939411873
2024_10_BUF_IND,2024,10,IND,BUF,0,0.2463854400378646,0.2391635748260267,0.23192829092134284
2024_10_CIN_BAL,2024,10,BAL,CIN,1,0.759675074123294,0.7609402245751,0.7702223784927141
2024_10_DEN_KC,2024,10,KC,DEN,1,0.7097743819720821,0.7491607840661296,0.7592461130414593
2024_10_DET_HOU,2024,10,HOU,DET,0,0.3208234586056596,0.27208083175709435,0.23681640235016488
2024_10_MIA_LA,2024,10,LA,MIA,0,0.5952420981444361,0.5874386188789337,0.5538363878263142
2024_10_MIN_JAX,2024,10,JAX,MIN,0,0.36238773787562506,0.35133862280682304,0.3366909523147868
2024_10_NE_CHI,2024,10,CHI,NE,0,0.6795310277650523,0.6939011807173403,0.6835017572656076
2024_10_NYG_CAR,2024,10,CAR,NYG,1,0.4219004157195769,0.41311022525753693,0.4043931729240869
2024_10_NYJ_ARI,2024,10,ARI,NYJ,1,0.5376387939196894,0.5379916955245354,0.5387589447998296
2024_10_PHI_DAL,2024,10,DAL,PHI,0,0.34582889926592175,0.27620610916284893,0.27456959678395093
2024_10_PIT_WAS,2024,10,WAS,PIT,0,0.6419610124116634,0.5738498968009098,0.564570058993362
2024_10_SF_TB,2024,10,TB,SF,0,0.4056057051937474,0.4549489924495503,0.4671736019409964
2024_10_TEN_LAC,2024,10,LAC,TEN,1,0.6407155851804913,0.6721648646573447,0.6727101976138466
2024_11_ATL_DEN,2024,11,DEN,ATL,1,0.44826309023283634,0.4068019881566106,0.42147565469711346
2024_11_BAL_PIT,2024,11,PIT,BAL,1,0.289668282078186,0.30121781299329375,0.2808239503107997
2024_11_CIN_LAC,2024,11,LAC,CIN,1,0.5290084051606793,0.5583447490424325,0.5660644371145762
2024_11_CLE_NO,2024,11,NO,CLE,1,0.6254021776811425,0.6590266218266221,0.6832698034844337
2024_11_GB_CHI,2024,11,CHI,GB,0,0.41263482259166284,0.3847960604946453,0.40693101641446916
2024_11_HOU_DAL,2024,11,DAL,HOU,0,0.45390659080494944,0.4203478517837841,0.4151024488373365
2024_11_IND_NYJ,2024,11,NYJ,IND,0,0.5762399403409606,0.6097748053462926,0.6077085131518543
2024_11_JAX_DET,2024,11,DET,JAX,1,0.7864672896483489,0.8052051234902767,0.8004788121510518
2024_11_KC_BUF,2024,11,BUF,KC,1,0.6025427527342587,0.5900609326560345,0.5889086932499044
2024_11_LA_NE,2024,11,NE,LA,0,0.3676318230198911,0.3175685155704931,0.33014082204483736
2024_11_LV_MIA,2024,11,MIA,LV,1,0.7019434711617512,0.7075157992925192,0.7273992572133041
2024_11_MIN_TEN,2024,11,TEN,MIN,0,0.31813686762219484,0.29260783780338434,0.28796928435745145
2024_11_SEA_SF,2024,11,SF,SEA,0,0.7520578342148011,0.7339607890358463,0.741619163054446
2024_11_WAS_PHI,2024,11,PHI,WAS,1,0.5443584399471387,0.6404766728948026,0.6236097311609881
2024_12_ARI_SEA,2024,12,SEA,ARI,1,0.4700549237570926,0.45166710409314564,0.4501788132078978
2024_12_BAL_LAC,2024,12,LAC,BAL,0,0.2821569459453221,0.30617691394698365,0.27155626082262085
2024_12_DAL_WAS,2024,12,WAS,DAL,0,0.7468585638518577,0.7331525595202063,0.7517454508803365
2024_12_DEN_LV,2024,12,LV,DEN,0,0.2995813984958303,0.3395931967160663,0.33706146261464437
2024_12_DET_IND,2024,12,IND,DET,0,0.21383078451998538,0.17131937481592832,0.14219330250370824
2024_12_KC_CAR,2024,12,CAR,KC,0,0.20140398268660628,0.1961859876047896,0.1712371442750283
2024_12_MIN_CHI,2024,12,CHI,MIN,0,0.38665836682540816,0.347470923577446,0.3552714254538734
2024_12_NE_MIA,2024,12,MIA,NE,1,0.6588548040915029,0.7056819699341276,0.7250597056116929
2024_12_PHI_LA,2024,12,LA,PHI,0,0.40614894077401636,0.40952321644607265,0.3949058662998625
2024_12_PIT_CLE,2024,12,CLE,PIT,1,0.3821924185499399,0.3763933701509752,0.3557582289096501
2024_12_SF_GB,2024,12,GB,SF,1,0.3921902017307693,0.3957203760653447,0.3660121796941831
2024_12_TB_NYG,2024,12,NYG,TB,0,0.36816770147153094,0.37943102860524835,0.35428438450910515
2024_12_TEN_HOU,2024,12,HOU,TEN,0,0.6475332616341221,0.6411343619155672,0.6501153532497119
2024_13_ARI_MIN,2024,13,MIN,ARI,1,0.6216678801209595,0.6064022271855872,0.5933981427703638
2024_13_CHI_DET,2024,13,DET,CHI,1,0.7993476035233239,0.8276798116136748,0.8250976826478679
2024_13_CLE_DEN,2024,13,DEN,CLE,1,0.6745636818377561,0.6568734915371558,0.6911247715647798
2024_13_HOU_JAX,2024,13,JAX,HOU,0,0.39552393765519456,0.4094581110531996,0.3960037802621561
2024_13_IND_NE,2024,13,NE,IND,0,0.48767562516927815,0.4989487317020391,0.5581315153504489
2024_13_LAC_ATL,2024,13,ATL,LAC,0,0.5596023644436402,0.5707012904234875,0.5878750157861923
2024_13_LA_NO,2024,13,NO,LA,0,0.49966275410015765,0.5141275168506139,0.5343275664181639
2024_13_LV_KC,2024,13,KC,LV,1,0.8355004455654726,0.8382207681453345,0.8446199290814908
2024_13_MIA_GB,2024,13,GB,MIA,1,0.6038012311948533,0.5834992231734957,0.5357250762478806
2024_13_NYG_DAL,2024,13,DAL,NYG,1,0.5599796465802415,0.5660912042434622,0.5347701679429314
2024_13_PHI_BAL,2024,13,BAL,PHI,0,0.634799203689964,0.6142288940663122,0.6084190594769361
2024_13_PIT_CIN,2024,13,CIN,PIT,0,0.5450226706593903,0.5230569857147219,0.5068873375905077
2024_13_SEA_NYJ,2024,13,NYJ,SEA,0,0.5014868651333562,0.5161403139344706,0.5310924431388142
2024_13_SF_BUF,2024,13,BUF,SF,1,0.5794160025029692,0.6569942257678324,0.6860338804216458
2024_13_TB_CAR,2024,13,CAR,TB,0,0.27621223292765873,0.27535543737478313,0.23865176763003387
2024_13_TEN_WAS,2024,13,WAS,TEN,1,0.7176583952062371,0.6858515086697742,0.6880510973132431
2024_14_ATL_MIN,2024,14,MIN,ATL,1,0.6049079543508615,0.6046018153281615,0.6207775638477774
2024_14_BUF_LA,2024,14,LA,BUF,1,0.34266536285659466,0.3581166604531572,0.33098076399796666
2024_14_CAR_PHI,2024,14,PHI,CAR,1,0.8176320875150394,0.8189052544254204,0.8485122483571734
2024_14_CHI_SF,2024,14,SF,CHI,1,0.6874699123842839,0.699032595241604,0.709392446727063
2024_14_CIN_DAL,2024,14,DAL,CIN,0,0.4208046878381373,0.38926246167012896,0.4028488709817328
2024_14_CLE_PIT,2024,14,PIT,CLE,1,0.6656790167435822,0.687874514325939,0.7203780811011363
2024_14_GB_DET,2024,14,DET,GB,1,0.6947998806526424,0.7255481365432228,0.7364925548011297
2024_14_JAX_TEN,2024,14,TEN,JAX,0,0.527535032781222,0.4973653106911545,0.502256187431224
2024_14_LAC_KC,2024,14,KC,LAC,1,0.6748108186498419,0.6781553373826057,0.7197166627129262
2024_14_LV_TB,2024,14,TB,LV,1,0.7491198701481282,0.7723370011625963,0.7735339562793743
2024_14_NO_NYG,2024,14,NYG,NO,0,0.409447579449543,0.38076487515428264,0.3738222094689219
2024_14_NYJ_MIA,2024,14,MIA,NYJ,1,0.6177643849644486,0.6167316983967472,0.6220808267091487
2024_14_SEA_ARI,2024,14,ARI,SEA,0,0.5605813384878069,0.5863580381560991,0.5594899706570371
2024_15_ATL_LV,2024,15,LV,ATL,0,0.3392953091397049,0.32334814106868626,0.33751412521273044
2024_15_BAL_NYG,2024,15,NYG,BAL,0,0.18839444824981272,0.19448045159433763,0.19645776623043332
2024_15_BUF_DET,2024,15,DET,BUF,0,0.5538232911494877,0.5692626915666683,0.5764351210199451
2024_15_CHI_MIN,2024,15,MIN,CHI,1,0.6815422813341526,0.7183082571066046,0.7113628068416961
2024_15_CIN_TEN,2024,15,TEN,CIN,0,0.3782207079082161,0.350861937397576,0.3487245634498994
2024_15_DAL_CAR,2024,15,CAR,DAL,0,0.45509040960541325,0.4962409995021219,0.479362644266529
2024_15_GB_SEA,2024,15,SEA,GB,0,0.43678178786569183,0.45932385899790446,0.5038372330015309
2024_15_IND_DEN,2024,15,DEN,IND,1,0.6478194682376063,0.659079157632131,0.6931760681942407
2024_15_KC_CLE,2024,15,CLE,KC,0,0.29475568387326523,0.2942437518888225,0.27843837581780273
2024_15_LA_SF,2024,15,SF,LA,0,0.6350406498014396,0.6082505710056959,0.6202420835709256
2024_15_MIA_HOU,2024,15,HOU,MIA,1,0.48848458513301785,0.4728855575614309,0.4565408300156465
2024_15_NE_ARI,2024,15,ARI,NE,1,0.6443177847195117,0.6923843292906486,0.6870594559724862
2024_15_NYJ_JAX,2024,15,JAX,NYJ,0,0.47900246700806126,0.4720875755258142,0.4478016259119159
2024_15_PIT_PHI,2024,15,PHI,PIT,1,0.6660256064256673,0.6445194526036933,0.6500744210836028
2024_15_TB_LAC,2024,15,LAC,TB,0,0.4447315081317366,0.4583217432452833,0.43053492235657226
2024_15_WAS_NO,2024,15,NO,WAS,0,0.39795911212770446,0.4689912969181505,0.4621567328912511
2024_16_ARI_CAR,2024,16,CAR,ARI,1,0.3434579509353018,0.33225769224014867,0.30932243007881055
2024_16_CLE_CIN,2024,16,CIN,CLE,1,0.6741218055542307,0.6794455962553996,0.6976008923642512
2024_16_DEN_LAC,2024,16,LAC,DEN,1,0.45991532829347326,0.5273951594380155,0.5232429185090066
2024_16_DET_CHI,2024,16,CHI,DET,0,0.25110862641188875,0.22660148928413518,0.21951210503415472
2024_16_HOU_KC,2024,16,KC,HOU,1,0.6810413575229716,0.6966843277222913,0.6924916492304345
2024_16_JAX_LV,2024,16,LV,JAX,1,0.45225322832164355,0.436198985346444,0.42805882631558745
2024_16_LA_NYJ,2024,16,NYJ,LA,0,0.4258576481233332,0.42256479112111334,0.42654429486463635
2024_16_MIN_SEA,2024,16,SEA,MIN,0,0.39566952270425637,0.4098302689479673,0.43868611264986396
2024_16_NE_BUF,2024,16,BUF,NE,1,0.822588758946808,0.8460519418629657,0.830469657792559
2024_16_NO_GB,2024,16,GB,NO,1,0.6527843394826581,0.7062115783318244,0.7034154521210828
2024_16_NYG_ATL,2024,16,ATL,NYG,1,0.6960607685300649,0.7348542273508754,0.7195697997603742
2024_16_PHI_WAS,2024,16,WAS,PHI,1,0.4763216005000361,0.44578987265912073,0.4265299109721419
2024_16_PIT_BAL,2024,16,BAL,PIT,1,0.7770132282096789,0.7671393647126006,0.7513289145657239
2024_16_SF_MIA,2024,16,MIA,SF,1,0.42703947514779944,0.4653788419879643,0.507870350427193
2024_16_TB_DAL,2024,16,DAL,TB,1,0.3802827423581212,0.34227019988816176,0.3256688351797358
2024_16_TEN_IND,2024,16,IND,TEN,1,0.5594877359323924,0.5203337579264188,0.4814812865748378
2024_17_ARI_LA,2024,17,LA,ARI,1,0.5810914516250854,0.5874407943857731,0.5788567193978073
2024_17_ATL_WAS,2024,17,WAS,ATL,1,0.6140073022521279,0.6877404434295269,0.6876630581085958
2024_17_BAL_HOU,2024,17,HOU,BAL,0,0.24537343544251008,0.24428023699996926,0.24299732831323131
2024_17_CAR_TB,2024,17,TB,CAR,1,0.7719717868352439,0.7800654485935467,0.7936789129620618
2024_17_DAL_PHI,2024,17,PHI,DAL,1,0.7385199928358934,0.7424723573928259,0.7433848814573445
2024_17_DEN_CIN,2024,17,CIN,DEN,1,0.5480908246106189,0.5979237946160352,0.5944724758772924
2024_17_DET_SF,2024,17,SF,DET,0,0.417239034631274,0.39060392425185086,0.3719787117526981
2024_17_GB_MIN,2024,17,MIN,GB,1,0.5067657244318614,0.5217892557119929,0.5139182745826542
2024_17_IND_NYG,2024,17,NYG,IND,1,0.4402803690693176,0.4527786879268915,0.45079891687355433
2024_17_KC_PIT,2024,17,PIT,KC,0,0.37525426891562513,0.38716437645357843,0.400843093215965
2024_17_LAC_NE,2024,17,NE,LAC,0,0.45563548080417565,0.42113785230192935,0.4249765379903697
2024_17_LV_NO,2024,17,NO,LV,0,0.6402769361889317,0.5996574457702453,0.609899303693262
2024_17_MIA_CLE,2024,17,CLE,MIA,0,0.35950114358207536,0.31435931527683725,0.32212287929067457
2024_17_NYJ_BUF,2024,17,BUF,NYJ,1,0.7862670191091168,0.7838510644002439,0.7507154353752901
2024_17_SEA_CHI,2024,17,CHI,SEA,0,0.4758138856685736,0.4472160282748487,0.43644494730854333
2024_17_TEN_JAX,2024,17,JAX,TEN,1,0.552460436167842,0.5625472618042465,0.5699857126550394
2024_18_BUF_NE,2024,18,NE,BUF,1,0.20441481851648766,0.18684127838951517,0.2070996666132255
2024_18_CAR_ATL,2024,18,ATL,CAR,0,0.7275462174682902,0.6400307434905087,0.6436162821762349
2024_18_CHI_GB,2024,18,GB,CHI,0,0.7148983023867118,0.7209888285906385,0.7134087072968133
2024_18_CIN_PIT,2024,18,PIT,CIN,0,0.4471089444693655,0.4495664414355955,0.47212358281431466
2024_18_CLE_BAL,2024,18,BAL,CLE,1,0.8727291343294798,0.8956644468309848,0.8771612745112356
2024_18_HOU_TEN,2024,18,TEN,HOU,0,0.46748364581734225,0.47344575457494864,0.49484818899784855
2024_18_JAX_IND,2024,18,IND,JAX,1,0.5420449870872343,0.5482265668241991,0.5247555472401575
2024_18_KC_DEN,2024,18,DEN,KC,1,0.4074801994535749,0.37306317746637285,0.3978857190622795
2024_18_LAC_LV,2024,18,LV,LAC,0,0.38812021169717376,0.3504946298435438,0.3372323158508123
2024_18_MIA_NYJ,2024,18,NYJ,MIA,1,0.41750980138105936,0.46590350668255864,0.4745230478888996
2024_18_MIN_DET,2024,18,DET,MIN,1,0.6620362526683788,0.6730128089389578,0.681849406538057
2024_18_NO_TB,2024,18,TB,NO,1,0.7029102115162745,0.7700982434073552,0.7711355804297277
2024_18_NYG_PHI,2024,18,PHI,NYG,1,0.8174694059767462,0.8115208352610183,0.81541905648614
2024_18_SEA_LA,2024,18,LA,SEA,0,0.6024120604566559,0.5908173939950554,0.6103466540113122
2024_18_SF_ARI,2024,18,ARI,SF,1,0.4064727180514484,0.45020029680197754,0.4739603330788135
2024_18_WAS_DAL,2024,18,DAL,WAS,0,0.34453429245300377,0.3585506059836985,0.351448541001782
