season,model,features,selected_c,games,accuracy,brier,log_loss
2022,V4-A,10,0.01,269,0.6356877323420075,0.2250394896329092,0.6417370517270238
2022,V4-QB,15,0.01,269,0.6356877323420075,0.2278899698457579,0.6477693396365661
2022,V4-QB+,18,0.01,269,0.6431226765799256,0.2277440406415144,0.6475312233201224
2023,V4-A,10,0.01,272,0.625,0.2330372653028619,0.6595351582093298
2023,V4-QB,15,0.01,272,0.6360294117647058,0.23242297496915873,0.6580784687117283
2023,V4-QB+,18,0.01,272,0.6507352941176471,0.2319139066263532,0.6571273741177002
2024,V4-A,10,0.01,272,0.6764705882352942,0.21053348117318285,0.6103848379716933
2024,V4-QB,15,0.01,272,0.6911764705882353,0.2078765617480011,0.6046030085879937
2024,V4-QB+,18,0.01,272,0.6948529411764706,0.2082164880668854,0.6048899834673657
