game_id,season,week,home_team,away_team,home_score,away_score,home_win,predicted_home_win,baseline_home_win,training_end_season
2022_01_BAL_NYJ,2022,1,NYJ,BAL,9,24,0,0.3830956416767421,0.5108834827144686,2021
2022_01_BUF_LA,2022,1,LA,BUF,10,31,0,0.4206982383178104,0.5108834827144686,2021
2022_01_CLE_CAR,2022,1,CAR,CLE,24,26,0,0.3886128864846892,0.5108834827144686,2021
2022_01_DEN_SEA,2022,1,SEA,DEN,17,16,1,0.5158054687433559,0.5108834827144686,2021
2022_01_GB_MIN,2022,1,MIN,GB,23,7,1,0.41006396963452696,0.5108834827144686,2021
2022_01_JAX_WAS,2022,1,WAS,JAX,28,22,1,0.568098718719606,0.5108834827144686,2021
2022_01_KC_ARI,2022,1,ARI,KC,21,44,0,0.48109726271361786,0.5108834827144686,2021
2022_01_LV_LAC,2022,1,LAC,LV,24,19,1,0.6243865964949276,0.5108834827144686,2021
2022_01_NE_MIA,2022,1,MIA,NE,20,7,1,0.3661954678915553,0.5108834827144686,2021
2022_01_NO_ATL,2022,1,ATL,NO,26,27,0,0.38021201978730323,0.5108834827144686,2021
2022_01_NYG_TEN,2022,1,TEN,NYG,20,21,0,0.7105765893647956,0.5108834827144686,2021
2022_01_PHI_DET,2022,1,DET,PHI,35,38,0,0.3359648220870083,0.5108834827144686,2021
2022_01_PIT_CIN,2022,1,CIN,PIT,20,23,0,0.6491637651099975,0.5108834827144686,2021
2022_01_SF_CHI,2022,1,CHI,SF,19,10,1,0.3031576685543044,0.5108834827144686,2021
2022_01_TB_DAL,2022,1,DAL,TB,3,19,0,0.4750268099717123,0.5108834827144686,2021
2022_02_ARI_LV,2022,2,LV,ARI,23,29,0,0.4098158623151741,0.5108834827144686,2021
2022_02_ATL_LA,2022,2,LA,ATL,31,27,1,0.6074016408105872,0.5108834827144686,2021
2022_02_CAR_NYG,2022,2,NYG,CAR,19,16,1,0.4553779724203263,0.5108834827144686,2021
2022_02_CHI_GB,2022,2,GB,CHI,27,10,1,0.605971663770703,0.5108834827144686,2021
2022_02_CIN_DAL,2022,2,DAL,CIN,20,17,1,0.5119456482627586,0.5108834827144686,2021
2022_02_HOU_DEN,2022,2,DEN,HOU,16,9,1,0.7156133778065782,0.5108834827144686,2021
2022_02_IND_JAX,2022,2,JAX,IND,24,0,1,0.3358235964183428,0.5108834827144686,2021
2022_02_LAC_KC,2022,2,KC,LAC,27,24,1,0.6252629322023256,0.5108834827144686,2021
2022_02_MIA_BAL,2022,2,BAL,MIA,38,42,0,0.511855132793338,0.5108834827144686,2021
2022_02_MIN_PHI,2022,2,PHI,MIN,24,7,1,0.5281048385204012,0.5108834827144686,2021
2022_02_NE_PIT,2022,2,PIT,NE,14,17,0,0.43926600104183083,0.5108834827144686,2021
2022_02_NYJ_CLE,2022,2,CLE,NYJ,30,31,0,0.7079281893816287,0.5108834827144686,2021
2022_02_SEA_SF,2022,2,SF,SEA,27,7,1,0.5479185269865472,0.5108834827144686,2021
2022_02_TB_NO,2022,2,NO,TB,10,20,0,0.33841143098535403,0.5108834827144686,2021
2022_02_TEN_BUF,2022,2,BUF,TEN,41,7,1,0.7027572801825767,0.5108834827144686,2021
2022_02_WAS_DET,2022,2,DET,WAS,36,27,1,0.47423069146782204,0.5108834827144686,2021
2022_03_ATL_SEA,2022,3,SEA,ATL,23,27,0,0.5713890966812503,0.5108834827144686,2021
2022_03_BAL_NE,2022,3,NE,BAL,26,37,0,0.5341423033551064,0.5108834827144686,2021
2022_03_BUF_MIA,2022,3,MIA,BUF,21,19,1,0.30701708826251917,0.5108834827144686,2021
2022_03_CIN_NYJ,2022,3,NYJ,CIN,12,27,0,0.35193088549978,0.5108834827144686,2021
2022_03_DAL_NYG,2022,3,NYG,DAL,16,23,0,0.3673985097632501,0.5108834827144686,2021
2022_03_DET_MIN,2022,3,MIN,DET,28,24,1,0.5727360591424846,0.5108834827144686,2021
2022_03_GB_TB,2022,3,TB,GB,12,14,0,0.5911772131682848,0.5108834827144686,2021
2022_03_HOU_CHI,2022,3,CHI,HOU,23,20,1,0.5997674786278668,0.5108834827144686,2021
2022_03_JAX_LAC,2022,3,LAC,JAX,10,38,0,0.604774288078942,0.5108834827144686,2021
2022_03_KC_IND,2022,3,IND,KC,20,17,1,0.26975370363628925,0.5108834827144686,2021
2022_03_LA_ARI,2022,3,ARI,LA,12,20,0,0.5444200602970302,0.5108834827144686,2021
2022_03_LV_TEN,2022,3,TEN,LV,24,22,1,0.516472790240861,0.5108834827144686,2021
2022_03_NO_CAR,2022,3,CAR,NO,22,14,1,0.49378941519377995,0.5108834827144686,2021
2022_03_PHI_WAS,2022,3,WAS,PHI,8,24,0,0.28494115826625716,0.5108834827144686,2021
2022_03_PIT_CLE,2022,3,CLE,PIT,29,17,1,0.6230336838265748,0.5108834827144686,2021
2022_03_SF_DEN,2022,3,DEN,SF,11,10,1,0.46551657382829853,0.5108834827144686,2021
2022_04_ARI_CAR,2022,4,CAR,ARI,16,26,0,0.44606100369688734,0.5108834827144686,2021
2022_04_BUF_BAL,2022,4,BAL,BUF,20,23,0,0.3077140180482835,0.5108834827144686,2021
2022_04_CHI_NYG,2022,4,NYG,CHI,20,12,1,0.4356398715204835,0.5108834827144686,2021
2022_04_CLE_ATL,2022,4,ATL,CLE,23,20,1,0.3570235715280929,0.5108834827144686,2021
2022_04_DEN_LV,2022,4,LV,DEN,32,23,1,0.4058035728148551,0.5108834827144686,2021
2022_04_JAX_PHI,2022,4,PHI,JAX,29,21,1,0.646831687441068,0.5108834827144686,2021
2022_04_KC_TB,2022,4,TB,KC,31,41,0,0.40647762690716965,0.5108834827144686,2021
2022_04_LAC_HOU,2022,4,HOU,LAC,24,34,0,0.3350278842401441,0.5108834827144686,2021
2022_04_LA_SF,2022,4,SF,LA,24,9,1,0.5370343326013256,0.5108834827144686,2021
2022_04_MIA_CIN,2022,4,CIN,MIA,27,15,1,0.4619677025705991,0.5108834827144686,2021
2022_04_MIN_NO,2022,4,NO,MIN,25,28,0,0.4910016003201311,0.5108834827144686,2021
2022_04_NE_GB,2022,4,GB,NE,27,24,1,0.5633049119300845,0.5108834827144686,2021
2022_04_NYJ_PIT,2022,4,PIT,NYJ,20,24,0,0.6256477575101256,0.5108834827144686,2021
2022_04_SEA_DET,2022,4,DET,SEA,45,48,0,0.49930765677713806,0.5108834827144686,2021
2022_04_TEN_IND,2022,4,IND,TEN,17,24,0,0.49187656714487554,0.5108834827144686,2021
2022_04_WAS_DAL,2022,4,DAL,WAS,25,10,1,0.6670074942420796,0.5108834827144686,2021
2022_05_ATL_TB,2022,5,TB,ATL,21,15,1,0.6727016655286197,0.5108834827144686,2021
2022_05_CHI_MIN,2022,5,MIN,CHI,29,22,1,0.574125246846542,0.5108834827144686,2021
2022_05_CIN_BAL,2022,5,BAL,CIN,19,17,1,0.48421099333954803,0.5108834827144686,2021
2022_05_DAL_LA,2022,5,LA,DAL,10,22,0,0.43129957224850796,0.5108834827144686,2021
2022_05_DET_NE,2022,5,NE,DET,29,0,1,0.5914689667198186,0.5108834827144686,2021
2022_05_HOU_JAX,2022,5,JAX,HOU,6,13,0,0.7204239951939025,0.5108834827144686,2021
2022_05_IND_DEN,2022,5,DEN,IND,9,12,0,0.5705376124262972,0.5108834827144686,2021
2022_05_LAC_CLE,2022,5,CLE,LAC,28,30,0,0.5232729362872084,0.5108834827144686,2021
2022_05_LV_KC,2022,5,KC,LV,30,29,1,0.7545252747490481,0.5108834827144686,2021
2022_05_MIA_NYJ,2022,5,NYJ,MIA,40,17,1,0.2842621781576445,0.5108834827144686,2021
2022_05_NYG_GB,2022,5,GB,NYG,22,27,0,0.6877724787789277,0.5108834827144686,2021
2022_05_PHI_ARI,2022,5,ARI,PHI,17,20,0,0.33383742542902006,0.5108834827144686,2021
2022_05_PIT_BUF,2022,5,BUF,PIT,38,3,1,0.8120963738574976,0.5108834827144686,2021
2022_05_SEA_NO,2022,5,NO,SEA,39,32,1,0.4551549434283069,0.5108834827144686,2021
2022_05_SF_CAR,2022,5,CAR,SF,15,37,0,0.2796960636474401,0.5108834827144686,2021
2022_05_TEN_WAS,2022,5,WAS,TEN,17,21,0,0.406653859138286,0.5108834827144686,2021
2022_06_ARI_SEA,2022,6,SEA,ARI,19,9,1,0.5278891657786217,0.5108834827144686,2021
2022_06_BAL_NYG,2022,6,NYG,BAL,24,20,1,0.4002828682303172,0.5108834827144686,2021
2022_06_BUF_KC,2022,6,KC,BUF,20,24,0,0.429757984420125,0.5108834827144686,2021
2022_06_CAR_LA,2022,6,LA,CAR,24,10,1,0.616710124225362,0.5108834827144686,2021
2022_06_CIN_NO,2022,6,NO,CIN,26,30,0,0.4682616228415895,0.5108834827144686,2021
2022_06_DAL_PHI,2022,6,PHI,DAL,26,17,1,0.6583567453300226,0.5108834827144686,2021
2022_06_DEN_LAC,2022,6,LAC,DEN,19,16,1,0.6097498070645627,0.5108834827144686,2021
2022_06_JAX_IND,2022,6,IND,JAX,34,27,1,0.42194942128263935,0.5108834827144686,2021
2022_06_MIN_MIA,2022,6,MIA,MIN,16,24,0,0.5103732094691631,0.5108834827144686,2021
2022_06_NE_CLE,2022,6,CLE,NE,15,38,0,0.47953723932936576,0.5108834827144686,2021
2022_06_NYJ_GB,2022,6,GB,NYJ,10,27,0,0.6596594975255051,0.5108834827144686,2021
2022_06_SF_ATL,2022,6,ATL,SF,28,14,1,0.2977780274797906,0.5108834827144686,2021
2022_06_TB_PIT,2022,6,PIT,TB,20,18,1,0.28573636199655883,0.5108834827144686,2021
2022_06_WAS_CHI,2022,6,CHI,WAS,7,12,0,0.5208463024564758,0.5108834827144686,2021
2022_07_ATL_CIN,2022,7,CIN,ATL,35,17,1,0.6236643725620868,0.5108834827144686,2021
2022_07_CHI_NE,2022,7,NE,CHI,14,33,0,0.7290263738924752,0.5108834827144686,2021
2022_07_CLE_BAL,2022,7,BAL,CLE,23,20,1,0.5662254146197019,0.5108834827144686,2021
2022_07_DET_DAL,2022,7,DAL,DET,24,6,1,0.6599739275998973,0.5108834827144686,2021
2022_07_GB_WAS,2022,7,WAS,GB,23,21,1,0.4085421787939336,0.5108834827144686,2021
2022_07_HOU_LV,2022,7,LV,HOU,38,20,1,0.6507107031854847,0.5108834827144686,2021
2022_07_IND_TEN,2022,7,TEN,IND,19,10,1,0.5380988907970053,0.5108834827144686,2021
2022_07_KC_SF,2022,7,SF,KC,23,44,0,0.42219548158833015,0.5108834827144686,2021
2022_07_NO_ARI,2022,7,ARI,NO,42,34,1,0.5022429989558962,0.5108834827144686,2021
2022_07_NYG_JAX,2022,7,JAX,NYG,17,23,0,0.5724078104283574,0.5108834827144686,2021
2022_07_NYJ_DEN,2022,7,DEN,NYJ,9,16,0,0.5383038192918327,0.5108834827144686,2021
2022_07_PIT_MIA,2022,7,MIA,PIT,16,10,1,0.6203957300400923,0.5108834827144686,2021
2022_07_SEA_LAC,2022,7,LAC,SEA,23,37,0,0.5323226741231878,0.5108834827144686,2021
2022_07_TB_CAR,2022,7,CAR,TB,21,3,1,0.2281931028719913,0.5108834827144686,2021
2022_08_ARI_MIN,2022,8,MIN,ARI,34,26,1,0.4977172066261615,0.5108834827144686,2021
2022_08_BAL_TB,2022,8,TB,BAL,22,27,0,0.5497065523878247,0.5108834827144686,2021
2022_08_CAR_ATL,2022,8,ATL,CAR,37,34,1,0.6048776765011388,0.5108834827144686,2021
2022_08_CHI_DAL,2022,8,DAL,CHI,49,29,1,0.6202878410096963,0.5108834827144686,2021
2022_08_CIN_CLE,2022,8,CLE,CIN,32,13,1,0.38830788918025905,0.5108834827144686,2021
2022_08_DEN_JAX,2022,8,JAX,DEN,17,21,0,0.5664453732610899,0.5108834827144686,2021
2022_08_GB_BUF,2022,8,BUF,GB,27,17,1,0.7787295741694097,0.5108834827144686,2021
2022_08_LV_NO,2022,8,NO,LV,24,0,1,0.5109626329776215,0.5108834827144686,2021
2022_08_MIA_DET,2022,8,DET,MIA,27,31,0,0.35929369730171945,0.5108834827144686,2021
2022_08_NE_NYJ,2022,8,NYJ,NE,17,22,0,0.37831258334453155,0.5108834827144686,2021
2022_08_NYG_SEA,2022,8,SEA,NYG,27,13,1,0.6013406138523717,0.5108834827144686,2021
2022_08_PIT_PHI,2022,8,PHI,PIT,35,13,1,0.7815448316943129,0.5108834827144686,2021
2022_08_SF_LA,2022,8,LA,SF,14,31,0,0.4044887684474958,0.5108834827144686,2021
2022_08_TEN_HOU,2022,8,HOU,TEN,10,17,0,0.3587613412799751,0.5108834827144686,2021
2022_08_WAS_IND,2022,8,IND,WAS,16,17,0,0.5494068499698782,0.5108834827144686,2021
2022_09_BAL_NO,2022,9,NO,BAL,13,27,0,0.5227170701000292,0.5108834827144686,2021
2022_09_BUF_NYJ,2022,9,NYJ,BUF,20,17,1,0.21638110199973032,0.5108834827144686,2021
2022_09_CAR_CIN,2022,9,CIN,CAR,42,21,1,0.7113811234442158,0.5108834827144686,2021
2022_09_GB_DET,2022,9,DET,GB,15,9,1,0.38395184273362964,0.5108834827144686,2021
2022_09_IND_NE,2022,9,NE,IND,26,3,1,0.637698346711682,0.5108834827144686,2021
2022_09_LAC_ATL,2022,9,ATL,LAC,17,20,0,0.4507390302680478,0.5108834827144686,2021
2022_09_LA_TB,2022,9,TB,LA,16,13,1,0.6340304051767606,0.5108834827144686,2021
2022_09_LV_JAX,2022,9,JAX,LV,27,20,1,0.5597568953612979,0.5108834827144686,2021
2022_09_MIA_CHI,2022,9,CHI,MIA,32,35,0,0.39647124504163206,0.5108834827144686,2021
2022_09_MIN_WAS,2022,9,WAS,MIN,17,20,0,0.39391285307937385,0.5108834827144686,2021
2022_09_PHI_HOU,2022,9,HOU,PHI,17,29,0,0.15975028835609487,0.5108834827144686,2021
2022_09_SEA_ARI,2022,9,ARI,SEA,21,31,0,0.4732590871150266,0.5108834827144686,2021
2022_09_TEN_KC,2022,9,KC,TEN,20,17,1,0.7302717881413595,0.5108834827144686,2021
2022_10_ARI_LA,2022,10,LA,ARI,17,27,0,0.4476870862670994,0.5108834827144686,2021
2022_10_ATL_CAR,2022,10,CAR,ATL,25,15,1,0.41733243240857726,0.5108834827144686,2021
2022_10_CLE_MIA,2022,10,MIA,CLE,39,17,1,0.5101455231770583,0.5108834827144686,2021
2022_10_DAL_GB,2022,10,GB,DAL,31,28,1,0.3904920687504347,0.5108834827144686,2021
2022_10_DEN_TEN,2022,10,TEN,DEN,17,10,1,0.5337580462647581,0.5108834827144686,2021
2022_10_DET_CHI,2022,10,CHI,DET,30,31,0,0.5736983879251167,0.5108834827144686,2021
2022_10_HOU_NYG,2022,10,NYG,HOU,24,16,1,0.6778762745558394,0.5108834827144686,2021
2022_10_IND_LV,2022,10,LV,IND,20,25,0,0.5696892562982784,0.5108834827144686,2021
2022_10_JAX_KC,2022,10,KC,JAX,27,17,1,0.7109598882723942,0.5108834827144686,2021
2022_10_LAC_SF,2022,10,SF,LAC,22,16,1,0.6106591845512228,0.5108834827144686,2021
2022_10_MIN_BUF,2022,10,BUF,MIN,30,33,0,0.7190949837726833,0.5108834827144686,2021
2022_10_NO_PIT,2022,10,PIT,NO,20,10,1,0.34876751342610035,0.5108834827144686,2021
2022_10_SEA_TB,2022,10,TB,SEA,21,16,1,0.4860245651183249,0.5108834827144686,2021
2022_10_WAS_PHI,2022,10,PHI,WAS,21,32,0,0.7993534084136603,0.5108834827144686,2021
2022_11_CAR_BAL,2022,11,BAL,CAR,13,3,1,0.6841668391595989,0.5108834827144686,2021
2022_11_CHI_ATL,2022,11,ATL,CHI,27,24,1,0.5071809897425283,0.5108834827144686,2021
2022_11_CIN_PIT,2022,11,PIT,CIN,30,37,0,0.27990118998406033,0.5108834827144686,2021
2022_11_CLE_BUF,2022,11,BUF,CLE,31,23,1,0.7023798858604334,0.5108834827144686,2021
2022_11_DAL_MIN,2022,11,MIN,DAL,3,40,0,0.4611474143399643,0.5108834827144686,2021
2022_11_DET_NYG,2022,11,NYG,DET,18,31,0,0.6017571202519058,0.5108834827144686,2021
2022_11_KC_LAC,2022,11,LAC,KC,27,30,0,0.26861952178611304,0.5108834827144686,2021
2022_11_LA_NO,2022,11,NO,LA,27,20,1,0.59710190689319,0.5108834827144686,2021
2022_11_LV_DEN,2022,11,DEN,LV,16,22,0,0.5393641995253609,0.5108834827144686,2021
2022_11_NYJ_NE,2022,11,NE,NYJ,10,3,1,0.6086348787552378,0.5108834827144686,2021
2022_11_PHI_IND,2022,11,IND,PHI,16,17,0,0.24571484883791128,0.5108834827144686,2021
2022_11_SF_ARI,2022,11,ARI,SF,10,38,0,0.4043537976232848,0.5108834827144686,2021
2022_11_TEN_GB,2022,11,GB,TEN,17,27,0,0.5204082214156682,0.5108834827144686,2021
2022_11_WAS_HOU,2022,11,HOU,WAS,10,23,0,0.3820736388607688,0.5108834827144686,2021
2022_12_ATL_WAS,2022,12,WAS,ATL,19,13,1,0.523471873103997,0.5108834827144686,2021
2022_12_BAL_JAX,2022,12,JAX,BAL,28,27,1,0.45252093323953324,0.5108834827144686,2021
2022_12_BUF_DET,2022,12,DET,BUF,25,28,0,0.2459822838500706,0.5108834827144686,2021
2022_12_CHI_NYJ,2022,12,NYJ,CHI,31,10,1,0.501302900436577,0.5108834827144686,2021
2022_12_CIN_TEN,2022,12,TEN,CIN,16,20,0,0.3969307412576189,0.5108834827144686,2021
2022_12_DEN_CAR,2022,12,CAR,DEN,23,10,1,0.4053365265721848,0.5108834827144686,2021
2022_12_GB_PHI,2022,12,PHI,GB,40,33,1,0.6905260347145563,0.5108834827144686,2021
2022_12_HOU_MIA,2022,12,MIA,HOU,30,15,1,0.7856210630381285,0.5108834827144686,2021
2022_12_LAC_ARI,2022,12,ARI,LAC,24,25,0,0.5056775784380775,0.5108834827144686,2021
2022_12_LA_KC,2022,12,KC,LA,26,10,1,0.7960826981669221,0.5108834827144686,2021
2022_12_LV_SEA,2022,12,SEA,LV,34,40,0,0.6087380475286283,0.5108834827144686,2021
2022_12_NE_MIN,2022,12,MIN,NE,33,26,1,0.4239418609975797,0.5108834827144686,2021
2022_12_NO_SF,2022,12,SF,NO,13,0,1,0.653226377924803,0.5108834827144686,2021
2022_12_NYG_DAL,2022,12,DAL,NYG,28,20,1,0.6613503297103732,0.5108834827144686,2021
2022_12_PIT_IND,2022,12,IND,PIT,17,24,0,0.5452697641600633,0.5108834827144686,2021
2022_12_TB_CLE,2022,12,CLE,TB,23,17,1,0.4530485844902163,0.5108834827144686,2021
2022_13_BUF_NE,2022,13,NE,BUF,10,24,0,0.37887541831448523,0.5108834827144686,2021
2022_13_CLE_HOU,2022,13,HOU,CLE,14,27,0,0.27502481794162,0.5108834827144686,2021
2022_13_DEN_BAL,2022,13,BAL,DEN,10,9,1,0.6370331137834702,0.5108834827144686,2021
2022_13_GB_CHI,2022,13,CHI,GB,19,28,0,0.433815096620067,0.5108834827144686,2021
2022_13_IND_DAL,2022,13,DAL,IND,54,19,1,0.726835351627287,0.5108834827144686,2021
2022_13_JAX_DET,2022,13,DET,JAX,40,14,1,0.422651593851033,0.5108834827144686,2021
2022_13_KC_CIN,2022,13,CIN,KC,27,24,1,0.4005829985594047,0.5108834827144686,2021
2022_13_LAC_LV,2022,13,LV,LAC,27,20,1,0.49819799364099265,0.5108834827144686,2021
2022_13_MIA_SF,2022,13,SF,MIA,33,17,1,0.5744088604758716,0.5108834827144686,2021
2022_13_NO_TB,2022,13,TB,NO,17,16,1,0.5789213964483305,0.5108834827144686,2021
2022_13_NYJ_MIN,2022,13,MIN,NYJ,27,22,1,0.5346565002479654,0.5108834827144686,2021
2022_13_PIT_ATL,2022,13,ATL,PIT,16,19,0,0.5254640018880453,0.5108834827144686,2021
2022_13_SEA_LA,2022,13,LA,SEA,23,27,0,0.369342851482941,0.5108834827144686,2021
2022_13_TEN_PHI,2022,13,PHI,TEN,35,10,1,0.6630076946994475,0.5108834827144686,2021
2022_14_BAL_PIT,2022,14,PIT,BAL,14,16,0,0.39061271877027537,0.5108834827144686,2021
2022_14_CAR_SEA,2022,14,SEA,CAR,24,30,0,0.6673419759628302,0.5108834827144686,2021
2022_14_CLE_CIN,2022,14,CIN,CLE,23,10,1,0.631278408866266,0.5108834827144686,2021
2022_14_HOU_DAL,2022,14,DAL,HOU,27,23,1,0.8499885114373776,0.5108834827144686,2021
2022_14_JAX_TEN,2022,14,TEN,JAX,22,36,0,0.5202071557429028,0.5108834827144686,2021
2022_14_KC_DEN,2022,14,DEN,KC,28,34,0,0.23682373247660385,0.5108834827144686,2021
2022_14_LV_LA,2022,14,LA,LV,17,16,1,0.42729474984655713,0.5108834827144686,2021
2022_14_MIA_LAC,2022,14,LAC,MIA,23,17,1,0.4332128445147385,0.5108834827144686,2021
2022_14_MIN_DET,2022,14,DET,MIN,34,23,1,0.4697624832079005,0.5108834827144686,2021
2022_14_NE_ARI,2022,14,ARI,NE,13,27,0,0.4450135555319148,0.5108834827144686,2021
2022_14_NYJ_BUF,2022,14,BUF,NYJ,20,12,1,0.7365302305888374,0.5108834827144686,2021
2022_14_PHI_NYG,2022,14,NYG,PHI,22,48,0,0.2643946074518493,0.5108834827144686,2021
2022_14_TB_SF,2022,14,SF,TB,35,7,1,0.609886855678976,0.5108834827144686,2021
2022_15_ARI_DEN,2022,15,DEN,ARI,24,15,1,0.48461446560037097,0.5108834827144686,2021
2022_15_ATL_NO,2022,15,NO,ATL,21,18,1,0.5729683955300493,0.5108834827144686,2021
2022_15_BAL_CLE,2022,15,CLE,BAL,13,3,1,0.4597652457567594,0.5108834827144686,2021
2022_15_CIN_TB,2022,15,TB,CIN,23,34,0,0.3995046504513694,0.5108834827144686,2021
2022_15_DAL_JAX,2022,15,JAX,DAL,40,34,1,0.3438526856742515,0.5108834827144686,2021
2022_15_DET_NYJ,2022,15,NYJ,DET,17,20,0,0.4810634773924177,0.5108834827144686,2021
2022_15_IND_MIN,2022,15,MIN,IND,39,36,1,0.6143372221971153,0.5108834827144686,2021
2022_15_KC_HOU,2022,15,HOU,KC,24,30,0,0.12706644767029612,0.5108834827144686,2021
2022_15_LA_GB,2022,15,GB,LA,24,12,1,0.6218693533384163,0.5108834827144686,2021
2022_15_MIA_BUF,2022,15,BUF,MIA,32,29,1,0.6470436448945818,0.5108834827144686,2021
2022_15_NE_LV,2022,15,LV,NE,30,24,1,0.428403174632127,0.5108834827144686,2021
2022_15_NYG_WAS,2022,15,WAS,NYG,12,20,0,0.5538861983136341,0.5108834827144686,2021
2022_15_PHI_CHI,2022,15,CHI,PHI,20,25,0,0.2338050358761232,0.5108834827144686,2021
2022_15_PIT_CAR,2022,15,CAR,PIT,16,24,0,0.48919400686139236,0.5108834827144686,2021
2022_15_SF_SEA,2022,15,SEA,SF,13,21,0,0.37583616638859657,0.5108834827144686,2021
2022_15_TEN_LAC,2022,15,LAC,TEN,17,14,1,0.533830220892028,0.5108834827144686,2021
2022_16_ATL_BAL,2022,16,BAL,ATL,17,9,1,0.6158114528778214,0.5108834827144686,2021
2022_16_BUF_CHI,2022,16,CHI,BUF,13,35,0,0.258306642172913,0.5108834827144686,2021
2022_16_CIN_NE,2022,16,NE,CIN,18,22,0,0.428887091175496,0.5108834827144686,2021
2022_16_DEN_LA,2022,16,LA,DEN,51,14,1,0.45820715820078245,0.5108834827144686,2021
2022_16_DET_CAR,2022,16,CAR,DET,37,23,1,0.44387155679908363,0.5108834827144686,2021
2022_16_GB_MIA,2022,16,MIA,GB,20,26,0,0.5372122704587207,0.5108834827144686,2021
2022_16_HOU_TEN,2022,16,TEN,HOU,14,19,0,0.7206878498578903,0.5108834827144686,2021
2022_16_JAX_NYJ,2022,16,NYJ,JAX,3,19,0,0.44562620050548,0.5108834827144686,2021
2022_16_LAC_IND,2022,16,IND,LAC,3,20,0,0.39844867715961235,0.5108834827144686,2021
2022_16_LV_PIT,2022,16,PIT,LV,13,10,1,0.47785070270153285,0.5108834827144686,2021
2022_16_NO_CLE,2022,16,CLE,NO,10,17,0,0.5335596384166984,0.5108834827144686,2021
2022_16_NYG_MIN,2022,16,MIN,NYG,27,24,1,0.5608628131109095,0.5108834827144686,2021
2022_16_PHI_DAL,2022,16,DAL,PHI,40,34,1,0.44266291070736813,0.5108834827144686,2021
2022_16_SEA_KC,2022,16,KC,SEA,24,10,1,0.7244693943320782,0.5108834827144686,2021
2022_16_TB_ARI,2022,16,ARI,TB,16,19,0,0.4248297535589665,0.5108834827144686,2021
2022_16_WAS_SF,2022,16,SF,WAS,37,20,1,0.7220468576627457,0.5108834827144686,2021
2022_17_ARI_ATL,2022,17,ATL,ARI,20,19,1,0.4828192787183511,0.5108834827144686,2021
2022_17_CAR_TB,2022,17,TB,CAR,30,24,1,0.5968389826068594,0.5108834827144686,2021
2022_17_CHI_DET,2022,17,DET,CHI,41,10,1,0.5867208665972252,0.5108834827144686,2021
2022_17_CLE_WAS,2022,17,WAS,CLE,10,24,0,0.4536872487044574,0.5108834827144686,2021
2022_17_DAL_TEN,2022,17,TEN,DAL,13,27,0,0.32642907768413987,0.5108834827144686,2021
2022_17_DEN_KC,2022,17,KC,DEN,27,24,1,0.7895450675715805,0.5108834827144686,2021
2022_17_IND_NYG,2022,17,NYG,IND,38,10,1,0.5855347615716486,0.5108834827144686,2021
2022_17_JAX_HOU,2022,17,HOU,JAX,3,31,0,0.2742257865377413,0.5108834827144686,2021
2022_17_LA_LAC,2022,17,LAC,LA,31,10,1,0.5832871682391384,0.5108834827144686,2021
2022_17_MIA_NE,2022,17,NE,MIA,23,21,1,0.5104020662841916,0.5108834827144686,2021
2022_17_MIN_GB,2022,17,GB,MIN,41,17,1,0.5474028150497557,0.5108834827144686,2021
2022_17_NO_PHI,2022,17,PHI,NO,10,20,0,0.7089085820080198,0.5108834827144686,2021
2022_17_NYJ_SEA,2022,17,SEA,NYJ,23,6,1,0.5783374313307484,0.5108834827144686,2021
2022_17_PIT_BAL,2022,17,BAL,PIT,13,16,0,0.5829491503803831,0.5108834827144686,2021
2022_17_SF_LV,2022,17,LV,SF,34,37,0,0.30661027558232806,0.5108834827144686,2021
2022_18_ARI_SF,2022,18,SF,ARI,38,13,1,0.7389000553070125,0.5108834827144686,2021
2022_18_BAL_CIN,2022,18,CIN,BAL,27,16,1,0.6203608902577741,0.5108834827144686,2021
2022_18_CAR_NO,2022,18,NO,CAR,7,10,0,0.568506104120187,0.5108834827144686,2021
2022_18_CLE_PIT,2022,18,PIT,CLE,28,14,1,0.4637633578717287,0.5108834827144686,2021
2022_18_DAL_WAS,2022,18,WAS,DAL,26,6,1,0.30068425236087165,0.5108834827144686,2021
2022_18_DET_GB,2022,18,GB,DET,16,20,0,0.561867459386686,0.5108834827144686,2021
2022_18_HOU_IND,2022,18,IND,HOU,31,32,0,0.619182869810048,0.5108834827144686,2021
2022_18_KC_LV,2022,18,LV,KC,13,31,0,0.26070136470119726,0.5108834827144686,2021
2022_18_LAC_DEN,2022,18,DEN,LAC,31,28,1,0.38748961397885157,0.5108834827144686,2021
2022_18_LA_SEA,2022,18,SEA,LA,19,16,1,0.5803091842681384,0.5108834827144686,2021
2022_18_MIN_CHI,2022,18,CHI,MIN,13,29,0,0.4023550408586401,0.5108834827144686,2021
2022_18_NE_BUF,2022,18,BUF,NE,35,23,1,0.6768042216775222,0.5108834827144686,2021
2022_18_NYG_PHI,2022,18,PHI,NYG,22,16,1,0.7219701573799862,0.5108834827144686,2021
2022_18_NYJ_MIA,2022,18,MIA,NYJ,11,6,1,0.6497226955249733,0.5108834827144686,2021
2022_18_TB_ATL,2022,18,ATL,TB,30,17,1,0.37533417633025856,0.5108834827144686,2021
2022_18_TEN_JAX,2022,18,JAX,TEN,20,16,1,0.5816537581014564,0.5108834827144686,2021
2023_01_ARI_WAS,2023,1,WAS,ARI,20,16,1,0.5769374743628153,0.5238095238095238,2022
2023_01_BUF_NYJ,2023,1,NYJ,BUF,22,16,1,0.3154949209317027,0.5238095238095238,2022
2023_01_CAR_ATL,2023,1,ATL,CAR,24,10,1,0.529660468724657,0.5238095238095238,2022
2023_01_CIN_CLE,2023,1,CLE,CIN,24,3,1,0.4264227496782537,0.5238095238095238,2022
2023_01_DAL_NYG,2023,1,NYG,DAL,0,40,0,0.47621226027567054,0.5238095238095238,2022
2023_01_DET_KC,2023,1,KC,DET,20,21,0,0.6821783562561557,0.5238095238095238,2022
2023_01_GB_CHI,2023,1,CHI,GB,20,38,0,0.4336355921325947,0.5238095238095238,2022
2023_01_HOU_BAL,2023,1,BAL,HOU,25,9,1,0.7217867902666693,0.5238095238095238,2022
2023_01_JAX_IND,2023,1,IND,JAX,21,31,0,0.30832610689456696,0.5238095238095238,2022
2023_01_LA_SEA,2023,1,SEA,LA,13,30,0,0.6117052628384464,0.5238095238095238,2022
2023_01_LV_DEN,2023,1,DEN,LV,16,17,0,0.46056534565669954,0.5238095238095238,2022
2023_01_MIA_LAC,2023,1,LAC,MIA,34,36,0,0.4820529358985773,0.5238095238095238,2022
2023_01_PHI_NE,2023,1,NE,PHI,20,25,0,0.3667084210184706,0.5238095238095238,2022
2023_01_SF_PIT,2023,1,PIT,SF,7,30,0,0.3777882160756639,0.5238095238095238,2022
2023_01_TB_MIN,2023,1,MIN,TB,17,20,0,0.5355923238769973,0.5238095238095238,2022
2023_01_TEN_NO,2023,1,NO,TEN,16,15,1,0.5746806449120412,0.5238095238095238,2022
2023_02_BAL_CIN,2023,2,CIN,BAL,24,27,0,0.4441204677402512,0.5238095238095238,2022
2023_02_CHI_TB,2023,2,TB,CHI,27,17,1,0.645631810771526,0.5238095238095238,2022
2023_02_CLE_PIT,2023,2,PIT,CLE,26,22,1,0.3656443549849082,0.5238095238095238,2022
2023_02_GB_ATL,2023,2,ATL,GB,25,24,1,0.43658271505390034,0.5238095238095238,2022
2023_02_IND_HOU,2023,2,HOU,IND,20,31,0,0.5093718471190227,0.5238095238095238,2022
2023_02_KC_JAX,2023,2,JAX,KC,9,17,0,0.4416643470692842,0.5238095238095238,2022
2023_02_LAC_TEN,2023,2,TEN,LAC,27,24,1,0.4039135266337335,0.5238095238095238,2022
2023_02_LV_BUF,2023,2,BUF,LV,38,10,1,0.5937738968862404,0.5238095238095238,2022
2023_02_MIA_NE,2023,2,NE,MIA,17,24,0,0.35437620081013277,0.5238095238095238,2022
2023_02_MIN_PHI,2023,2,PHI,MIN,34,28,1,0.6567039421635077,0.5238095238095238,2022
2023_02_NO_CAR,2023,2,CAR,NO,17,20,0,0.4306196701454423,0.5238095238095238,2022
2023_02_NYG_ARI,2023,2,ARI,NYG,28,31,0,0.5212990968771672,0.5238095238095238,2022
2023_02_NYJ_DAL,2023,2,DAL,NYJ,30,10,1,0.7052597553814374,0.5238095238095238,2022
2023_02_SEA_DET,2023,2,DET,SEA,31,37,0,0.6701810412337201,0.5238095238095238,2022
2023_02_SF_LA,2023,2,LA,SF,23,30,0,0.3325581502401254,0.5238095238095238,2022
2023_02_WAS_DEN,2023,2,DEN,WAS,33,35,0,0.5080309095774088,0.5238095238095238,2022
2023_03_ATL_DET,2023,3,DET,ATL,20,6,1,0.5086489610834127,0.5238095238095238,2022
2023_03_BUF_WAS,2023,3,WAS,BUF,3,37,0,0.30253655054171197,0.5238095238095238,2022
2023_03_CAR_SEA,2023,3,SEA,CAR,37,27,1,0.6699318860460395,0.5238095238095238,2022
2023_03_CHI_KC,2023,3,KC,CHI,41,10,1,0.8354950039837551,0.5238095238095238,2022
2023_03_DAL_ARI,2023,3,ARI,DAL,28,16,1,0.25037465665389763,0.5238095238095238,2022
2023_03_DEN_MIA,2023,3,MIA,DEN,70,20,1,0.7339240886335222,0.5238095238095238,2022
2023_03_HOU_JAX,2023,3,JAX,HOU,17,37,0,0.6718467688225057,0.5238095238095238,2022
2023_03_IND_BAL,2023,3,BAL,IND,19,22,0,0.7382790032915949,0.5238095238095238,2022
2023_03_LAC_MIN,2023,3,MIN,LAC,24,28,0,0.45517979473588793,0.5238095238095238,2022
2023_03_LA_CIN,2023,3,CIN,LA,19,16,1,0.48938805121886947,0.5238095238095238,2022
2023_03_NE_NYJ,2023,3,NYJ,NE,10,15,0,0.4113195582232372,0.5238095238095238,2022
2023_03_NO_GB,2023,3,GB,NO,18,17,1,0.5582017081217856,0.5238095238095238,2022
2023_03_NYG_SF,2023,3,SF,NYG,30,12,1,0.7910983249500677,0.5238095238095238,2022
2023_03_PHI_TB,2023,3,TB,PHI,11,25,0,0.45149353478281085,0.5238095238095238,2022
2023_03_PIT_LV,2023,3,LV,PIT,18,23,0,0.6369667741829284,0.5238095238095238,2022
2023_03_TEN_CLE,2023,3,CLE,TEN,27,3,1,0.6325583138381,0.5238095238095238,2022
2023_04_ARI_SF,2023,4,SF,ARI,35,16,1,0.791874144857258,0.5238095238095238,2022
2023_04_ATL_JAX,2023,4,JAX,ATL,23,7,1,0.4798823780361445,0.5238095238095238,2022
2023_04_BAL_CLE,2023,4,CLE,BAL,3,28,0,0.5201181549015569,0.5238095238095238,2022
2023_04_CIN_TEN,2023,4,TEN,CIN,27,3,1,0.39731582681035776,0.5238095238095238,2022
2023_04_DEN_CHI,2023,4,CHI,DEN,28,31,0,0.44631245292791294,0.5238095238095238,2022
2023_04_DET_GB,2023,4,GB,DET,20,34,0,0.5271494469376107,0.5238095238095238,2022
2023_04_KC_NYJ,2023,4,NYJ,KC,20,23,0,0.12672765684026985,0.5238095238095238,2022
2023_04_LA_IND,2023,4,IND,LA,23,29,0,0.39453522893092957,0.5238095238095238,2022
2023_04_LV_LAC,2023,4,LAC,LV,24,17,1,0.6938181335165376,0.5238095238095238,2022
2023_04_MIA_BUF,2023,4,BUF,MIA,48,20,1,0.4893774782470478,0.5238095238095238,2022
2023_04_MIN_CAR,2023,4,CAR,MIN,13,21,0,0.44662642377353473,0.5238095238095238,2022
2023_04_NE_DAL,2023,4,DAL,NE,38,3,1,0.7158328699400097,0.5238095238095238,2022
2023_04_PIT_HOU,2023,4,HOU,PIT,30,6,1,0.5038261867767301,0.5238095238095238,2022
2023_04_SEA_NYG,2023,4,NYG,SEA,3,24,0,0.3289631693490025,0.5238095238095238,2022
2023_04_TB_NO,2023,4,NO,TB,9,26,0,0.5322463190736109,0.5238095238095238,2022
2023_04_WAS_PHI,2023,4,PHI,WAS,34,31,1,0.7963213620103874,0.5238095238095238,2022
2023_05_BAL_PIT,2023,5,PIT,BAL,17,10,1,0.2540209432016408,0.5238095238095238,2022
2023_05_CAR_DET,2023,5,DET,CAR,42,24,1,0.7433719524826821,0.5238095238095238,2022
2023_05_CHI_WAS,2023,5,WAS,CHI,20,40,0,0.6464984211088055,0.5238095238095238,2022
2023_05_CIN_ARI,2023,5,ARI,CIN,20,34,0,0.5763640640539085,0.5238095238095238,2022
2023_05_DAL_SF,2023,5,SF,DAL,42,10,1,0.6204073665888129,0.5238095238095238,2022
2023_05_GB_LV,2023,5,LV,GB,17,13,1,0.41048684655381595,0.5238095238095238,2022
2023_05_HOU_ATL,2023,5,ATL,HOU,21,19,1,0.5029671921419673,0.5238095238095238,2022
2023_05_JAX_BUF,2023,5,BUF,JAX,20,25,0,0.8396701275667442,0.5238095238095238,2022
2023_05_KC_MIN,2023,5,MIN,KC,20,27,0,0.2610145894568884,0.5238095238095238,2022
2023_05_NO_NE,2023,5,NE,NO,0,34,0,0.45942255159044226,0.5238095238095238,2022
2023_05_NYG_MIA,2023,5,MIA,NYG,31,16,1,0.8805323557635618,0.5238095238095238,2022
2023_05_NYJ_DEN,2023,5,DEN,NYJ,21,31,0,0.6401020546210554,0.5238095238095238,2022
2023_05_PHI_LA,2023,5,LA,PHI,14,23,0,0.40838093551673066,0.5238095238095238,2022
2023_05_TEN_IND,2023,5,IND,TEN,23,16,1,0.4715898041428311,0.5238095238095238,2022
2023_06_ARI_LA,2023,6,LA,ARI,26,9,1,0.6268963081341884,0.5238095238095238,2022
2023_06_BAL_TEN,2023,6,TEN,BAL,16,24,0,0.3952136576029032,0.5238095238095238,2022
2023_06_CAR_MIA,2023,6,MIA,CAR,42,21,1,0.8624253420764558,0.5238095238095238,2022
2023_06_DAL_LAC,2023,6,LAC,DAL,17,20,0,0.4980700401447602,0.5238095238095238,2022
2023_06_DEN_KC,2023,6,KC,DEN,19,8,1,0.8403849717195426,0.5238095238095238,2022
2023_06_DET_TB,2023,6,TB,DET,6,20,0,0.43781210924303243,0.5238095238095238,2022
2023_06_IND_JAX,2023,6,JAX,IND,37,20,1,0.5881576703324115,0.5238095238095238,2022
2023_06_MIN_CHI,2023,6,CHI,MIN,13,19,0,0.43338596512347766,0.5238095238095238,2022
2023_06_NE_LV,2023,6,LV,NE,21,17,1,0.6470150496869892,0.5238095238095238,2022
2023_06_NO_HOU,2023,6,HOU,NO,20,13,1,0.4412667235895948,0.5238095238095238,2022
2023_06_NYG_BUF,2023,6,BUF,NYG,14,9,1,0.9038576334904915,0.5238095238095238,2022
2023_06_PHI_NYJ,2023,6,NYJ,PHI,20,14,1,0.2154570315380553,0.5238095238095238,2022
2023_06_SEA_CIN,2023,6,CIN,SEA,17,13,1,0.3873116675107035,0.5238095238095238,2022
2023_06_SF_CLE,2023,6,CLE,SF,19,17,1,0.18590481029795133,0.5238095238095238,2022
2023_06_WAS_ATL,2023,6,ATL,WAS,16,24,0,0.5779983227458207,0.5238095238095238,2022
2023_07_ARI_SEA,2023,7,SEA,ARI,20,10,1,0.7137115228296754,0.5238095238095238,2022
2023_07_ATL_TB,2023,7,TB,ATL,13,16,0,0.610892065501791,0.5238095238095238,2022
2023_07_BUF_NE,2023,7,NE,BUF,29,25,1,0.12579202126253078,0.5238095238095238,2022
2023_07_CLE_IND,2023,7,IND,CLE,38,39,0,0.47136813057578564,0.5238095238095238,2022
2023_07_DET_BAL,2023,7,BAL,DET,38,6,1,0.433620564603712,0.5238095238095238,2022
2023_07_GB_DEN,2023,7,DEN,GB,19,17,1,0.3891066262643623,0.5238095238095238,2022
2023_07_JAX_NO,2023,7,NO,JAX,24,31,0,0.5576085479935823,0.5238095238095238,2022
2023_07_LAC_KC,2023,7,KC,LAC,31,17,1,0.7008029229167442,0.5238095238095238,2022
2023_07_LV_CHI,2023,7,CHI,LV,30,12,1,0.4462330449440794,0.5238095238095238,2022
2023_07_MIA_PHI,2023,7,PHI,MIA,31,17,1,0.3790779198923672,0.5238095238095238,2022
2023_07_PIT_LA,2023,7,LA,PIT,17,24,0,0.7144993603970887,0.5238095238095238,2022
2023_07_SF_MIN,2023,7,MIN,SF,22,17,1,0.21669409868835507,0.5238095238095238,2022
2023_07_WAS_NYG,2023,7,NYG,WAS,14,7,1,0.4105833781953742,0.5238095238095238,2022
2023_08_ATL_TEN,2023,8,TEN,ATL,28,23,1,0.5182536717530294,0.5238095238095238,2022
2023_08_BAL_ARI,2023,8,ARI,BAL,24,31,0,0.2520522542015318,0.5238095238095238,2022
2023_08_CHI_LAC,2023,8,LAC,CHI,30,13,1,0.664197534932492,0.5238095238095238,2022
2023_08_CIN_SF,2023,8,SF,CIN,17,31,0,0.8094040166524129,0.5238095238095238,2022
2023_08_CLE_SEA,2023,8,SEA,CLE,24,20,1,0.6765645586583078,0.5238095238095238,2022
2023_08_HOU_CAR,2023,8,CAR,HOU,15,13,1,0.4201023562558588,0.5238095238095238,2022
2023_08_JAX_PIT,2023,8,PIT,JAX,10,20,0,0.4167532271972184,0.5238095238095238,2022
2023_08_KC_DEN,2023,8,DEN,KC,24,9,1,0.17899433448304308,0.5238095238095238,2022
2023_08_LA_DAL,2023,8,DAL,LA,43,20,1,0.5967984264471656,0.5238095238095238,2022
2023_08_LV_DET,2023,8,DET,LV,26,14,1,0.7325415223116974,0.5238095238095238,2022
2023_08_MIN_GB,2023,8,GB,MIN,10,24,0,0.527331496216715,0.5238095238095238,2022
2023_08_NE_MIA,2023,8,MIA,NE,31,17,1,0.8610453317087653,0.5238095238095238,2022
2023_08_NO_IND,2023,8,IND,NO,27,38,0,0.4276913550408504,0.5238095238095238,2022
2023_08_NYJ_NYG,2023,8,NYG,NYJ,10,13,0,0.506817982103291,0.5238095238095238,2022
2023_08_PHI_WAS,2023,8,WAS,PHI,31,38,0,0.26162344914599994,0.5238095238095238,2022
2023_08_TB_BUF,2023,8,BUF,TB,24,18,1,0.7895083466808369,0.5238095238095238,2022
2023_09_ARI_CLE,2023,9,CLE,ARI,27,0,1,0.6078184828794994,0.5238095238095238,2022
2023_09_BUF_CIN,2023,9,CIN,BUF,24,18,1,0.25640842072003,0.5238095238095238,2022
2023_09_CHI_NO,2023,9,NO,CHI,24,17,1,0.6702931296871427,0.5238095238095238,2022
2023_09_DAL_PHI,2023,9,PHI,DAL,28,23,1,0.5366078916852025,0.5238095238095238,2022
2023_09_IND_CAR,2023,9,CAR,IND,13,27,0,0.43983551834605045,0.5238095238095238,2022
2023_09_LAC_NYJ,2023,9,NYJ,LAC,6,27,0,0.2931125303840474,0.5238095238095238,2022
2023_09_LA_GB,2023,9,GB,LA,20,3,1,0.45065430902639664,0.5238095238095238,2022
2023_09_MIA_KC,2023,9,KC,MIA,21,14,1,0.48583763232555083,0.5238095238095238,2022
2023_09_MIN_ATL,2023,9,ATL,MIN,28,31,0,0.40422321880042605,0.5238095238095238,2022
2023_09_NYG_LV,2023,9,LV,NYG,30,6,1,0.5596474725895179,0.5238095238095238,2022
2023_09_SEA_BAL,2023,9,BAL,SEA,37,3,1,0.5768720325816659,0.5238095238095238,2022
2023_09_TB_HOU,2023,9,HOU,TB,39,37,1,0.4999041113180294,0.5238095238095238,2022
2023_09_TEN_PIT,2023,9,PIT,TEN,20,16,1,0.45096989898338785,0.5238095238095238,2022
2023_09_WAS_NE,2023,9,NE,WAS,17,20,0,0.4397511161372776,0.5238095238095238,2022
2023_10_ATL_ARI,2023,10,ARI,ATL,25,23,1,0.38359767425938224,0.5238095238095238,2022
2023_10_CAR_CHI,2023,10,CHI,CAR,16,13,1,0.6131618895209651,0.5238095238095238,2022
2023_10_CLE_BAL,2023,10,BAL,CLE,31,33,0,0.7317002537800086,0.5238095238095238,2022
2023_10_DEN_BUF,2023,10,BUF,DEN,22,24,0,0.8332211003896792,0.5238095238095238,2022
2023_10_DET_LAC,2023,10,LAC,DET,38,41,0,0.48687470108685665,0.5238095238095238,2022
2023_10_GB_PIT,2023,10,PIT,GB,23,19,1,0.4470164858087872,0.5238095238095238,2022
2023_10_HOU_CIN,2023,10,CIN,HOU,27,30,0,0.5626364745438845,0.5238095238095238,2022
2023_10_IND_NE,2023,10,NE,IND,6,10,0,0.4114644273139736,0.5238095238095238,2022
2023_10_NO_MIN,2023,10,MIN,NO,27,19,1,0.5208954092598522,0.5238095238095238,2022
2023_10_NYG_DAL,2023,10,DAL,NYG,49,17,1,0.8317320960581664,0.5238095238095238,2022
2023_10_NYJ_LV,2023,10,LV,NYJ,16,12,1,0.622030491282445,0.5238095238095238,2022
2023_10_SF_JAX,2023,10,JAX,SF,3,34,0,0.28896180541290967,0.5238095238095238,2022
2023_10_TEN_TB,2023,10,TB,TEN,20,6,1,0.5570475101861913,0.5238095238095238,2022
2023_10_WAS_SEA,2023,10,SEA,WAS,29,26,1,0.6407205785770612,0.5238095238095238,2022
2023_11_ARI_HOU,2023,11,HOU,ARI,21,16,1,0.7157743518650673,0.5238095238095238,2022
2023_11_CHI_DET,2023,11,DET,CHI,31,26,1,0.7332811766880882,0.5238095238095238,2022
2023_11_CIN_BAL,2023,11,BAL,CIN,34,20,1,0.6569622909109947,0.5238095238095238,2022
2023_11_DAL_CAR,2023,11,CAR,DAL,10,33,0,0.1879081537204328,0.5238095238095238,2022
2023_11_LAC_GB,2023,11,GB,LAC,23,20,1,0.44792651231763486,0.5238095238095238,2022
2023_11_LV_MIA,2023,11,MIA,LV,20,13,1,0.812552312929312,0.5238095238095238,2022
2023_11_MIN_DEN,2023,11,DEN,MIN,21,20,1,0.36862431577185123,0.5238095238095238,2022
2023_11_NYG_WAS,2023,11,WAS,NYG,19,31,0,0.693115197438002,0.5238095238095238,2022
2023_11_NYJ_BUF,2023,11,BUF,NYJ,32,6,1,0.8681241663226109,0.5238095238095238,2022
2023_11_PHI_KC,2023,11,KC,PHI,17,21,0,0.56177609732261,0.5238095238095238,2022
2023_11_PIT_CLE,2023,11,CLE,PIT,13,10,1,0.5987999898509896,0.5238095238095238,2022
2023_11_SEA_LA,2023,11,LA,SEA,17,16,1,0.4583070541957935,0.5238095238095238,2022
2023_11_TB_SF,2023,11,SF,TB,27,14,1,0.7822492636080273,0.5238095238095238,2022
2023_11_TEN_JAX,2023,11,JAX,TEN,34,14,1,0.5477407133066206,0.5238095238095238,2022
2023_12_BAL_LAC,2023,12,LAC,BAL,10,20,0,0.43018575440908846,0.5238095238095238,2022
2023_12_BUF_PHI,2023,12,PHI,BUF,37,34,1,0.44528948416156583,0.5238095238095238,2022
2023_12_CAR_TEN,2023,12,TEN,CAR,17,10,1,0.6456844793455367,0.5238095238095238,2022
2023_12_CHI_MIN,2023,12,MIN,CHI,10,12,0,0.6565447638225038,0.5238095238095238,2022
2023_12_CLE_DEN,2023,12,DEN,CLE,29,12,1,0.4434490620677876,0.5238095238095238,2022
2023_12_GB_DET,2023,12,DET,GB,22,29,0,0.6497369567778952,0.5238095238095238,2022
2023_12_JAX_HOU,2023,12,HOU,JAX,21,24,0,0.5487976426516359,0.5238095238095238,2022
2023_12_KC_LV,2023,12,LV,KC,17,31,0,0.2388285310973339,0.5238095238095238,2022
2023_12_LA_ARI,2023,12,ARI,LA,14,37,0,0.3728545800947899,0.5238095238095238,2022
2023_12_MIA_NYJ,2023,12,NYJ,MIA,13,34,0,0.16110303280728072,0.5238095238095238,2022
2023_12_NE_NYG,2023,12,NYG,NE,10,7,1,0.46987239370592,0.5238095238095238,2022
2023_12_NO_ATL,2023,12,ATL,NO,24,15,1,0.4154376843800851,0.5238095238095238,2022
2023_12_PIT_CIN,2023,12,CIN,PIT,10,16,0,0.6190921961552531,0.5238095238095238,2022
2023_12_SF_SEA,2023,12,SEA,SF,13,31,0,0.28120752718637354,0.5238095238095238,2022
2023_12_TB_IND,2023,12,IND,TB,27,20,1,0.4707372569113411,0.5238095238095238,2022
2023_12_WAS_DAL,2023,12,DAL,WAS,45,10,1,0.7872950963958893,0.5238095238095238,2022
2023_13_ARI_PIT,2023,13,PIT,ARI,10,24,0,0.6657100808728983,0.5238095238095238,2022
2023_13_ATL_NYJ,2023,13,NYJ,ATL,8,13,0,0.3373514184282411,0.5238095238095238,2022
2023_13_CAR_TB,2023,13,TB,CAR,21,18,1,0.6943240665889342,0.5238095238095238,2022
2023_13_CIN_JAX,2023,13,JAX,CIN,31,34,0,0.49867050139602304,0.5238095238095238,2022
2023_13_CLE_LA,2023,13,LA,CLE,36,19,1,0.5739803534877682,0.5238095238095238,2022
2023_13_DEN_HOU,2023,13,HOU,DEN,22,17,1,0.5964494461639835,0.5238095238095238,2022
2023_13_DET_NO,2023,13,NO,DET,28,33,0,0.4477391523103028,0.5238095238095238,2022
2023_13_IND_TEN,2023,13,TEN,IND,28,31,0,0.509749008149341,0.5238095238095238,2022
2023_13_KC_GB,2023,13,GB,KC,27,19,1,0.3543945377440498,0.5238095238095238,2022
2023_13_LAC_NE,2023,13,NE,LAC,0,6,0,0.3422895654164744,0.5238095238095238,2022
2023_13_MIA_WAS,2023,13,WAS,MIA,15,45,0,0.23415958861652228,0.5238095238095238,2022
2023_13_SEA_DAL,2023,13,DAL,SEA,41,35,1,0.7413086771750348,0.5238095238095238,2022
2023_13_SF_PHI,2023,13,PHI,SF,19,42,0,0.3723956508792794,0.5238095238095238,2022
2023_14_BUF_KC,2023,14,KC,BUF,17,20,0,0.4660089203950672,0.5238095238095238,2022
2023_14_CAR_NO,2023,14,NO,CAR,28,6,1,0.719519797610002,0.5238095238095238,2022
2023_14_DEN_LAC,2023,14,LAC,DEN,7,24,0,0.6349834116135572,0.5238095238095238,2022
2023_14_DET_CHI,2023,14,CHI,DET,28,13,1,0.34663413020181394,0.5238095238095238,2022
2023_14_GB_NYG,2023,14,NYG,GB,24,22,1,0.27713786913453353,0.5238095238095238,2022
2023_14_HOU_NYJ,2023,14,NYJ,HOU,30,6,1,0.2819595309419316,0.5238095238095238,2022
2023_14_IND_CIN,2023,14,CIN,IND,34,14,1,0.6028484180469819,0.5238095238095238,2022
2023_14_JAX_CLE,2023,14,CLE,JAX,31,27,1,0.4778649501317849,0.5238095238095238,2022
2023_14_LA_BAL,2023,14,BAL,LA,37,31,1,0.6589614688358104,0.5238095238095238,2022
2023_14_MIN_LV,2023,14,LV,MIN,0,3,0,0.3793461740116525,0.5238095238095238,2022
2023_14_NE_PIT,2023,14,PIT,NE,18,21,0,0.6275598543070819,0.5238095238095238,2022
2023_14_PHI_DAL,2023,14,DAL,PHI,33,13,1,0.6368979979853358,0.5238095238095238,2022
2023_14_SEA_SF,2023,14,SF,SEA,28,16,1,0.7933940970995502,0.5238095238095238,2022
2023_14_TB_ATL,2023,14,ATL,TB,25,29,0,0.4873093535766735,0.5238095238095238,2022
2023_14_TEN_MIA,2023,14,MIA,TEN,27,28,0,0.7804470092787673,0.5238095238095238,2022
2023_15_ATL_CAR,2023,15,CAR,ATL,9,7,1,0.37590045341898576,0.5238095238095238,2022
2023_15_BAL_JAX,2023,15,JAX,BAL,7,23,0,0.34884843711043023,0.5238095238095238,2022
2023_15_CHI_CLE,2023,15,CLE,CHI,20,17,1,0.5337048611648711,0.5238095238095238,2022
2023_15_DAL_BUF,2023,15,BUF,DAL,31,10,1,0.5201410921828642,0.5238095238095238,2022
2023_15_DEN_DET,2023,15,DET,DEN,42,17,1,0.6728926016282522,0.5238095238095238,2022
2023_15_HOU_TEN,2023,15,TEN,HOU,16,19,0,0.5233689479101169,0.5238095238095238,2022
2023_15_KC_NE,2023,15,NE,KC,17,27,0,0.23317059555566153,0.5238095238095238,2022
2023_15_LAC_LV,2023,15,LV,LAC,63,21,1,0.3910036067225633,0.5238095238095238,2022
2023_15_MIN_CIN,2023,15,CIN,MIN,27,24,1,0.5475071384853203,0.5238095238095238,2022
2023_15_NYG_NO,2023,15,NO,NYG,24,6,1,0.7210163308760617,0.5238095238095238,2022
2023_15_NYJ_MIA,2023,15,MIA,NYJ,30,0,1,0.8616679570872758,0.5238095238095238,2022
2023_15_PHI_SEA,2023,15,SEA,PHI,20,17,1,0.4124869851168308,0.5238095238095238,2022
2023_15_PIT_IND,2023,15,IND,PIT,30,13,1,0.5425697338797494,0.5238095238095238,2022
2023_15_SF_ARI,2023,15,ARI,SF,29,45,0,0.12008799603060678,0.5238095238095238,2022
2023_15_TB_GB,2023,15,GB,TB,20,34,0,0.5888856408679031,0.5238095238095238,2022
2023_15_WAS_LA,2023,15,LA,WAS,28,20,1,0.6749838578306532,0.5238095238095238,2022
2023_16_ARI_CHI,2023,16,CHI,ARI,27,16,1,0.632747877878386,0.5238095238095238,2022
2023_16_BAL_SF,2023,16,SF,BAL,19,33,0,0.6999181763188437,0.5238095238095238,2022
2023_16_BUF_LAC,2023,16,LAC,BUF,22,24,0,0.2504933718863779,0.5238095238095238,2022
2023_16_CIN_PIT,2023,16,PIT,CIN,34,11,1,0.3835342281448279,0.5238095238095238,2022
2023_16_CLE_HOU,2023,16,HOU,CLE,22,36,0,0.5383975456366343,0.5238095238095238,2022
2023_16_DAL_MIA,2023,16,MIA,DAL,22,20,1,0.5364945173274204,0.5238095238095238,2022
2023_16_DET_MIN,2023,16,MIN,DET,24,30,0,0.4256747379856024,0.5238095238095238,2022
2023_16_GB_CAR,2023,16,CAR,GB,30,33,0,0.3065987317208507,0.5238095238095238,2022
2023_16_IND_ATL,2023,16,ATL,IND,29,10,1,0.5021444147352615,0.5238095238095238,2022
2023_16_JAX_TB,2023,16,TB,JAX,30,12,1,0.559045604403472,0.5238095238095238,2022
2023_16_LV_KC,2023,16,KC,LV,14,20,0,0.7725877052298794,0.5238095238095238,2022
2023_16_NE_DEN,2023,16,DEN,NE,23,26,0,0.592652164663652,0.5238095238095238,2022
2023_16_NO_LA,2023,16,LA,NO,30,22,1,0.5155861884610835,0.5238095238095238,2022
2023_16_NYG_PHI,2023,16,PHI,NYG,33,25,1,0.8029089697348778,0.5238095238095238,2022
2023_16_SEA_TEN,2023,16,TEN,SEA,17,20,0,0.4686809001198214,0.5238095238095238,2022
2023_16_WAS_NYJ,2023,16,NYJ,WAS,30,28,1,0.4071454965178486,0.5238095238095238,2022
2023_17_ARI_PHI,2023,17,PHI,ARI,31,35,0,0.7931377542282412,0.5238095238095238,2022
2023_17_ATL_CHI,2023,17,CHI,ATL,37,17,1,0.5167966810791126,0.5238095238095238,2022
2023_17_CAR_JAX,2023,17,JAX,CAR,26,0,1,0.6566374154974071,0.5238095238095238,2022
2023_17_CIN_KC,2023,17,KC,CIN,25,17,1,0.6530791794773999,0.5238095238095238,2022
2023_17_DET_DAL,2023,17,DAL,DET,20,19,1,0.603772270085347,0.5238095238095238,2022
2023_17_GB_MIN,2023,17,MIN,GB,10,33,0,0.4913437333793111,0.5238095238095238,2022
2023_17_LAC_DEN,2023,17,DEN,LAC,16,9,1,0.49533472275576296,0.5238095238095238,2022
2023_17_LA_NYG,2023,17,NYG,LA,25,26,0,0.2932656745049212,0.5238095238095238,2022
2023_17_LV_IND,2023,17,IND,LV,23,20,1,0.5562384762352841,0.5238095238095238,2022
2023_17_MIA_BAL,2023,17,BAL,MIA,56,19,1,0.4765396948220207,0.5238095238095238,2022
2023_17_NE_BUF,2023,17,BUF,NE,27,21,1,0.8394080376172739,0.5238095238095238,2022
2023_17_NO_TB,2023,17,TB,NO,13,23,0,0.5212110458274505,0.5238095238095238,2022
2023_17_NYJ_CLE,2023,17,CLE,NYJ,37,20,1,0.7201344314891082,0.5238095238095238,2022
2023_17_PIT_SEA,2023,17,SEA,PIT,23,30,0,0.6011631817294261,0.5238095238095238,2022
2023_17_SF_WAS,2023,17,WAS,SF,10,27,0,0.1616913382753583,0.5238095238095238,2022
2023_17_TEN_HOU,2023,17,HOU,TEN,26,3,1,0.49565120062018964,0.5238095238095238,2022
2023_18_ATL_NO,2023,18,NO,ATL,48,17,1,0.6017965888311173,0.5238095238095238,2022
2023_18_BUF_MIA,2023,18,MIA,BUF,14,21,0,0.464985779719501,0.5238095238095238,2022
2023_18_CHI_GB,2023,18,GB,CHI,17,9,1,0.6277491963047771,0.5238095238095238,2022
2023_18_CLE_CIN,2023,18,CIN,CLE,31,14,1,0.569807272704852,0.5238095238095238,2022
2023_18_DAL_WAS,2023,18,WAS,DAL,10,38,0,0.22579182421387295,0.5238095238095238,2022
2023_18_DEN_LV,2023,18,LV,DEN,27,14,1,0.5186411172398858,0.5238095238095238,2022
2023_18_HOU_IND,2023,18,IND,HOU,19,23,0,0.5235011680685878,0.5238095238095238,2022
2023_18_JAX_TEN,2023,18,TEN,JAX,28,20,1,0.47365191946756774,0.5238095238095238,2022
2023_18_KC_LAC,2023,18,LAC,KC,12,13,0,0.31577174431257526,0.5238095238095238,2022
2023_18_LA_SF,2023,18,SF,LA,20,21,0,0.7671993754444864,0.5238095238095238,2022
2023_18_MIN_DET,2023,18,DET,MIN,30,20,1,0.6547489840533113,0.5238095238095238,2022
2023_18_NYJ_NE,2023,18,NE,NYJ,3,17,0,0.6099762437597611,0.5238095238095238,2022
2023_18_PHI_NYG,2023,18,NYG,PHI,27,10,1,0.23287969628148197,0.5238095238095238,2022
2023_18_PIT_BAL,2023,18,BAL,PIT,10,17,0,0.741621695352775,0.5238095238095238,2022
2023_18_SEA_ARI,2023,18,ARI,SEA,20,21,0,0.36019843778808375,0.5238095238095238,2022
2023_18_TB_CAR,2023,18,CAR,TB,0,9,0,0.32570616522305845,0.5238095238095238,2022
2024_01_ARI_BUF,2024,1,BUF,ARI,34,28,1,0.7546710775447454,0.5302571860816944,2023
2024_01_BAL_KC,2024,1,KC,BAL,27,20,1,0.45756814528080725,0.5302571860816944,2023
2024_01_CAR_NO,2024,1,NO,CAR,47,10,1,0.7290153559819555,0.5302571860816944,2023
2024_01_DAL_CLE,2024,1,CLE,DAL,17,33,0,0.3340768683373399,0.5302571860816944,2023
2024_01_DEN_SEA,2024,1,SEA,DEN,26,20,1,0.5862819099183004,0.5302571860816944,2023
2024_01_GB_PHI,2024,1,PHI,GB,34,29,1,0.5016147202036906,0.5302571860816944,2023
2024_01_HOU_IND,2024,1,IND,HOU,27,29,0,0.5114343899561598,0.5302571860816944,2023
2024_01_JAX_MIA,2024,1,MIA,JAX,20,17,1,0.6845632315711908,0.5302571860816944,2023
2024_01_LA_DET,2024,1,DET,LA,26,20,1,0.5643065255022146,0.5302571860816944,2023
2024_01_LV_LAC,2024,1,LAC,LV,22,10,1,0.5160584288880772,0.5302571860816944,2023
2024_01_MIN_NYG,2024,1,NYG,MIN,6,28,0,0.4042705573798038,0.5302571860816944,2023
2024_01_NE_CIN,2024,1,CIN,NE,10,16,0,0.6566247401465004,0.5302571860816944,2023
2024_01_NYJ_SF,2024,1,SF,NYJ,32,19,1,0.8444208098265958,0.5302571860816944,2023
2024_01_PIT_ATL,2024,1,ATL,PIT,10,18,0,0.5059603944551131,0.5302571860816944,2023
2024_01_TEN_CHI,2024,1,CHI,TEN,24,17,1,0.5528301491882979,0.5302571860816944,2023
2024_01_WAS_TB,2024,1,TB,WAS,37,20,1,0.6630845790362501,0.5302571860816944,2023
2024_02_ATL_PHI,2024,2,PHI,ATL,21,22,0,0.6778153278268433,0.5302571860816944,2023
2024_02_BUF_MIA,2024,2,MIA,BUF,10,31,0,0.481628969416594,0.5302571860816944,2023
2024_02_CHI_HOU,2024,2,HOU,CHI,19,13,1,0.6136633176816259,0.5302571860816944,2023
2024_02_CIN_KC,2024,2,KC,CIN,26,25,1,0.6926967022321723,0.5302571860816944,2023
2024_02_CLE_JAX,2024,2,JAX,CLE,13,18,0,0.5439981514421666,0.5302571860816944,2023
2024_02_IND_GB,2024,2,GB,IND,16,10,1,0.6450722327288504,0.5302571860816944,2023
2024_02_LAC_CAR,2024,2,CAR,LAC,3,26,0,0.2698281332156385,0.5302571860816944,2023
2024_02_LA_ARI,2024,2,ARI,LA,41,10,1,0.39953732176172413,0.5302571860816944,2023
2024_02_LV_BAL,2024,2,BAL,LV,23,26,0,0.7463187844750512,0.5302571860816944,2023
2024_02_NO_DAL,2024,2,DAL,NO,19,44,0,0.5032059849252624,0.5302571860816944,2023
2024_02_NYG_WAS,2024,2,WAS,NYG,21,18,1,0.6624959572591382,0.5302571860816944,2023
2024_02_NYJ_TEN,2024,2,TEN,NYJ,17,24,0,0.6252146296951879,0.5302571860816944,2023
2024_02_PIT_DEN,2024,2,DEN,PIT,6,13,0,0.40999845510706656,0.5302571860816944,2023
2024_02_SEA_NE,2024,2,NE,SEA,20,23,0,0.4152193331009005,0.5302571860816944,2023
2024_02_SF_MIN,2024,2,MIN,SF,23,17,1,0.4042767390245038,0.5302571860816944,2023
2024_02_TB_DET,2024,2,DET,TB,16,20,0,0.5583056690488911,0.5302571860816944,2023
2024_03_BAL_DAL,2024,3,DAL,BAL,25,28,0,0.44603821086597456,0.5302571860816944,2023
2024_03_CAR_LV,2024,3,LV,CAR,22,36,0,0.751973112842748,0.5302571860816944,2023
2024_03_CHI_IND,2024,3,IND,CHI,21,16,1,0.5879988955773933,0.5302571860816944,2023
2024_03_DEN_TB,2024,3,TB,DEN,7,26,0,0.719747926632281,0.5302571860816944,2023
2024_03_DET_ARI,2024,3,ARI,DET,13,20,0,0.5068151492012658,0.5302571860816944,2023
2024_03_GB_TEN,2024,3,TEN,GB,14,30,0,0.3580077616256549,0.5302571860816944,2023
2024_03_HOU_MIN,2024,3,MIN,HOU,34,7,1,0.548981353304579,0.5302571860816944,2023
2024_03_JAX_BUF,2024,3,BUF,JAX,47,10,1,0.8013680321797116,0.5302571860816944,2023
2024_03_KC_ATL,2024,3,ATL,KC,17,22,0,0.3967554429595235,0.5302571860816944,2023
2024_03_LAC_PIT,2024,3,PIT,LAC,20,10,1,0.4647866587413002,0.5302571860816944,2023
2024_03_MIA_SEA,2024,3,SEA,MIA,24,3,1,0.540540896601995,0.5302571860816944,2023
2024_03_NE_NYJ,2024,3,NYJ,NE,24,3,1,0.4782995152106115,0.5302571860816944,2023
2024_03_NYG_CLE,2024,3,CLE,NYG,15,21,0,0.6694604176026123,0.5302571860816944,2023
2024_03_PHI_NO,2024,3,NO,PHI,12,15,0,0.7480495565036289,0.5302571860816944,2023
2024_03_SF_LA,2024,3,LA,SF,27,24,1,0.31441508330439744,0.5302571860816944,2023
2024_03_WAS_CIN,2024,3,CIN,WAS,33,38,0,0.5703027457839056,0.5302571860816944,2023
2024_04_BUF_BAL,2024,4,BAL,BUF,35,10,1,0.37114166426992884,0.5302571860816944,2023
2024_04_CIN_CAR,2024,4,CAR,CIN,24,34,0,0.2797459800705495,0.5302571860816944,2023
2024_04_CLE_LV,2024,4,LV,CLE,20,16,1,0.505077874137311,0.5302571860816944,2023
2024_04_DAL_NYG,2024,4,NYG,DAL,15,20,0,0.41001413839297,0.5302571860816944,2023
2024_04_DEN_NYJ,2024,4,NYJ,DEN,9,10,0,0.5963492205511384,0.5302571860816944,2023
2024_04_JAX_HOU,2024,4,HOU,JAX,24,20,1,0.6764950534014927,0.5302571860816944,2023
2024_04_KC_LAC,2024,4,LAC,KC,10,17,0,0.4571690387654417,0.5302571860816944,2023
2024_04_LA_CHI,2024,4,CHI,LA,24,18,1,0.48214385830760914,0.5302571860816944,2023
2024_04_MIN_GB,2024,4,GB,MIN,29,31,0,0.5602997552139987,0.5302571860816944,2023
2024_04_NE_SF,2024,4,SF,NE,30,13,1,0.8077702670176788,0.5302571860816944,2023
2024_04_NO_ATL,2024,4,ATL,NO,26,24,1,0.2651558199750419,0.5302571860816944,2023
2024_04_PHI_TB,2024,4,TB,PHI,33,16,1,0.4343233702700448,0.5302571860816944,2023
2024_04_PIT_IND,2024,4,IND,PIT,27,24,1,0.427586860481684,0.5302571860816944,2023
2024_04_SEA_DET,2024,4,DET,SEA,42,29,1,0.5584543132402384,0.5302571860816944,2023
2024_04_TEN_MIA,2024,4,MIA,TEN,12,31,0,0.620272065130626,0.5302571860816944,2023
2024_04_WAS_ARI,2024,4,ARI,WAS,14,42,0,0.5094404081689741,0.5302571860816944,2023
2024_05_ARI_SF,2024,5,SF,ARI,23,24,0,0.7846646062634378,0.5302571860816944,2023
2024_05_BAL_CIN,2024,5,CIN,BAL,38,41,0,0.365799696744757,0.5302571860816944,2023
2024_05_BUF_HOU,2024,5,HOU,BUF,23,20,1,0.31787990189171755,0.5302571860816944,2023
2024_05_CAR_CHI,2024,5,CHI,CAR,36,10,1,0.6675913044615449,0.5302571860816944,2023
2024_05_CLE_WAS,2024,5,WAS,CLE,34,13,1,0.7393781021801441,0.5302571860816944,2023
2024_05_DAL_PIT,2024,5,PIT,DAL,17,20,0,0.5159751461775786,0.5302571860816944,2023
2024_05_GB_LA,2024,5,LA,GB,19,24,0,0.3974016386356313,0.5302571860816944,2023
2024_05_IND_JAX,2024,5,JAX,IND,37,34,1,0.3864451660480691,0.5302571860816944,2023
2024_05_LV_DEN,2024,5,DEN,LV,34,18,1,0.6118650555953948,0.5302571860816944,2023
2024_05_MIA_NE,2024,5,NE,MIA,10,15,0,0.4142022159395344,0.5302571860816944,2023
2024_05_NO_KC,2024,5,KC,NO,26,13,1,0.4315793469187244,0.5302571860816944,2023
2024_05_NYG_SEA,2024,5,SEA,NYG,20,29,0,0.6984606738455111,0.5302571860816944,2023
2024_05_NYJ_MIN,2024,5,MIN,NYJ,23,17,1,0.6736328278376512,0.5302571860816944,2023
2024_05_TB_ATL,2024,5,ATL,TB,36,30,1,0.42490858396661424,0.5302571860816944,2023
2024_06_ARI_GB,2024,6,GB,ARI,34,13,1,0.6536168766878676,0.5302571860816944,2023
2024_06_ATL_CAR,2024,6,CAR,ATL,20,38,0,0.3108609306772147,0.5302571860816944,2023
2024_06_BUF_NYJ,2024,6,NYJ,BUF,20,23,0,0.26255583137482913,0.5302571860816944,2023
2024_06_CIN_NYG,2024,6,NYG,CIN,7,17,0,0.3648076128563295,0.5302571860816944,2023
2024_06_CLE_PHI,2024,6,PHI,CLE,20,16,1,0.7080012149794289,0.5302571860816944,2023
2024_06_DET_DAL,2024,6,DAL,DET,9,47,0,0.44674882856998605,0.5302571860816944,2023
2024_06_HOU_NE,2024,6,NE,HOU,21,41,0,0.30930945308782665,0.5302571860816944,2023
2024_06_IND_TEN,2024,6,TEN,IND,17,20,0,0.3882282320940937,0.5302571860816944,2023
2024_06_JAX_CHI,2024,6,CHI,JAX,35,16,1,0.6301414995063574,0.5302571860816944,2023
2024_06_LAC_DEN,2024,6,DEN,LAC,16,23,0,0.5076406593704241,0.5302571860816944,2023
2024_06_PIT_LV,2024,6,LV,PIT,13,32,0,0.34761896469046527,0.5302571860816944,2023
2024_06_SF_SEA,2024,6,SEA,SF,24,36,0,0.3745986683856049,0.5302571860816944,2023
2024_06_TB_NO,2024,6,NO,TB,27,51,0,0.632995175635068,0.5302571860816944,2023
2024_06_WAS_BAL,2024,6,BAL,WAS,30,23,1,0.6218194337720311,0.5302571860816944,2023
2024_07_BAL_TB,2024,7,TB,BAL,31,41,0,0.4040590239777148,0.5302571860816944,2023
2024_07_CAR_WAS,2024,7,WAS,CAR,40,7,1,0.8432926927536009,0.5302571860816944,2023
2024_07_CIN_CLE,2024,7,CLE,CIN,14,21,0,0.29326186503997753,0.5302571860816944,2023
2024_07_DEN_NO,2024,7,NO,DEN,10,33,0,0.616318112232878,0.5302571860816944,2023
2024_07_DET_MIN,2024,7,MIN,DET,29,31,0,0.3841123445231092,0.5302571860816944,2023
2024_07_HOU_GB,2024,7,GB,HOU,24,22,1,0.6139442986018037,0.5302571860816944,2023
2024_07_KC_SF,2024,7,SF,KC,18,28,0,0.6357468485461049,0.5302571860816944,2023
2024_07_LAC_ARI,2024,7,ARI,LAC,17,15,1,0.4535975304169639,0.5302571860816944,2023
2024_07_LV_LA,2024,7,LA,LV,20,15,1,0.6701757070769878,0.5302571860816944,2023
2024_07_MIA_IND,2024,7,IND,MIA,16,10,1,0.6421578965568422,0.5302571860816944,2023
2024_07_NE_JAX,2024,7,JAX,NE,32,16,1,0.6510827834947084,0.5302571860816944,2023
2024_07_NYJ_PIT,2024,7,PIT,NYJ,37,15,1,0.6239224520814027,0.5302571860816944,2023
2024_07_PHI_NYG,2024,7,NYG,PHI,3,28,0,0.37158181734267187,0.5302571860816944,2023
2024_07_SEA_ATL,2024,7,ATL,SEA,14,34,0,0.5538194613089827,0.5302571860816944,2023
2024_07_TEN_BUF,2024,7,BUF,TEN,34,10,1,0.8102599075262219,0.5302571860816944,2023
2024_08_ARI_MIA,2024,8,MIA,ARI,27,28,0,0.4738213329010424,0.5302571860816944,2023
2024_08_ATL_TB,2024,8,TB,ATL,26,31,0,0.6040933349231958,0.5302571860816944,2023
2024_08_BAL_CLE,2024,8,CLE,BAL,29,24,1,0.17832312146819512,0.5302571860816944,2023
2024_08_BUF_SEA,2024,8,SEA,BUF,10,31,0,0.3105413059450235,0.5302571860816944,2023
2024_08_CAR_DEN,2024,8,DEN,CAR,28,14,1,0.7917724607022619,0.5302571860816944,2023
2024_08_CHI_WAS,2024,8,WAS,CHI,18,15,1,0.6658848753455633,0.5302571860816944,2023
2024_08_DAL_SF,2024,8,SF,DAL,30,24,1,0.7464743903177353,0.5302571860816944,2023
2024_08_GB_JAX,2024,8,JAX,GB,27,30,0,0.32340354446100605,0.5302571860816944,2023
2024_08_IND_HOU,2024,8,HOU,IND,23,20,1,0.5666347038639404,0.5302571860816944,2023
2024_08_KC_LV,2024,8,LV,KC,20,27,0,0.23090840202181032,0.5302571860816944,2023
2024_08_MIN_LA,2024,8,LA,MIN,30,20,1,0.4035274718557097,0.5302571860816944,2023
2024_08_NO_LAC,2024,8,LAC,NO,26,8,1,0.5777125829767278,0.5302571860816944,2023
2024_08_NYG_PIT,2024,8,PIT,NYG,26,18,1,0.7382431219740647,0.5302571860816944,2023
2024_08_NYJ_NE,2024,8,NE,NYJ,25,22,1,0.3656768919811952,0.5302571860816944,2023
2024_08_PHI_CIN,2024,8,CIN,PHI,17,37,0,0.5028750771198184,0.5302571860816944,2023
2024_08_TEN_DET,2024,8,DET,TEN,52,14,1,0.8290658715225216,0.5302571860816944,2023
2024_09_CHI_ARI,2024,9,ARI,CHI,29,9,1,0.5000692705869555,0.5302571860816944,2023
2024_09_DAL_ATL,2024,9,ATL,DAL,27,21,1,0.6345011557422103,0.5302571860816944,2023
2024_09_DEN_BAL,2024,9,BAL,DEN,41,10,1,0.736341325759048,0.5302571860816944,2023
2024_09_DET_GB,2024,9,GB,DET,14,24,0,0.43086953689679636,0.5302571860816944,2023
2024_09_HOU_NYJ,2024,9,NYJ,HOU,21,13,1,0.4516935628227459,0.5302571860816944,2023
2024_09_IND_MIN,2024,9,MIN,IND,21,13,1,0.6065545130589323,0.5302571860816944,2023
2024_09_JAX_PHI,2024,9,PHI,JAX,28,23,1,0.7191145547540342,0.5302571860816944,2023
2024_09_LAC_CLE,2024,9,CLE,LAC,10,27,0,0.3673831865051195,0.5302571860816944,2023
2024_09_LA_SEA,2024,9,SEA,LA,20,26,0,0.543590681993576,0.5302571860816944,2023
2024_09_LV_CIN,2024,9,CIN,LV,41,24,1,0.7639726946786376,0.5302571860816944,2023
2024_09_MIA_BUF,2024,9,BUF,MIA,30,27,1,0.842862532979551,0.5302571860816944,2023
2024_09_NE_TEN,2024,9,TEN,NE,20,17,1,0.5741000400815484,0.5302571860816944,2023
2024_09_NO_CAR,2024,9,CAR,NO,23,22,1,0.2933522527478573,0.5302571860816944,2023
2024_09_TB_KC,2024,9,KC,TB,30,24,1,0.5953471640141493,0.5302571860816944,2023
2024_09_WAS_NYG,2024,9,NYG,WAS,22,27,0,0.23805909720667665,0.5302571860816944,2023
2024_10_ATL_NO,2024,10,NO,ATL,20,17,1,0.4615391790496198,0.5302571860816944,2023
2024_10_BUF_IND,2024,10,IND,BUF,20,30,0,0.25174565325759996,0.5302571860816944,2023
2024_10_CIN_BAL,2024,10,BAL,CIN,35,34,1,0.7214592348381779,0.5302571860816944,2023
2024_10_DEN_KC,2024,10,KC,DEN,16,14,1,0.6830126388184943,0.5302571860816944,2023
2024_10_DET_HOU,2024,10,HOU,DET,23,26,0,0.3246753981270538,0.5302571860816944,2023
2024_10_MIA_LA,2024,10,LA,MIA,15,23,0,0.5908713191589714,0.5302571860816944,2023
2024_10_MIN_JAX,2024,10,JAX,MIN,7,12,0,0.37170108518363365,0.5302571860816944,2023
2024_10_NE_CHI,2024,10,CHI,NE,3,19,0,0.7008067966790553,0.5302571860816944,2023
2024_10_NYG_CAR,2024,10,CAR,NYG,20,17,1,0.3854971842747347,0.5302571860816944,2023
2024_10_NYJ_ARI,2024,10,ARI,NYJ,31,6,1,0.5472418849119803,0.5302571860816944,2023
2024_10_PHI_DAL,2024,10,DAL,PHI,6,34,0,0.3299149488057179,0.5302571860816944,2023
2024_10_PIT_WAS,2024,10,WAS,PIT,27,28,0,0.6497671523337285,0.5302571860816944,2023
2024_10_SF_TB,2024,10,TB,SF,20,23,0,0.41240581089957756,0.5302571860816944,2023
2024_10_TEN_LAC,2024,10,LAC,TEN,27,17,1,0.7097922670151727,0.5302571860816944,2023
2024_11_ATL_DEN,2024,11,DEN,ATL,38,6,1,0.46629323280241447,0.5302571860816944,2023
2024_11_BAL_PIT,2024,11,PIT,BAL,18,16,1,0.3258246817776335,0.5302571860816944,2023
2024_11_CIN_LAC,2024,11,LAC,CIN,34,27,1,0.5419133215535377,0.5302571860816944,2023
2024_11_CLE_NO,2024,11,NO,CLE,35,14,1,0.6558562927484771,0.5302571860816944,2023
2024_11_GB_CHI,2024,11,CHI,GB,19,20,0,0.35574763846994123,0.5302571860816944,2023
2024_11_HOU_DAL,2024,11,DAL,HOU,10,34,0,0.3934925166595853,0.5302571860816944,2023
2024_11_IND_NYJ,2024,11,NYJ,IND,27,28,0,0.5234327979653177,0.5302571860816944,2023
2024_11_JAX_DET,2024,11,DET,JAX,52,6,1,0.8006192522711505,0.5302571860816944,2023
2024_11_KC_BUF,2024,11,BUF,KC,30,21,1,0.6654538944757475,0.5302571860816944,2023
2024_11_LA_NE,2024,11,NE,LA,22,28,0,0.39592228199549284,0.5302571860816944,2023
2024_11_LV_MIA,2024,11,MIA,LV,34,19,1,0.6990547701453061,0.5302571860816944,2023
2024_11_MIN_TEN,2024,11,TEN,MIN,13,23,0,0.3199590478688705,0.5302571860816944,2023
2024_11_SEA_SF,2024,11,SF,SEA,17,20,0,0.7567862977360597,0.5302571860816944,2023
2024_11_WAS_PHI,2024,11,PHI,WAS,26,18,1,0.5278670616396371,0.5302571860816944,2023
2024_12_ARI_SEA,2024,12,SEA,ARI,16,6,1,0.4594890461759329,0.5302571860816944,2023
2024_12_BAL_LAC,2024,12,LAC,BAL,23,30,0,0.3293342363804051,0.5302571860816944,2023
2024_12_DAL_WAS,2024,12,WAS,DAL,26,34,0,0.7803925376825936,0.5302571860816944,2023
2024_12_DEN_LV,2024,12,LV,DEN,19,29,0,0.29022055408053904,0.5302571860816944,2023
2024_12_DET_IND,2024,12,IND,DET,6,24,0,0.233210626031103,0.5302571860816944,2023
2024_12_KC_CAR,2024,12,CAR,KC,27,30,0,0.20062143991555487,0.5302571860816944,2023
2024_12_MIN_CHI,2024,12,CHI,MIN,27,30,0,0.4085808593705189,0.5302571860816944,2023
2024_12_NE_MIA,2024,12,MIA,NE,34,15,1,0.6586213613811172,0.5302571860816944,2023
2024_12_PHI_LA,2024,12,LA,PHI,20,37,0,0.3623527593187686,0.5302571860816944,2023
2024_12_PIT_CLE,2024,12,CLE,PIT,24,19,1,0.34391873928283295,0.5302571860816944,2023
2024_12_SF_GB,2024,12,GB,SF,38,10,1,0.44253299848719607,0.5302571860816944,2023
2024_12_TB_NYG,2024,12,NYG,TB,7,30,0,0.3403538185733977,0.5302571860816944,2023
2024_12_TEN_HOU,2024,12,HOU,TEN,27,32,0,0.6888638814464676,0.5302571860816944,2023
2024_13_ARI_MIN,2024,13,MIN,ARI,23,22,1,0.597148397160499,0.5302571860816944,2023
2024_13_CHI_DET,2024,13,DET,CHI,23,20,1,0.8000560879888948,0.5302571860816944,2023
2024_13_CLE_DEN,2024,13,DEN,CLE,41,32,1,0.6990112796996579,0.5302571860816944,2023
2024_13_HOU_JAX,2024,13,JAX,HOU,20,23,0,0.3601453237485797,0.5302571860816944,2023
2024_13_IND_NE,2024,13,NE,IND,24,25,0,0.42719678997909305,0.5302571860816944,2023
2024_13_LAC_ATL,2024,13,ATL,LAC,13,17,0,0.4946735763858055,0.5302571860816944,2023
2024_13_LA_NO,2024,13,NO,LA,14,21,0,0.5480038100862903,0.5302571860816944,2023
2024_13_LV_KC,2024,13,KC,LV,19,17,1,0.8241606643907985,0.5302571860816944,2023
2024_13_MIA_GB,2024,13,GB,MIA,30,17,1,0.6686065385462721,0.5302571860816944,2023
2024_13_NYG_DAL,2024,13,DAL,NYG,27,20,1,0.5500813270766495,0.5302571860816944,2023
2024_13_PHI_BAL,2024,13,BAL,PHI,19,24,0,0.6123799987935089,0.5302571860816944,2023
2024_13_PIT_CIN,2024,13,CIN,PIT,38,44,0,0.559962090537044,0.5302571860816944,2023
2024_13_SEA_NYJ,2024,13,NYJ,SEA,21,26,0,0.49419998286391853,0.5302571860816944,2023
2024_13_SF_BUF,2024,13,BUF,SF,35,10,1,0.6154189744333765,0.5302571860816944,2023
2024_13_TB_CAR,2024,13,CAR,TB,23,26,0,0.24123031014892946,0.5302571860816944,2023
2024_13_TEN_WAS,2024,13,WAS,TEN,42,19,1,0.7349089844561149,0.5302571860816944,2023
2024_14_ATL_MIN,2024,14,MIN,ATL,42,21,1,0.6113789043386371,0.5302571860816944,2023
2024_14_BUF_LA,2024,14,LA,BUF,44,42,1,0.27901079171416265,0.5302571860816944,2023
2024_14_CAR_PHI,2024,14,PHI,CAR,22,16,1,0.8466146498252078,0.5302571860816944,2023
2024_14_CHI_SF,2024,14,SF,CHI,38,13,1,0.6822364779521073,0.5302571860816944,2023
2024_14_CIN_DAL,2024,14,DAL,CIN,20,27,0,0.3570441753050029,0.5302571860816944,2023
2024_14_CLE_PIT,2024,14,PIT,CLE,27,14,1,0.704808020405645,0.5302571860816944,2023
2024_14_GB_DET,2024,14,DET,GB,34,31,1,0.6521920517471631,0.5302571860816944,2023
2024_14_JAX_TEN,2024,14,TEN,JAX,6,10,0,0.5301430933412429,0.5302571860816944,2023
2024_14_LAC_KC,2024,14,KC,LAC,19,17,1,0.6148178272170612,0.5302571860816944,2023
2024_14_LV_TB,2024,14,TB,LV,28,13,1,0.7710486564504673,0.5302571860816944,2023
2024_14_NO_NYG,2024,14,NYG,NO,11,14,0,0.3717596789622018,0.5302571860816944,2023
2024_14_NYJ_MIA,2024,14,MIA,NYJ,32,26,1,0.6206720421823492,0.5302571860816944,2023
2024_14_SEA_ARI,2024,14,ARI,SEA,18,30,0,0.5652161306727356,0.5302571860816944,2023
2024_15_ATL_LV,2024,15,LV,ATL,9,15,0,0.357879356550322,0.5302571860816944,2023
2024_15_BAL_NYG,2024,15,NYG,BAL,14,35,0,0.17435105855953872,0.5302571860816944,2023
2024_15_BUF_DET,2024,15,DET,BUF,42,48,0,0.5100180322596484,0.5302571860816944,2023
2024_15_CHI_MIN,2024,15,MIN,CHI,30,12,1,0.6703419199847899,0.5302571860816944,2023
2024_15_CIN_TEN,2024,15,TEN,CIN,27,37,0,0.34455122507322405,0.5302571860816944,2023
2024_15_DAL_CAR,2024,15,CAR,DAL,14,30,0,0.4561700125167775,0.5302571860816944,2023
2024_15_GB_SEA,2024,15,SEA,GB,13,30,0,0.3887607610353485,0.5302571860816944,2023
2024_15_IND_DEN,2024,15,DEN,IND,31,13,1,0.6252412298306907,0.5302571860816944,2023
2024_15_KC_CLE,2024,15,CLE,KC,7,21,0,0.30444447829347093,0.5302571860816944,2023
2024_15_LA_SF,2024,15,SF,LA,6,12,0,0.6701872056932533,0.5302571860816944,2023
2024_15_MIA_HOU,2024,15,HOU,MIA,20,12,1,0.541512153774547,0.5302571860816944,2023
2024_15_NE_ARI,2024,15,ARI,NE,30,17,1,0.6628040327833569,0.5302571860816944,2023
2024_15_NYJ_JAX,2024,15,JAX,NYJ,25,32,0,0.49581407972866004,0.5302571860816944,2023
2024_15_PIT_PHI,2024,15,PHI,PIT,27,13,1,0.6582988819283369,0.5302571860816944,2023
2024_15_TB_LAC,2024,15,LAC,TB,17,40,0,0.4773189500472453,0.5302571860816944,2023
2024_15_WAS_NO,2024,15,NO,WAS,19,20,0,0.40240595185499917,0.5302571860816944,2023
2024_16_ARI_CAR,2024,16,CAR,ARI,36,30,1,0.310850021154303,0.5302571860816944,2023
2024_16_CLE_CIN,2024,16,CIN,CLE,24,6,1,0.7356554723726841,0.5302571860816944,2023
2024_16_DEN_LAC,2024,16,LAC,DEN,34,27,1,0.48987779670188786,0.5302571860816944,2023
2024_16_DET_CHI,2024,16,CHI,DET,17,34,0,0.24845308387045612,0.5302571860816944,2023
2024_16_HOU_KC,2024,16,KC,HOU,27,19,1,0.6279697616382085,0.5302571860816944,2023
2024_16_JAX_LV,2024,16,LV,JAX,19,14,1,0.43803580226938954,0.5302571860816944,2023
2024_16_LA_NYJ,2024,16,NYJ,LA,9,19,0,0.45964314795315286,0.5302571860816944,2023
2024_16_MIN_SEA,2024,16,SEA,MIN,24,27,0,0.41147149766897406,0.5302571860816944,2023
2024_16_NE_BUF,2024,16,BUF,NE,24,21,1,0.8592304653231737,0.5302571860816944,2023
2024_16_NO_GB,2024,16,GB,NO,34,0,1,0.6820007847331989,0.5302571860816944,2023
2024_16_NYG_ATL,2024,16,ATL,NYG,34,7,1,0.6833417351392197,0.5302571860816944,2023
2024_16_PHI_WAS,2024,16,WAS,PHI,36,33,1,0.45958534851290966,0.5302571860816944,2023
2024_16_PIT_BAL,2024,16,BAL,PIT,34,17,1,0.7612922217003466,0.5302571860816944,2023
2024_16_SF_MIA,2024,16,MIA,SF,29,17,1,0.4007225713607686,0.5302571860816944,2023
2024_16_TB_DAL,2024,16,DAL,TB,26,24,1,0.3425431953736401,0.5302571860816944,2023
2024_16_TEN_IND,2024,16,IND,TEN,38,30,1,0.594646666795871,0.5302571860816944,2023
2024_17_ARI_LA,2024,17,LA,ARI,13,9,1,0.5438048294434135,0.5302571860816944,2023
2024_17_ATL_WAS,2024,17,WAS,ATL,30,24,1,0.6395373744216631,0.5302571860816944,2023
2024_17_BAL_HOU,2024,17,HOU,BAL,2,31,0,0.27624793313271545,0.5302571860816944,2023
2024_17_CAR_TB,2024,17,TB,CAR,48,14,1,0.7893806268404737,0.5302571860816944,2023
2024_17_DAL_PHI,2024,17,PHI,DAL,41,7,1,0.7667325353329024,0.5302571860816944,2023
2024_17_DEN_CIN,2024,17,CIN,DEN,30,24,1,0.572851012086159,0.5302571860816944,2023
2024_17_DET_SF,2024,17,SF,DET,34,40,0,0.4201316962847832,0.5302571860816944,2023
2024_17_GB_MIN,2024,17,MIN,GB,27,25,1,0.45086167265825366,0.5302571860816944,2023
2024_17_IND_NYG,2024,17,NYG,IND,45,33,1,0.3848464566066114,0.5302571860816944,2023
2024_17_KC_PIT,2024,17,PIT,KC,10,29,0,0.41966532981887156,0.5302571860816944,2023
2024_17_LAC_NE,2024,17,NE,LAC,7,40,0,0.3956241296297332,0.5302571860816944,2023
2024_17_LV_NO,2024,17,NO,LV,10,25,0,0.6689143338909164,0.5302571860816944,2023
2024_17_MIA_CLE,2024,17,CLE,MIA,3,20,0,0.3486179123845699,0.5302571860816944,2023
2024_17_NYJ_BUF,2024,17,BUF,NYJ,40,14,1,0.8103525685051004,0.5302571860816944,2023
2024_17_SEA_CHI,2024,17,CHI,SEA,3,6,0,0.48003284271554175,0.5302571860816944,2023
2024_17_TEN_JAX,2024,17,JAX,TEN,20,13,1,0.556020970636331,0.5302571860816944,2023
2024_18_BUF_NE,2024,18,NE,BUF,23,16,1,0.16110018467309187,0.5302571860816944,2023
2024_18_CAR_ATL,2024,18,ATL,CAR,38,44,0,0.7124495729897709,0.5302571860816944,2023
2024_18_CHI_GB,2024,18,GB,CHI,22,24,0,0.7458538551052403,0.5302571860816944,2023
2024_18_CIN_PIT,2024,18,PIT,CIN,17,19,0,0.4322225200783634,0.5302571860816944,2023
2024_18_CLE_BAL,2024,18,BAL,CLE,35,10,1,0.8854990310571429,0.5302571860816944,2023
2024_18_HOU_TEN,2024,18,TEN,HOU,14,23,0,0.422747057217157,0.5302571860816944,2023
2024_18_JAX_IND,2024,18,IND,JAX,26,23,1,0.5680018817169835,0.5302571860816944,2023
2024_18_KC_DEN,2024,18,DEN,KC,38,0,1,0.4405468269057818,0.5302571860816944,2023
2024_18_LAC_LV,2024,18,LV,LAC,20,34,0,0.3384817638238752,0.5302571860816944,2023
2024_18_MIA_NYJ,2024,18,NYJ,MIA,32,20,1,0.4228802531066366,0.5302571860816944,2023
2024_18_MIN_DET,2024,18,DET,MIN,31,9,1,0.6758498312509986,0.5302571860816944,2023
2024_18_NO_TB,2024,18,TB,NO,27,19,1,0.7066551083438649,0.5302571860816944,2023
2024_18_NYG_PHI,2024,18,PHI,NYG,20,13,1,0.839132537359366,0.5302571860816944,2023
2024_18_SEA_LA,2024,18,LA,SEA,25,30,0,0.5804750415639107,0.5302571860816944,2023
2024_18_SF_ARI,2024,18,ARI,SF,47,24,1,0.40209401713628,0.5302571860816944,2023
2024_18_WAS_DAL,2024,18,DAL,WAS,19,23,0,0.32743024433513557,0.5302571860816944,2023
