evaluation_season,cap,transition,inner_games,inner_brier
2022,0.6,6,271,0.22684207713270815
2022,0.7,6,271,0.22732924253290107
2022,0.8,6,271,0.2274248721901996
2022,0.9,6,271,0.2274248721901996
2022,0.6,4,271,0.22831653275523334
2022,0.7,4,271,0.22934979920564683
2022,0.8,4,271,0.22981923101702548
2022,0.9,4,271,0.22981923101702548
2022,0.6,2,271,0.23084979317313392
2022,0.7,2,271,0.2323022496720686
2022,0.8,2,271,0.23337596358840107
2022,0.9,2,271,0.23382698650528136
2023,0.8,6,540,0.22661274586944322
2023,0.9,6,540,0.22661274586944322
2023,0.7,6,540,0.22664869089683223
2023,0.6,6,540,0.22690434193536366
2023,0.8,4,540,0.2277973371119459
2023,0.9,4,540,0.2277973371119459
2023,0.7,4,540,0.22789697695717973
2023,0.6,4,540,0.22801174751824818
2023,0.6,2,540,0.23064479312877764
2023,0.7,2,540,0.23069638956204505
2023,0.8,2,540,0.2307224883543357
2023,0.9,2,540,0.230729221973306
2024,0.8,6,812,0.22894955254709595
2024,0.9,6,812,0.22894955254709595
2024,0.7,6,812,0.22898113189098857
2024,0.6,6,812,0.22922857986058703
2024,0.8,4,812,0.2303999574040166
2024,0.9,4,812,0.2303999574040166
2024,0.7,4,812,0.23052646882148353
2024,0.6,4,812,0.23085740746195266
2024,0.6,2,812,0.23320037610593594
2024,0.9,2,812,0.23335596906208633
2024,0.8,2,812,0.23344347522746245
2024,0.7,2,812,0.2335414980033368
