game_id,season,week,home_team,away_team,home_win,selected_probability,reference_probability,selected_cap,selected_transition
2022_01_BAL_NYJ,2022,1,NYJ,BAL,0,0.37334138540516687,0.3830956416767421,0.6,6
2022_01_BUF_LA,2022,1,LA,BUF,0,0.41079773060818103,0.4206982383178104,0.6,6
2022_01_CLE_CAR,2022,1,CAR,CLE,0,0.3832395840884534,0.3886128864846892,0.6,6
2022_01_DEN_SEA,2022,1,SEA,DEN,1,0.5160556363076123,0.5158054687433559,0.6,6
2022_01_GB_MIN,2022,1,MIN,GB,1,0.4051944719780841,0.41006396963452696,0.6,6
2022_01_JAX_WAS,2022,1,WAS,JAX,1,0.5744938166282829,0.568098718719606,0.6,6
2022_01_KC_ARI,2022,1,ARI,KC,0,0.48283494887382983,0.48109726271361775,0.6,6
2022_01_LV_LAC,2022,1,LAC,LV,1,0.6325629291424612,0.6243865964949276,0.6,6
2022_01_NE_MIA,2022,1,MIA,NE,1,0.35631596583355274,0.3661954678915553,0.6,6
2022_01_NO_ATL,2022,1,ATL,NO,0,0.36513309586660037,0.3802120197873033,0.6,6
2022_01_NYG_TEN,2022,1,TEN,NYG,0,0.7246421724314166,0.7105765893647956,0.6,6
2022_01_PHI_DET,2022,1,DET,PHI,0,0.32276106612069216,0.3359648220870083,0.6,6
2022_01_PIT_CIN,2022,1,CIN,PIT,0,0.6593117193583835,0.6491637651099975,0.6,6
2022_01_SF_CHI,2022,1,CHI,SF,1,0.289572037185392,0.3031576685543044,0.6,6
2022_01_TB_DAL,2022,1,DAL,TB,0,0.4737448521135332,0.4750268099717123,0.6,6
2022_02_ARI_LV,2022,2,LV,ARI,0,0.39113098746044256,0.4098158623151741,0.6,6
2022_02_ATL_LA,2022,2,LA,ATL,1,0.654335306821752,0.6074016408105871,0.6,6
2022_02_CAR_NYG,2022,2,NYG,CAR,1,0.4460055423467058,0.4553779724203263,0.6,6
2022_02_CHI_GB,2022,2,GB,CHI,1,0.6509028608281193,0.605971663770703,0.6,6
2022_02_CIN_DAL,2022,2,DAL,CIN,1,0.5382989572561626,0.5119456482627585,0.6,6
2022_02_HOU_DEN,2022,2,DEN,HOU,1,0.7205170944372584,0.7156133778065782,0.6,6
2022_02_IND_JAX,2022,2,JAX,IND,1,0.3150761077554857,0.3358235964183428,0.6,6
2022_02_LAC_KC,2022,2,KC,LAC,1,0.6133133604402845,0.6252629322023256,0.6,6
2022_02_MIA_BAL,2022,2,BAL,MIA,0,0.5100361700963132,0.511855132793338,0.6,6
2022_02_MIN_PHI,2022,2,PHI,MIN,1,0.5307638608794805,0.5281048385204012,0.6,6
2022_02_NE_PIT,2022,2,PIT,NE,0,0.4002115622908631,0.4392660010418308,0.6,6
2022_02_NYJ_CLE,2022,2,CLE,NYJ,0,0.7145532878796305,0.7079281893816287,0.6,6
2022_02_SEA_SF,2022,2,SF,SEA,1,0.5694187674665613,0.5479185269865472,0.6,6
2022_02_TB_NO,2022,2,NO,TB,0,0.32325133959789476,0.33841143098535403,0.6,6
2022_02_TEN_BUF,2022,2,BUF,TEN,1,0.7028438966170178,0.7027572801825767,0.6,6
2022_02_WAS_DET,2022,2,DET,WAS,1,0.47270591292223885,0.47423069146782204,0.6,6
2022_03_ATL_SEA,2022,3,SEA,ATL,0,0.6019679843729782,0.5713890966812503,0.6,6
2022_03_BAL_NE,2022,3,NE,BAL,0,0.5722364699633964,0.5341423033551063,0.6,6
2022_03_BUF_MIA,2022,3,MIA,BUF,1,0.28663448297800215,0.3070170882625191,0.6,6
2022_03_CIN_NYJ,2022,3,NYJ,CIN,0,0.32017295929919304,0.35193088549978,0.6,6
2022_03_DAL_NYG,2022,3,NYG,DAL,0,0.31433471475079033,0.3673985097632501,0.6,6
2022_03_DET_MIN,2022,3,MIN,DET,1,0.6034377432448488,0.5727360591424846,0.6,6
2022_03_GB_TB,2022,3,TB,GB,0,0.5981405886646941,0.5911772131682848,0.6,6
2022_03_HOU_CHI,2022,3,CHI,HOU,1,0.5998718020304851,0.5997674786278668,0.6,6
2022_03_JAX_LAC,2022,3,LAC,JAX,0,0.6443622383039019,0.604774288078942,0.6,6
2022_03_KC_IND,2022,3,IND,KC,1,0.2958316873308359,0.2697537036362892,0.6,6
2022_03_LA_ARI,2022,3,ARI,LA,0,0.5384946828218381,0.5444200602970302,0.6,6
2022_03_LV_TEN,2022,3,TEN,LV,1,0.5390899775771675,0.516472790240861,0.6,6
2022_03_NO_CAR,2022,3,CAR,NO,1,0.46771758021795146,0.49378941519377995,0.6,6
2022_03_PHI_WAS,2022,3,WAS,PHI,0,0.287958411286445,0.28494115826625716,0.6,6
2022_03_PIT_CLE,2022,3,CLE,PIT,1,0.6220319613525389,0.6230336838265748,0.6,6
2022_03_SF_DEN,2022,3,DEN,SF,1,0.4463589953411812,0.46551657382829853,0.6,6
2022_04_ARI_CAR,2022,4,CAR,ARI,0,0.4137679980233867,0.44606100369688734,0.6,6
2022_04_BUF_BAL,2022,4,BAL,BUF,0,0.28636560576318104,0.3077140180482835,0.6,6
2022_04_CHI_NYG,2022,4,NYG,CHI,1,0.4323246764626227,0.4356398715204835,0.6,6
2022_04_CLE_ATL,2022,4,ATL,CLE,1,0.3462041038661453,0.3570235715280929,0.6,6
2022_04_DEN_LV,2022,4,LV,DEN,1,0.4054440081904464,0.4058035728148551,0.6,6
2022_04_JAX_PHI,2022,4,PHI,JAX,1,0.6729947421759102,0.646831687441068,0.6,6
2022_04_KC_TB,2022,4,TB,KC,0,0.4442450030040259,0.40647762690716965,0.6,6
2022_04_LAC_HOU,2022,4,HOU,LAC,0,0.3110691939600386,0.335027884240144,0.6,6
2022_04_LA_SF,2022,4,SF,LA,1,0.5408390162973895,0.5370343326013255,0.6,6
2022_04_MIA_CIN,2022,4,CIN,MIA,1,0.4995931326471157,0.46196770257059905,0.6,6
2022_04_MIN_NO,2022,4,NO,MIN,0,0.49195800266176726,0.491001600320131,0.6,6
2022_04_NE_GB,2022,4,GB,NE,1,0.5602183002183644,0.5633049119300845,0.6,6
2022_04_NYJ_PIT,2022,4,PIT,NYJ,0,0.630973767282181,0.6256477575101256,0.6,6
2022_04_SEA_DET,2022,4,DET,SEA,0,0.46870866071749967,0.49930765677713806,0.6,6
2022_04_TEN_IND,2022,4,IND,TEN,0,0.4986870440013559,0.49187656714487554,0.6,6
2022_04_WAS_DAL,2022,4,DAL,WAS,1,0.6969049271101967,0.6670074942420795,0.6,6
2022_05_ATL_TB,2022,5,TB,ATL,1,0.7181291421992224,0.6727016655286197,0.6,6
2022_05_CHI_MIN,2022,5,MIN,CHI,1,0.5936667465711045,0.574125246846542,0.6,6
2022_05_CIN_BAL,2022,5,BAL,CIN,1,0.4605832482795264,0.48421099333954803,0.6,6
2022_05_DAL_LA,2022,5,LA,DAL,0,0.4271154907653145,0.43129957224850807,0.6,6
2022_05_DET_NE,2022,5,NE,DET,1,0.6331834900707449,0.5914689667198186,0.6,6
2022_05_HOU_JAX,2022,5,JAX,HOU,0,0.7004581556015528,0.7204239951939025,0.6,6
2022_05_IND_DEN,2022,5,DEN,IND,0,0.5562733664375777,0.5705376124262972,0.6,6
2022_05_LAC_CLE,2022,5,CLE,LAC,0,0.508216959808607,0.5232729362872084,0.6,6
2022_05_LV_KC,2022,5,KC,LV,1,0.7534528363444888,0.7545252747490481,0.6,6
2022_05_MIA_NYJ,2022,5,NYJ,MIA,1,0.28899001682073505,0.2842621781576445,0.6,6
2022_05_NYG_GB,2022,5,GB,NYG,0,0.7203433097123213,0.6877724787789277,0.6,6
2022_05_PHI_ARI,2022,5,ARI,PHI,0,0.3621756651588486,0.33383742542902006,0.6,6
2022_05_PIT_BUF,2022,5,BUF,PIT,1,0.8189568494512353,0.8120963738574976,0.6,6
2022_05_SEA_NO,2022,5,NO,SEA,1,0.4684164430698003,0.4551549434283068,0.6,6
2022_05_SF_CAR,2022,5,CAR,SF,0,0.26961055695718034,0.27969606364744004,0.6,6
2022_05_TEN_WAS,2022,5,WAS,TEN,0,0.39385235867307467,0.406653859138286,0.6,6
2022_06_ARI_SEA,2022,6,SEA,ARI,1,0.5053730654674309,0.5278891657786217,0.6,6
2022_06_BAL_NYG,2022,6,NYG,BAL,1,0.3892065519957063,0.4002828682303172,0.6,6
2022_06_BUF_KC,2022,6,KC,BUF,0,0.4217976745793747,0.429757984420125,0.6,6
2022_06_CAR_LA,2022,6,LA,CAR,1,0.6395100719383312,0.616710124225362,0.6,6
2022_06_CIN_NO,2022,6,NO,CIN,0,0.4610441599724469,0.4682616228415895,0.6,6
2022_06_DAL_PHI,2022,6,PHI,DAL,1,0.6237114391583763,0.6583567453300226,0.6,6
2022_06_DEN_LAC,2022,6,LAC,DEN,1,0.6040432592162032,0.6097498070645627,0.6,6
2022_06_JAX_IND,2022,6,IND,JAX,1,0.4720980755768119,0.42194942128263935,0.6,6
2022_06_MIN_MIA,2022,6,MIA,MIN,0,0.49706943400688364,0.5103732094691631,0.6,6
2022_06_NE_CLE,2022,6,CLE,NE,0,0.4591798076931732,0.47953723932936587,0.6,6
2022_06_NYJ_GB,2022,6,GB,NYJ,0,0.6938057667587106,0.6596594975255051,0.6,6
2022_06_SF_ATL,2022,6,ATL,SF,1,0.2730339156915389,0.29777802747979065,0.6,6
2022_06_TB_PIT,2022,6,PIT,TB,1,0.2648808728053602,0.28573636199655883,0.6,6
2022_06_WAS_CHI,2022,6,CHI,WAS,0,0.5151358483640547,0.5208463024564758,0.6,6
2022_07_ATL_CIN,2022,7,CIN,ATL,1,0.6518956190603917,0.6236643725620868,0.6,6
2022_07_CHI_NE,2022,7,NE,CHI,0,0.7433801602636001,0.7290263738924752,0.6,6
2022_07_CLE_BAL,2022,7,BAL,CLE,1,0.553495104852652,0.5662254146197019,0.6,6
2022_07_DET_DAL,2022,7,DAL,DET,1,0.6967194618531083,0.6599739275998971,0.6,6
2022_07_GB_WAS,2022,7,WAS,GB,1,0.3830657673146892,0.4085421787939336,0.6,6
2022_07_HOU_LV,2022,7,LV,HOU,1,0.6565515292814382,0.6507107031854847,0.6,6
2022_07_IND_TEN,2022,7,TEN,IND,1,0.5344447445101723,0.5380988907970053,0.6,6
2022_07_KC_SF,2022,7,SF,KC,0,0.4356821834160411,0.4221954815883301,0.6,6
2022_07_NO_ARI,2022,7,ARI,NO,1,0.5202425675520833,0.5022429989558962,0.6,6
2022_07_NYG_JAX,2022,7,JAX,NYG,0,0.5713334404049392,0.5724078104283574,0.6,6
2022_07_NYJ_DEN,2022,7,DEN,NYJ,0,0.5707175831280125,0.5383038192918326,0.6,6
2022_07_PIT_MIA,2022,7,MIA,PIT,1,0.6165682696373408,0.6203957300400923,0.6,6
2022_07_SEA_LAC,2022,7,LAC,SEA,0,0.5422367723486351,0.5323226741231878,0.6,6
2022_07_TB_CAR,2022,7,CAR,TB,1,0.2151646849084515,0.2281931028719913,0.6,6
2022_08_ARI_MIN,2022,8,MIN,ARI,1,0.4870149534917862,0.4977172066261615,0.6,6
2022_08_BAL_TB,2022,8,TB,BAL,0,0.58702632430659,0.5497065523878247,0.6,6
2022_08_CAR_ATL,2022,8,ATL,CAR,1,0.5838886908341857,0.6048776765011388,0.6,6
2022_08_CHI_DAL,2022,8,DAL,CHI,1,0.655410065637376,0.6202878410096963,0.6,6
2022_08_CIN_CLE,2022,8,CLE,CIN,1,0.3864150260379671,0.388307889180259,0.6,6
2022_08_DEN_JAX,2022,8,JAX,DEN,0,0.5293709115735682,0.5664453732610899,0.6,6
2022_08_GB_BUF,2022,8,BUF,GB,1,0.7682093620403471,0.7787295741694097,0.6,6
2022_08_LV_NO,2022,8,NO,LV,1,0.5228943852587965,0.5109626329776215,0.6,6
2022_08_MIA_DET,2022,8,DET,MIA,0,0.3563669081357353,0.35929369730171945,0.6,6
2022_08_NE_NYJ,2022,8,NYJ,NE,0,0.3471796931967682,0.37831258334453155,0.6,6
2022_08_NYG_SEA,2022,8,SEA,NYG,1,0.6235354791892981,0.6013406138523717,0.6,6
2022_08_PIT_PHI,2022,8,PHI,PIT,1,0.7796461803111288,0.7815448316943129,0.6,6
2022_08_SF_LA,2022,8,LA,SF,0,0.4136588674741591,0.4044887684474958,0.6,6
2022_08_TEN_HOU,2022,8,HOU,TEN,0,0.336375941122746,0.3587613412799751,0.6,6
2022_08_WAS_IND,2022,8,IND,WAS,0,0.5694747132627984,0.5494068499698782,0.6,6
2022_09_BAL_NO,2022,9,NO,BAL,0,0.532711203352122,0.5227170701000292,0.6,6
2022_09_BUF_NYJ,2022,9,NYJ,BUF,1,0.19847165480841797,0.21638110199973032,0.6,6
2022_09_CAR_CIN,2022,9,CIN,CAR,1,0.7179527597797485,0.7113811234442158,0.6,6
2022_09_GB_DET,2022,9,DET,GB,1,0.35350943481698716,0.38395184273362964,0.6,6
2022_09_IND_NE,2022,9,NE,IND,1,0.6381058140747862,0.637698346711682,0.6,6
2022_09_LAC_ATL,2022,9,ATL,LAC,0,0.4194918825606744,0.4507390302680478,0.6,6
2022_09_LA_TB,2022,9,TB,LA,1,0.6371242999670073,0.6340304051767606,0.6,6
2022_09_LV_JAX,2022,9,JAX,LV,1,0.5415615976516852,0.5597568953612979,0.6,6
2022_09_MIA_CHI,2022,9,CHI,MIA,0,0.3949649836718299,0.39647124504163206,0.6,6
2022_09_MIN_WAS,2022,9,WAS,MIN,0,0.38689136071215496,0.39391285307937385,0.6,6
2022_09_PHI_HOU,2022,9,HOU,PHI,0,0.15785762672948794,0.1597502883560949,0.6,6
2022_09_SEA_ARI,2022,9,ARI,SEA,0,0.49116336469060407,0.4732590871150266,0.6,6
2022_09_TEN_KC,2022,9,KC,TEN,1,0.7201341637599692,0.7302717881413595,0.6,6
2022_10_ARI_LA,2022,10,LA,ARI,0,0.4543756725704172,0.44768708626709935,0.6,6
2022_10_ATL_CAR,2022,10,CAR,ATL,1,0.4341313237053642,0.41733243240857715,0.6,6
2022_10_CLE_MIA,2022,10,MIA,CLE,1,0.5038619449781657,0.5101455231770583,0.6,6
2022_10_DAL_GB,2022,10,GB,DAL,1,0.39119116595377856,0.3904920687504347,0.6,6
2022_10_DEN_TEN,2022,10,TEN,DEN,1,0.5337754706146444,0.533758046264758,0.6,6
2022_10_DET_CHI,2022,10,CHI,DET,0,0.5735329909548932,0.5736983879251167,0.6,6
2022_10_HOU_NYG,2022,10,NYG,HOU,1,0.6666627846277541,0.6778762745558394,0.6,6
2022_10_IND_LV,2022,10,LV,IND,0,0.5465315679579564,0.5696892562982784,0.6,6
2022_10_JAX_KC,2022,10,KC,JAX,1,0.7292717242254264,0.7109598882723942,0.6,6
2022_10_LAC_SF,2022,10,SF,LAC,1,0.6116557354255711,0.6106591845512228,0.6,6
2022_10_MIN_BUF,2022,10,BUF,MIN,0,0.7258864580259645,0.7190949837726833,0.6,6
2022_10_NO_PIT,2022,10,PIT,NO,1,0.3465866037554681,0.34876751342610035,0.6,6
2022_10_SEA_TB,2022,10,TB,SEA,1,0.5150242133276343,0.4860245651183249,0.6,6
2022_10_WAS_PHI,2022,10,PHI,WAS,0,0.797984944383142,0.7993534084136601,0.6,6
2022_11_CAR_BAL,2022,11,BAL,CAR,1,0.6792967111273768,0.6841668391595989,0.6,6
2022_11_CHI_ATL,2022,11,ATL,CHI,1,0.5017889106463713,0.5071809897425282,0.6,6
2022_11_CIN_PIT,2022,11,PIT,CIN,0,0.27590037835685616,0.27990118998406033,0.6,6
2022_11_CLE_BUF,2022,11,BUF,CLE,1,0.7165609371225877,0.7023798858604333,0.6,6
2022_11_DAL_MIN,2022,11,MIN,DAL,0,0.44555170532398625,0.4611474143399643,0.6,6
2022_11_DET_NYG,2022,11,NYG,DET,0,0.5924253422717651,0.6017571202519056,0.6,6
2022_11_KC_LAC,2022,11,LAC,KC,0,0.2784634764712555,0.26861952178611304,0.6,6
2022_11_LA_NO,2022,11,NO,LA,1,0.5789047783180039,0.59710190689319,0.6,6
2022_11_LV_DEN,2022,11,DEN,LV,0,0.5540667646990239,0.5393641995253607,0.6,6
2022_11_NYJ_NE,2022,11,NE,NYJ,1,0.6425201342646474,0.6086348787552378,0.6,6
2022_11_PHI_IND,2022,11,IND,PHI,0,0.26184482676797305,0.24571484883791128,0.6,6
2022_11_SF_ARI,2022,11,ARI,SF,0,0.41040751327411396,0.4043537976232848,0.6,6
2022_11_TEN_GB,2022,11,GB,TEN,0,0.5312900889022683,0.5204082214156682,0.6,6
2022_11_WAS_HOU,2022,11,HOU,WAS,0,0.37575931472472596,0.3820736388607688,0.6,6
2022_12_ATL_WAS,2022,12,WAS,ATL,1,0.5374316249718529,0.523471873103997,0.6,6
2022_12_BAL_JAX,2022,12,JAX,BAL,1,0.43850451893984377,0.45252093323953324,0.6,6
2022_12_BUF_DET,2022,12,DET,BUF,0,0.22456718209150608,0.2459822838500707,0.6,6
2022_12_CHI_NYJ,2022,12,NYJ,CHI,1,0.49913457542435563,0.501302900436577,0.6,6
2022_12_CIN_TEN,2022,12,TEN,CIN,0,0.4039031765497386,0.3969307412576189,0.6,6
2022_12_DEN_CAR,2022,12,CAR,DEN,1,0.39416920119786975,0.4053365265721848,0.6,6
2022_12_GB_PHI,2022,12,PHI,GB,1,0.6718655628654508,0.6905260347145563,0.6,6
2022_12_HOU_MIA,2022,12,MIA,HOU,1,0.7829185474368272,0.7856210630381285,0.6,6
2022_12_LAC_ARI,2022,12,ARI,LAC,0,0.5128577125005713,0.5056775784380775,0.6,6
2022_12_LA_KC,2022,12,KC,LA,1,0.7794369714805087,0.7960826981669221,0.6,6
2022_12_LV_SEA,2022,12,SEA,LV,0,0.6122787158185683,0.6087380475286281,0.6,6
2022_12_NE_MIN,2022,12,MIN,NE,1,0.41317904386873733,0.4239418609975797,0.6,6
2022_12_NO_SF,2022,12,SF,NO,1,0.6588630433782281,0.653226377924803,0.6,6
2022_12_NYG_DAL,2022,12,DAL,NYG,1,0.6986603849076641,0.6613503297103731,0.6,6
2022_12_PIT_IND,2022,12,IND,PIT,0,0.5671776070124334,0.5452697641600633,0.6,6
2022_12_TB_CLE,2022,12,CLE,TB,1,0.4262741083503925,0.4530485844902163,0.6,6
2022_13_BUF_NE,2022,13,NE,BUF,0,0.38194089368956385,0.37887541831448523,0.6,6
2022_13_CLE_HOU,2022,13,HOU,CLE,0,0.27043121940150644,0.2750248179416199,0.6,6
2022_13_DEN_BAL,2022,13,BAL,DEN,1,0.6167659157399016,0.6370331137834703,0.6,6
2022_13_GB_CHI,2022,13,CHI,GB,0,0.40317603255515805,0.433815096620067,0.6,6
2022_13_IND_DAL,2022,13,DAL,IND,1,0.7253826742764868,0.726835351627287,0.6,6
2022_13_JAX_DET,2022,13,DET,JAX,1,0.4325225831443438,0.422651593851033,0.6,6
2022_13_KC_CIN,2022,13,CIN,KC,1,0.40303376852585016,0.40058299855940477,0.6,6
2022_13_LAC_LV,2022,13,LV,LAC,1,0.48068943175948053,0.49819799364099265,0.6,6
2022_13_MIA_SF,2022,13,SF,MIA,1,0.5950466175896179,0.5744088604758716,0.6,6
2022_13_NO_TB,2022,13,TB,NO,1,0.6014119660382908,0.5789213964483305,0.6,6
2022_13_NYJ_MIN,2022,13,MIN,NYJ,1,0.5604128787753448,0.5346565002479654,0.6,6
2022_13_PIT_ATL,2022,13,ATL,PIT,0,0.5120893808833376,0.5254640018880453,0.6,6
2022_13_SEA_LA,2022,13,LA,SEA,0,0.3939381367160467,0.369342851482941,0.6,6
2022_13_TEN_PHI,2022,13,PHI,TEN,1,0.655042486272175,0.6630076946994475,0.6,6
2022_14_BAL_PIT,2022,14,PIT,BAL,0,0.3932566272269753,0.39061271877027537,0.6,6
2022_14_CAR_SEA,2022,14,SEA,CAR,0,0.6693552622489708,0.6673419759628302,0.6,6
2022_14_CLE_CIN,2022,14,CIN,CLE,1,0.6310423486605422,0.631278408866266,0.6,6
2022_14_HOU_DAL,2022,14,DAL,HOU,1,0.8602944251192417,0.8499885114373776,0.6,6
2022_14_JAX_TEN,2022,14,TEN,JAX,0,0.5529632656313171,0.5202071557429028,0.6,6
2022_14_KC_DEN,2022,14,DEN,KC,0,0.24690665437432538,0.23682373247660385,0.6,6
2022_14_LV_LA,2022,14,LA,LV,1,0.4575836012948208,0.42729474984655713,0.6,6
2022_14_MIA_LAC,2022,14,LAC,MIA,1,0.45502582902339844,0.4332128445147385,0.6,6
2022_14_MIN_DET,2022,14,DET,MIN,1,0.44630141843247395,0.4697624832079005,0.6,6
2022_14_NE_ARI,2022,14,ARI,NE,0,0.4446559524228579,0.4450135555319148,0.6,6
2022_14_NYJ_BUF,2022,14,BUF,NYJ,1,0.7621426580988799,0.7365302305888374,0.6,6
2022_14_PHI_NYG,2022,14,NYG,PHI,0,0.2505294389659818,0.2643946074518493,0.6,6
2022_14_TB_SF,2022,14,SF,TB,1,0.5931918932638578,0.609886855678976,0.6,6
2022_15_ARI_DEN,2022,15,DEN,ARI,1,0.476640581613136,0.48461446560037097,0.6,6
2022_15_ATL_NO,2022,15,NO,ATL,1,0.5952616124380177,0.5729683955300493,0.6,6
2022_15_BAL_CLE,2022,15,CLE,BAL,1,0.47054857363541974,0.4597652457567594,0.6,6
2022_15_CIN_TB,2022,15,TB,CIN,0,0.42755528800210346,0.3995046504513694,0.6,6
2022_15_DAL_JAX,2022,15,JAX,DAL,1,0.3091759921643015,0.3438526856742515,0.6,6
2022_15_DET_NYJ,2022,15,NYJ,DET,0,0.48320745350548727,0.4810634773924176,0.6,6
2022_15_IND_MIN,2022,15,MIN,IND,1,0.6012497125652582,0.6143372221971154,0.6,6
2022_15_KC_HOU,2022,15,HOU,KC,0,0.12534899604249242,0.12706644767029612,0.6,6
2022_15_LA_GB,2022,15,GB,LA,1,0.6167413348049736,0.6218693533384163,0.6,6
2022_15_MIA_BUF,2022,15,BUF,MIA,1,0.6701395389248822,0.6470436448945817,0.6,6
2022_15_NE_LV,2022,15,LV,NE,1,0.4052399772442387,0.428403174632127,0.6,6
2022_15_NYG_WAS,2022,15,WAS,NYG,0,0.5683461652035859,0.5538861983136341,0.6,6
2022_15_PHI_CHI,2022,15,CHI,PHI,0,0.22896459088023344,0.2338050358761232,0.6,6
2022_15_PIT_CAR,2022,15,CAR,PIT,0,0.49038599220882423,0.48919400686139236,0.6,6
2022_15_SF_SEA,2022,15,SEA,SF,0,0.36784952914798924,0.37583616638859657,0.6,6
2022_15_TEN_LAC,2022,15,LAC,TEN,1,0.5355225414721416,0.533830220892028,0.6,6
2022_16_ATL_BAL,2022,16,BAL,ATL,1,0.6269002868813381,0.6158114528778214,0.6,6
2022_16_BUF_CHI,2022,16,CHI,BUF,0,0.23756730274879545,0.258306642172913,0.6,6
2022_16_CIN_NE,2022,16,NE,CIN,0,0.4470906905203698,0.428887091175496,0.6,6
2022_16_DEN_LA,2022,16,LA,DEN,1,0.4714754401553006,0.45820715820078245,0.6,6
2022_16_DET_CAR,2022,16,CAR,DET,1,0.4569277378159855,0.44387155679908363,0.6,6
2022_16_GB_MIA,2022,16,MIA,GB,0,0.5110297662703613,0.5372122704587207,0.6,6
2022_16_HOU_TEN,2022,16,TEN,HOU,0,0.7335237668080349,0.7206878498578903,0.6,6
2022_16_JAX_NYJ,2022,16,NYJ,JAX,0,0.45369314406624667,0.44562620050548,0.6,6
2022_16_LAC_IND,2022,16,IND,LAC,0,0.4075541067446881,0.39844867715961235,0.6,6
2022_16_LV_PIT,2022,16,PIT,LV,1,0.47585484194907507,0.47785070270153274,0.6,6
2022_16_NO_CLE,2022,16,CLE,NO,0,0.5317329029007657,0.5335596384166984,0.6,6
2022_16_NYG_MIN,2022,16,MIN,NYG,1,0.5899950987912846,0.5608628131109095,0.6,6
2022_16_PHI_DAL,2022,16,DAL,PHI,1,0.4637539232832755,0.44266291070736813,0.6,6
2022_16_SEA_KC,2022,16,KC,SEA,1,0.7235593635853127,0.7244693943320782,0.6,6
2022_16_TB_ARI,2022,16,ARI,TB,0,0.41841136183363664,0.4248297535589664,0.6,6
2022_16_WAS_SF,2022,16,SF,WAS,1,0.733660013903917,0.7220468576627457,0.6,6
2022_17_ARI_ATL,2022,17,ATL,ARI,1,0.44384547853551487,0.4828192787183511,0.6,6
2022_17_CAR_TB,2022,17,TB,CAR,1,0.6336152044800171,0.5968389826068594,0.6,6
2022_17_CHI_DET,2022,17,DET,CHI,1,0.5784022804528625,0.5867208665972252,0.6,6
2022_17_CLE_WAS,2022,17,WAS,CLE,0,0.44495382395515404,0.4536872487044574,0.6,6
2022_17_DAL_TEN,2022,17,TEN,DAL,0,0.3231323456124147,0.3264290776841398,0.6,6
2022_17_DEN_KC,2022,17,KC,DEN,1,0.7815109840764815,0.7895450675715805,0.6,6
2022_17_IND_NYG,2022,17,NYG,IND,1,0.5418617812566989,0.5855347615716486,0.6,6
2022_17_JAX_HOU,2022,17,HOU,JAX,0,0.29006284371096475,0.2742257865377413,0.6,6
2022_17_LA_LAC,2022,17,LAC,LA,1,0.5743917622993726,0.5832871682391384,0.6,6
2022_17_MIA_NE,2022,17,NE,MIA,1,0.5385737534517805,0.5104020662841916,0.6,6
2022_17_MIN_GB,2022,17,GB,MIN,1,0.5581414543152821,0.5474028150497557,0.6,6
2022_17_NO_PHI,2022,17,PHI,NO,0,0.7026539122764989,0.7089085820080198,0.6,6
2022_17_NYJ_SEA,2022,17,SEA,NYJ,1,0.5969682747448708,0.5783374313307484,0.6,6
2022_17_PIT_BAL,2022,17,BAL,PIT,0,0.5848829406218002,0.5829491503803831,0.6,6
2022_17_SF_LV,2022,17,LV,SF,0,0.29709823667622676,0.3066102755823281,0.6,6
2022_18_ARI_SF,2022,18,SF,ARI,1,0.7265310401125854,0.7389000553070126,0.6,6
2022_18_BAL_CIN,2022,18,CIN,BAL,1,0.6276613860851054,0.6203608902577741,0.6,6
2022_18_CAR_NO,2022,18,NO,CAR,0,0.5820111064697483,0.568506104120187,0.6,6
2022_18_CLE_PIT,2022,18,PIT,CLE,1,0.4529842017349277,0.4637633578717287,0.6,6
2022_18_DAL_WAS,2022,18,WAS,DAL,1,0.283116246414445,0.30068425236087165,0.6,6
2022_18_DET_GB,2022,18,GB,DET,0,0.5979424979173219,0.561867459386686,0.6,6
2022_18_HOU_IND,2022,18,IND,HOU,0,0.6446271272046932,0.619182869810048,0.6,6
2022_18_KC_LV,2022,18,LV,KC,0,0.2568352222144887,0.26070136470119726,0.6,6
2022_18_LAC_DEN,2022,18,DEN,LAC,1,0.39089137415808156,0.38748961397885157,0.6,6
2022_18_LA_SEA,2022,18,SEA,LA,1,0.562638355149802,0.5803091842681384,0.6,6
2022_18_MIN_CHI,2022,18,CHI,MIN,0,0.38739690564169754,0.4023550408586401,0.6,6
2022_18_NE_BUF,2022,18,BUF,NE,1,0.6733509749683285,0.6768042216775222,0.6,6
2022_18_NYG_PHI,2022,18,PHI,NYG,1,0.7390796568925279,0.7219701573799862,0.6,6
2022_18_NYJ_MIA,2022,18,MIA,NYJ,1,0.6555506595270475,0.6497226955249733,0.6,6
2022_18_TB_ATL,2022,18,ATL,TB,1,0.33495995408112667,0.37533417633025856,0.6,6
2022_18_TEN_JAX,2022,18,JAX,TEN,1,0.5454946324215695,0.5816537581014564,0.6,6
2023_01_ARI_WAS,2023,1,WAS,ARI,1,0.5814335775740003,0.5769374743628153,0.8,6
2023_01_BUF_NYJ,2023,1,NYJ,BUF,1,0.30682909165099903,0.31549492093170267,0.8,6
2023_01_CAR_ATL,2023,1,ATL,CAR,1,0.5287158543677875,0.529660468724657,0.8,6
2023_01_CIN_CLE,2023,1,CLE,CIN,1,0.4209494543325357,0.4264227496782536,0.8,6
2023_01_DAL_NYG,2023,1,NYG,DAL,0,0.471435647162108,0.47621226027567054,0.8,6
2023_01_DET_KC,2023,1,KC,DET,0,0.6909059552627668,0.6821783562561557,0.8,6
2023_01_GB_CHI,2023,1,CHI,GB,0,0.42811062860751137,0.4336355921325947,0.8,6
2023_01_HOU_BAL,2023,1,BAL,HOU,1,0.7304122425194481,0.7217867902666693,0.8,6
2023_01_JAX_IND,2023,1,IND,JAX,0,0.2995544905591173,0.30832610689456685,0.8,6
2023_01_LA_SEA,2023,1,SEA,LA,0,0.6159711073214602,0.6117052628384464,0.8,6
2023_01_LV_DEN,2023,1,DEN,LV,0,0.4600384763870264,0.46056534565669954,0.8,6
2023_01_MIA_LAC,2023,1,LAC,MIA,0,0.4803802509416799,0.4820529358985773,0.8,6
2023_01_PHI_NE,2023,1,NE,PHI,0,0.36034223540194465,0.3667084210184706,0.8,6
2023_01_SF_PIT,2023,1,PIT,SF,0,0.36868080559733923,0.3777882160756639,0.8,6
2023_01_TB_MIN,2023,1,MIN,TB,0,0.535710486350843,0.5355923238769973,0.8,6
2023_01_TEN_NO,2023,1,NO,TEN,1,0.578499462073983,0.5746806449120412,0.8,6
2023_02_BAL_CIN,2023,2,CIN,BAL,0,0.49222251404191,0.4441204677402511,0.8,6
2023_02_CHI_TB,2023,2,TB,CHI,1,0.6409312471528663,0.645631810771526,0.8,6
2023_02_CLE_PIT,2023,2,PIT,CLE,1,0.40009414500148277,0.3656443549849081,0.8,6
2023_02_GB_ATL,2023,2,ATL,GB,1,0.45289159594563716,0.43658271505390034,0.8,6
2023_02_IND_HOU,2023,2,HOU,IND,0,0.5011005804070069,0.5093718471190227,0.8,6
2023_02_KC_JAX,2023,2,JAX,KC,0,0.42083603823063315,0.4416643470692842,0.8,6
2023_02_LAC_TEN,2023,2,TEN,LAC,1,0.4150737558575901,0.4039135266337335,0.8,6
2023_02_LV_BUF,2023,2,BUF,LV,1,0.6297021121218204,0.5937738968862404,0.8,6
2023_02_MIA_NE,2023,2,NE,MIA,0,0.38078781215640367,0.35437620081013277,0.8,6
2023_02_MIN_PHI,2023,2,PHI,MIN,1,0.6706665482387757,0.6567039421635077,0.8,6
2023_02_NO_CAR,2023,2,CAR,NO,0,0.4455675791467015,0.4306196701454423,0.8,6
2023_02_NYG_ARI,2023,2,ARI,NYG,0,0.4907215492259043,0.5212990968771672,0.8,6
2023_02_NYJ_DAL,2023,2,DAL,NYJ,1,0.698579760069002,0.7052597553814375,0.8,6
2023_02_SEA_DET,2023,2,DET,SEA,0,0.6506122589235391,0.6701810412337201,0.8,6
2023_02_SF_LA,2023,2,LA,SF,0,0.30751972474546074,0.3325581502401254,0.8,6
2023_02_WAS_DEN,2023,2,DEN,WAS,0,0.4960372573546222,0.5080309095774088,0.8,6
2023_03_ATL_DET,2023,3,DET,ATL,1,0.5296149069728163,0.5086489610834127,0.8,6
2023_03_BUF_WAS,2023,3,WAS,BUF,0,0.30154223533409874,0.30253655054171197,0.8,6
2023_03_CAR_SEA,2023,3,SEA,CAR,1,0.6454879793428182,0.6699318860460395,0.8,6
2023_03_CHI_KC,2023,3,KC,CHI,1,0.8379693992023721,0.8354950039837551,0.8,6
2023_03_DAL_ARI,2023,3,ARI,DAL,1,0.26337609451480165,0.2503746566538975,0.8,6
2023_03_DEN_MIA,2023,3,MIA,DEN,1,0.7243219245552217,0.7339240886335222,0.8,6
2023_03_HOU_JAX,2023,3,JAX,HOU,0,0.7043509683886393,0.6718467688225057,0.8,6
2023_03_IND_BAL,2023,3,BAL,IND,0,0.7354320845578479,0.7382790032915949,0.8,6
2023_03_LAC_MIN,2023,3,MIN,LAC,0,0.4653871236393601,0.4551797947358878,0.8,6
2023_03_LA_CIN,2023,3,CIN,LA,1,0.5518775585011991,0.48938805121886947,0.8,6
2023_03_NE_NYJ,2023,3,NYJ,NE,0,0.4212078545203681,0.4113195582232372,0.8,6
2023_03_NO_GB,2023,3,GB,NO,1,0.5486610280533357,0.5582017081217855,0.8,6
2023_03_NYG_SF,2023,3,SF,NYG,1,0.7743217810672759,0.7910983249500678,0.8,6
2023_03_PHI_TB,2023,3,TB,PHI,0,0.4221797022429413,0.45149353478281085,0.8,6
2023_03_PIT_LV,2023,3,LV,PIT,0,0.6039008828238217,0.6369667741829284,0.8,6
2023_03_TEN_CLE,2023,3,CLE,TEN,1,0.6310327703964849,0.6325583138381,0.8,6
2023_04_ARI_SF,2023,4,SF,ARI,1,0.7952509783846814,0.791874144857258,0.8,6
2023_04_ATL_JAX,2023,4,JAX,ATL,1,0.510282111251712,0.4798823780361445,0.8,6
2023_04_BAL_CLE,2023,4,CLE,BAL,0,0.5226055416962996,0.5201181549015569,0.8,6
2023_04_CIN_TEN,2023,4,TEN,CIN,1,0.38165719091829187,0.39731582681035776,0.8,6
2023_04_DEN_CHI,2023,4,CHI,DEN,0,0.45754487546991707,0.44631245292791294,0.8,6
2023_04_DET_GB,2023,4,GB,DET,0,0.5143928024610913,0.5271494469376107,0.8,6
2023_04_KC_NYJ,2023,4,NYJ,KC,0,0.13979439604200794,0.12672765684026982,0.8,6
2023_04_LA_IND,2023,4,IND,LA,0,0.40522523854024556,0.39453522893092957,0.8,6
2023_04_LV_LAC,2023,4,LAC,LV,1,0.6728938443767429,0.6938181335165376,0.8,6
2023_04_MIA_BUF,2023,4,BUF,MIA,1,0.5231416579524274,0.4893774782470478,0.8,6
2023_04_MIN_CAR,2023,4,CAR,MIN,0,0.45648785497554256,0.4466264237735346,0.8,6
2023_04_NE_DAL,2023,4,DAL,NE,1,0.7000369951199625,0.7158328699400098,0.8,6
2023_04_PIT_HOU,2023,4,HOU,PIT,1,0.4593613581312625,0.5038261867767301,0.8,6
2023_04_SEA_NYG,2023,4,NYG,SEA,0,0.36730186099486306,0.3289631693490025,0.8,6
2023_04_TB_NO,2023,4,NO,TB,0,0.535461948570425,0.5322463190736109,0.8,6
2023_04_WAS_PHI,2023,4,PHI,WAS,1,0.7881170849924038,0.7963213620103874,0.8,6
2023_05_BAL_PIT,2023,5,PIT,BAL,1,0.2878102732285301,0.2540209432016408,0.8,6
2023_05_CAR_DET,2023,5,DET,CAR,1,0.7263712451639487,0.7433719524826821,0.8,6
2023_05_CHI_WAS,2023,5,WAS,CHI,0,0.6429298255979136,0.6464984211088056,0.8,6
2023_05_CIN_ARI,2023,5,ARI,CIN,0,0.5240288468125411,0.5763640640539085,0.8,6
2023_05_DAL_SF,2023,5,SF,DAL,1,0.6214973058799019,0.620407366588813,0.8,6
2023_05_GB_LV,2023,5,LV,GB,1,0.4243637632898622,0.41048684655381584,0.8,6
2023_05_HOU_ATL,2023,5,ATL,HOU,1,0.541866299255748,0.5029671921419673,0.8,6
2023_05_JAX_BUF,2023,5,BUF,JAX,0,0.8155262250566799,0.8396701275667442,0.8,6
2023_05_KC_MIN,2023,5,MIN,KC,0,0.2589857995489284,0.2610145894568883,0.8,6
2023_05_NO_NE,2023,5,NE,NO,0,0.46986546777683214,0.45942255159044226,0.8,6
2023_05_NYG_MIA,2023,5,MIA,NYG,1,0.8487012555151824,0.8805323557635619,0.8,6
2023_05_NYJ_DEN,2023,5,DEN,NYJ,0,0.6146248562625192,0.6401020546210554,0.8,6
2023_05_PHI_LA,2023,5,LA,PHI,0,0.3762643699443034,0.40838093551673066,0.8,6
2023_05_TEN_IND,2023,5,IND,TEN,1,0.45968414188284185,0.4715898041428311,0.8,6
2023_06_ARI_LA,2023,6,LA,ARI,1,0.6134214231734293,0.6268963081341884,0.8,6
2023_06_BAL_TEN,2023,6,TEN,BAL,0,0.39646681738377637,0.39521365760290317,0.8,6
2023_06_CAR_MIA,2023,6,MIA,CAR,1,0.8396785064317668,0.862425342076456,0.8,6
2023_06_DAL_LAC,2023,6,LAC,DAL,0,0.48612295081685747,0.4980700401447602,0.8,6
2023_06_DEN_KC,2023,6,KC,DEN,1,0.8435275585562187,0.8403849717195426,0.8,6
2023_06_DET_TB,2023,6,TB,DET,0,0.4372267162523088,0.43781210924303243,0.8,6
2023_06_IND_JAX,2023,6,JAX,IND,1,0.6208593042576582,0.5881576703324115,0.8,6
2023_06_MIN_CHI,2023,6,CHI,MIN,0,0.4271001874720337,0.4333859651234776,0.8,6
2023_06_NE_LV,2023,6,LV,NE,1,0.6255443311630777,0.6470150496869892,0.8,6
2023_06_NO_HOU,2023,6,HOU,NO,1,0.415040061266204,0.4412667235895948,0.8,6
2023_06_NYG_BUF,2023,6,BUF,NYG,1,0.8865659482444757,0.9038576334904915,0.8,6
2023_06_PHI_NYJ,2023,6,NYJ,PHI,1,0.221429404970311,0.2154570315380552,0.8,6
2023_06_SEA_CIN,2023,6,CIN,SEA,1,0.430400360765586,0.3873116675107035,0.8,6
2023_06_SF_CLE,2023,6,CLE,SF,1,0.20493550550430836,0.18590481029795133,0.8,6
2023_06_WAS_ATL,2023,6,ATL,WAS,0,0.5742592206120742,0.5779983227458207,0.8,6
2023_07_ARI_SEA,2023,7,SEA,ARI,1,0.7059976727318847,0.7137115228296755,0.8,6
2023_07_ATL_TB,2023,7,TB,ATL,0,0.6017124556215977,0.610892065501791,0.8,6
2023_07_BUF_NE,2023,7,NE,BUF,1,0.14205615320451037,0.12579202126253072,0.8,6
2023_07_CLE_IND,2023,7,IND,CLE,0,0.4440777045577054,0.47136813057578564,0.8,6
2023_07_DET_BAL,2023,7,BAL,DET,1,0.4421972146649471,0.43362056460371184,0.8,6
2023_07_GB_DEN,2023,7,DEN,GB,1,0.39037849451155965,0.3891066262643623,0.8,6
2023_07_JAX_NO,2023,7,NO,JAX,0,0.5426251247245526,0.5576085479935823,0.8,6
2023_07_LAC_KC,2023,7,KC,LAC,1,0.7133679953576179,0.7008029229167442,0.8,6
2023_07_LV_CHI,2023,7,CHI,LV,1,0.4415935415542775,0.4462330449440794,0.8,6
2023_07_MIA_PHI,2023,7,PHI,MIA,1,0.41461902745988666,0.3790779198923672,0.8,6
2023_07_PIT_LA,2023,7,LA,PIT,0,0.6748809565556299,0.7144993603970887,0.8,6
2023_07_SF_MIN,2023,7,MIN,SF,1,0.22466914789197126,0.21669409868835499,0.8,6
2023_07_WAS_NYG,2023,7,NYG,WAS,1,0.43343787270360534,0.4105833781953742,0.8,6
2023_08_ATL_TEN,2023,8,TEN,ATL,1,0.513543946369175,0.5182536717530294,0.8,6
2023_08_BAL_ARI,2023,8,ARI,BAL,0,0.2605243047816429,0.2520522542015318,0.8,6
2023_08_CHI_LAC,2023,8,LAC,CHI,1,0.6657558056106295,0.664197534932492,0.8,6
2023_08_CIN_SF,2023,8,SF,CIN,0,0.7896326767146193,0.8094040166524129,0.8,6
2023_08_CLE_SEA,2023,8,SEA,CLE,1,0.653458125385945,0.6765645586583078,0.8,6
2023_08_HOU_CAR,2023,8,CAR,HOU,1,0.46025776278394104,0.4201023562558588,0.8,6
2023_08_JAX_PIT,2023,8,PIT,JAX,0,0.42068036632227873,0.4167532271972184,0.8,6
2023_08_KC_DEN,2023,8,DEN,KC,1,0.17513266830418403,0.17899433448304305,0.8,6
2023_08_LA_DAL,2023,8,DAL,LA,1,0.6164892024755496,0.5967984264471656,0.8,6
2023_08_LV_DET,2023,8,DET,LV,1,0.7223325774658244,0.7325415223116974,0.8,6
2023_08_MIN_GB,2023,8,GB,MIN,0,0.5270327736274368,0.527331496216715,0.8,6
2023_08_NE_MIA,2023,8,MIA,NE,1,0.8409865949675565,0.8610453317087653,0.8,6
2023_08_NO_IND,2023,8,IND,NO,0,0.4128492526846981,0.4276913550408503,0.8,6
2023_08_NYJ_NYG,2023,8,NYG,NYJ,0,0.5186054110955389,0.506817982103291,0.8,6
2023_08_PHI_WAS,2023,8,WAS,PHI,0,0.2616759769116237,0.2616234491459999,0.8,6
2023_08_TB_BUF,2023,8,BUF,TB,1,0.7859054573333676,0.7895083466808369,0.8,6
2023_09_ARI_CLE,2023,9,CLE,ARI,1,0.6204290277140292,0.6078184828794994,0.8,6
2023_09_BUF_CIN,2023,9,CIN,BUF,1,0.274957759146198,0.25640842072003,0.8,6
2023_09_CHI_NO,2023,9,NO,CHI,1,0.6726230595922393,0.6702931296871427,0.8,6
2023_09_DAL_PHI,2023,9,PHI,DAL,1,0.5466601087255964,0.5366078916852025,0.8,6
2023_09_IND_CAR,2023,9,CAR,IND,0,0.4679804588809593,0.4398355183460504,0.8,6
2023_09_LAC_NYJ,2023,9,NYJ,LAC,0,0.3087060093061462,0.2931125303840474,0.8,6
2023_09_LA_GB,2023,9,GB,LA,1,0.4714556146978626,0.45065430902639664,0.8,6
2023_09_MIA_KC,2023,9,KC,MIA,1,0.515704218324705,0.48583763232555083,0.8,6
2023_09_MIN_ATL,2023,9,ATL,MIN,0,0.4137888991447419,0.40422321880042605,0.8,6
2023_09_NYG_LV,2023,9,LV,NYG,1,0.5492537407423785,0.5596474725895179,0.8,6
2023_09_SEA_BAL,2023,9,BAL,SEA,1,0.5785612196495901,0.5768720325816659,0.8,6
2023_09_TB_HOU,2023,9,HOU,TB,1,0.474506017308326,0.4999041113180293,0.8,6
2023_09_TEN_PIT,2023,9,PIT,TEN,1,0.47114375615982673,0.45096989898338785,0.8,6
2023_09_WAS_NE,2023,9,NE,WAS,0,0.4541118687694373,0.4397511161372776,0.8,6
2023_10_ATL_ARI,2023,10,ARI,ATL,1,0.38573275865801987,0.38359767425938224,0.8,6
2023_10_CAR_CHI,2023,10,CHI,CAR,1,0.5941501683640207,0.6131618895209651,0.8,6
2023_10_CLE_BAL,2023,10,BAL,CLE,0,0.714824455447152,0.7317002537800086,0.8,6
2023_10_DEN_BUF,2023,10,BUF,DEN,0,0.8342543380832226,0.8332211003896792,0.8,6
2023_10_DET_LAC,2023,10,LAC,DET,0,0.4849387662281856,0.48687470108685665,0.8,6
2023_10_GB_PIT,2023,10,PIT,GB,1,0.4581672688391861,0.4470164858087872,0.8,6
2023_10_HOU_CIN,2023,10,CIN,HOU,0,0.6043135955079546,0.5626364745438845,0.8,6
2023_10_IND_NE,2023,10,NE,IND,0,0.4420785586876787,0.4114644273139736,0.8,6
2023_10_NO_MIN,2023,10,MIN,NO,1,0.5193420751698816,0.5208954092598522,0.8,6
2023_10_NYG_DAL,2023,10,DAL,NYG,1,0.8170632791616717,0.8317320960581664,0.8,6
2023_10_NYJ_LV,2023,10,LV,NYJ,1,0.6153125470168449,0.622030491282445,0.8,6
2023_10_SF_JAX,2023,10,JAX,SF,0,0.2987150634122246,0.2889618054129096,0.8,6
2023_10_TEN_TB,2023,10,TB,TEN,1,0.5598722046122745,0.5570475101861913,0.8,6
2023_10_WAS_SEA,2023,10,SEA,WAS,1,0.6356199604448814,0.6407205785770612,0.8,6
2023_11_ARI_HOU,2023,11,HOU,ARI,1,0.6920683993665144,0.7157743518650673,0.8,6
2023_11_CHI_DET,2023,11,DET,CHI,1,0.7343035655454367,0.7332811766880882,0.8,6
2023_11_CIN_BAL,2023,11,BAL,CIN,1,0.6395072251058581,0.6569622909109947,0.8,6
2023_11_DAL_CAR,2023,11,CAR,DAL,0,0.19951820074581808,0.18790815372043274,0.8,6
2023_11_LAC_GB,2023,11,GB,LAC,1,0.45308331001052277,0.44792651231763486,0.8,6
2023_11_LV_MIA,2023,11,MIA,LV,1,0.801694752474117,0.812552312929312,0.8,6
2023_11_MIN_DEN,2023,11,DEN,MIN,1,0.3688646818957791,0.36862431577185123,0.8,6
2023_11_NYG_WAS,2023,11,WAS,NYG,0,0.6779761227238721,0.6931151974380021,0.8,6
2023_11_NYJ_BUF,2023,11,BUF,NYJ,1,0.8637828638483497,0.8681241663226109,0.8,6
2023_11_PHI_KC,2023,11,KC,PHI,0,0.5684333902420761,0.56177609732261,0.8,6
2023_11_PIT_CLE,2023,11,CLE,PIT,1,0.5966884377638091,0.5987999898509897,0.8,6
2023_11_SEA_LA,2023,11,LA,SEA,1,0.45162338894212495,0.4583070541957935,0.8,6
2023_11_TB_SF,2023,11,SF,TB,1,0.7825353838599866,0.7822492636080273,0.8,6
2023_11_TEN_JAX,2023,11,JAX,TEN,1,0.5647535275968715,0.5477407133066206,0.8,6
2023_12_BAL_LAC,2023,12,LAC,BAL,0,0.42774020000149837,0.4301857544090884,0.8,6
2023_12_BUF_PHI,2023,12,PHI,BUF,1,0.44677341817458716,0.44528948416156583,0.8,6
2023_12_CAR_TEN,2023,12,TEN,CAR,1,0.6358153514037667,0.6456844793455367,0.8,6
2023_12_CHI_MIN,2023,12,MIN,CHI,0,0.6611929913691807,0.6565447638225038,0.8,6
2023_12_CLE_DEN,2023,12,DEN,CLE,1,0.4321674992026856,0.4434490620677876,0.8,6
2023_12_GB_DET,2023,12,DET,GB,0,0.648277475560769,0.6497369567778952,0.8,6
2023_12_JAX_HOU,2023,12,HOU,JAX,0,0.5171784416002307,0.5487976426516359,0.8,6
2023_12_KC_LV,2023,12,LV,KC,0,0.23037389704178268,0.2388285310973338,0.8,6
2023_12_LA_ARI,2023,12,ARI,LA,0,0.3785402628671885,0.3728545800947899,0.8,6
2023_12_MIA_NYJ,2023,12,NYJ,MIA,0,0.1702543144196165,0.16110303280728067,0.8,6
2023_12_NE_NYG,2023,12,NYG,NE,1,0.46767185422831403,0.46987239370592,0.8,6
2023_12_NO_ATL,2023,12,ATL,NO,1,0.41874955247890533,0.4154376843800851,0.8,6
2023_12_PIT_CIN,2023,12,CIN,PIT,0,0.6236159970068044,0.6190921961552531,0.8,6
2023_12_SF_SEA,2023,12,SEA,SF,0,0.2781829128316157,0.2812075271863735,0.8,6
2023_12_TB_IND,2023,12,IND,TB,1,0.4596364992183448,0.4707372569113411,0.8,6
2023_12_WAS_DAL,2023,12,DAL,WAS,1,0.7862353720431727,0.7872950963958893,0.8,6
2023_13_ARI_PIT,2023,13,PIT,ARI,0,0.6742732847739629,0.6657100808728984,0.8,6
2023_13_ATL_NYJ,2023,13,NYJ,ATL,0,0.34148071145586834,0.33735141842824107,0.8,6
2023_13_CAR_TB,2023,13,TB,CAR,1,0.6912679266372818,0.6943240665889343,0.8,6
2023_13_CIN_JAX,2023,13,JAX,CIN,0,0.49727840214626273,0.49867050139602304,0.8,6
2023_13_CLE_LA,2023,13,LA,CLE,1,0.560282231247898,0.5739803534877683,0.8,6
2023_13_DEN_HOU,2023,13,HOU,DEN,1,0.586939025322327,0.5964494461639835,0.8,6
2023_13_DET_NO,2023,13,NO,DET,0,0.4480843939606259,0.4477391523103028,0.8,6
2023_13_IND_TEN,2023,13,TEN,IND,0,0.5170640161439651,0.509749008149341,0.8,6
2023_13_KC_GB,2023,13,GB,KC,1,0.3420732656102407,0.3543945377440498,0.8,6
2023_13_LAC_NE,2023,13,NE,LAC,0,0.3477410576586452,0.3422895654164744,0.8,6
2023_13_MIA_WAS,2023,13,WAS,MIA,0,0.23289380110195906,0.23415958861652222,0.8,6
2023_13_SEA_DAL,2023,13,DAL,SEA,1,0.7427864856602179,0.7413086771750348,0.8,6
2023_13_SF_PHI,2023,13,PHI,SF,0,0.37419631948135,0.3723956508792794,0.8,6
2023_14_BUF_KC,2023,14,KC,BUF,0,0.4689893874817026,0.4660089203950672,0.8,6
2023_14_CAR_NO,2023,14,NO,CAR,1,0.7224029794089781,0.7195197976100021,0.8,6
2023_14_DEN_LAC,2023,14,LAC,DEN,0,0.6398428427922332,0.6349834116135572,0.8,6
2023_14_DET_CHI,2023,14,CHI,DET,1,0.34015317070353684,0.3466341302018139,0.8,6
2023_14_GB_NYG,2023,14,NYG,GB,1,0.2790216794042074,0.27713786913453353,0.8,6
2023_14_HOU_NYJ,2023,14,NYJ,HOU,1,0.28920875804090157,0.28195953094193155,0.8,6
2023_14_IND_CIN,2023,14,CIN,IND,1,0.6146956256111279,0.6028484180469819,0.8,6
2023_14_JAX_CLE,2023,14,CLE,JAX,1,0.4786022755831432,0.4778649501317849,0.8,6
2023_14_LA_BAL,2023,14,BAL,LA,1,0.6668305437612431,0.6589614688358104,0.8,6
2023_14_MIN_LV,2023,14,LV,MIN,0,0.37818374854723164,0.37934617401165244,0.8,6
2023_14_NE_PIT,2023,14,PIT,NE,0,0.6284016547345067,0.6275598543070819,0.8,6
2023_14_PHI_DAL,2023,14,DAL,PHI,1,0.6364216646364118,0.6368979979853358,0.8,6
2023_14_SEA_SF,2023,14,SF,SEA,1,0.8003208495793149,0.7933940970995502,0.8,6
2023_14_TB_ATL,2023,14,ATL,TB,0,0.4882645467274001,0.4873093535766735,0.8,6
2023_14_TEN_MIA,2023,14,MIA,TEN,0,0.7852759726268183,0.7804470092787673,0.8,6
2023_15_ATL_CAR,2023,15,CAR,ATL,1,0.3711526360981894,0.37590045341898576,0.8,6
2023_15_BAL_JAX,2023,15,JAX,BAL,0,0.34417961326062557,0.3488484371104302,0.8,6
2023_15_CHI_CLE,2023,15,CLE,CHI,1,0.5407926401300557,0.5337048611648711,0.8,6
2023_15_DAL_BUF,2023,15,BUF,DAL,1,0.5205154448862842,0.5201410921828642,0.8,6
2023_15_DEN_DET,2023,15,DET,DEN,1,0.6790469330586112,0.6728926016282522,0.8,6
2023_15_HOU_TEN,2023,15,TEN,HOU,0,0.5260704902671411,0.5233689479101169,0.8,6
2023_15_KC_NE,2023,15,NE,KC,0,0.22434248025582845,0.23317059555566153,0.8,6
2023_15_LAC_LV,2023,15,LV,LAC,1,0.38785688410472186,0.39100360672256324,0.8,6
2023_15_MIN_CIN,2023,15,CIN,MIN,1,0.5492057670367757,0.5475071384853203,0.8,6
2023_15_NYG_NO,2023,15,NO,NYG,1,0.7265336337453197,0.7210163308760618,0.8,6
2023_15_NYJ_MIA,2023,15,MIA,NYJ,1,0.8674029071200265,0.8616679570872758,0.8,6
2023_15_PHI_SEA,2023,15,SEA,PHI,1,0.40655775884143996,0.4124869851168308,0.8,6
2023_15_PIT_IND,2023,15,IND,PIT,1,0.5390778673725125,0.5425697338797494,0.8,6
2023_15_SF_ARI,2023,15,ARI,SF,0,0.11093469908427947,0.12008799603060676,0.8,6
2023_15_TB_GB,2023,15,GB,TB,0,0.5906294414417219,0.5888856408679031,0.8,6
2023_15_WAS_LA,2023,15,LA,WAS,1,0.6786723999614791,0.6749838578306532,0.8,6
2023_16_ARI_CHI,2023,16,CHI,ARI,1,0.6398147693273821,0.6327478778783862,0.8,6
2023_16_BAL_SF,2023,16,SF,BAL,0,0.7073102594349215,0.6999181763188438,0.8,6
2023_16_BUF_LAC,2023,16,LAC,BUF,0,0.23856489845932322,0.2504933718863779,0.8,6
2023_16_CIN_PIT,2023,16,PIT,CIN,1,0.37865733514831745,0.3835342281448279,0.8,6
2023_16_CLE_HOU,2023,16,HOU,CLE,0,0.5360746072931009,0.5383975456366343,0.8,6
2023_16_DAL_MIA,2023,16,MIA,DAL,1,0.5362579497083524,0.5364945173274204,0.8,6
2023_16_DET_MIN,2023,16,MIN,DET,0,0.42246769613753793,0.4256747379856024,0.8,6
2023_16_GB_CAR,2023,16,CAR,GB,0,0.2980804841860424,0.30659873172085067,0.8,6
2023_16_IND_ATL,2023,16,ATL,IND,1,0.5015847975969497,0.5021444147352615,0.8,6
2023_16_JAX_TB,2023,16,TB,JAX,1,0.5604809676789255,0.559045604403472,0.8,6
2023_16_LV_KC,2023,16,KC,LV,0,0.782563749397274,0.7725877052298794,0.8,6
2023_16_NE_DEN,2023,16,DEN,NE,0,0.5945557573502134,0.592652164663652,0.8,6
2023_16_NO_LA,2023,16,LA,NO,1,0.5130749210954513,0.5155861884610835,0.8,6
2023_16_NYG_PHI,2023,16,PHI,NYG,1,0.8125043019706664,0.8029089697348778,0.8,6
2023_16_SEA_TEN,2023,16,TEN,SEA,0,0.46670230797157014,0.4686809001198214,0.8,6
2023_16_WAS_NYJ,2023,16,NYJ,WAS,1,0.40540238539582973,0.4071454965178486,0.8,6
2023_17_ARI_PHI,2023,17,PHI,ARI,0,0.804702448117632,0.7931377542282412,0.8,6
2023_17_ATL_CHI,2023,17,CHI,ATL,1,0.51715849322317,0.5167966810791126,0.8,6
2023_17_CAR_JAX,2023,17,JAX,CAR,1,0.6646224690379263,0.6566374154974071,0.8,6
2023_17_CIN_KC,2023,17,KC,CIN,1,0.6619475286593661,0.6530791794773999,0.8,6
2023_17_DET_DAL,2023,17,DAL,DET,1,0.6115976952517954,0.603772270085347,0.8,6
2023_17_GB_MIN,2023,17,MIN,GB,0,0.4913147694465505,0.4913437333793111,0.8,6
2023_17_LAC_DEN,2023,17,DEN,LAC,1,0.49612301144233817,0.49533472275576296,0.8,6
2023_17_LA_NYG,2023,17,NYG,LA,0,0.27746551162004846,0.2932656745049212,0.8,6
2023_17_LV_IND,2023,17,IND,LV,1,0.5612538303108139,0.5562384762352841,0.8,6
2023_17_MIA_BAL,2023,17,BAL,MIA,1,0.475907742633757,0.4765396948220207,0.8,6
2023_17_NE_BUF,2023,17,BUF,NE,1,0.8519453707565493,0.839408037617274,0.8,6
2023_17_NO_TB,2023,17,TB,NO,0,0.5199934839425177,0.5212110458274505,0.8,6
2023_17_NYJ_CLE,2023,17,CLE,NYJ,1,0.7322420927359324,0.7201344314891082,0.8,6
2023_17_PIT_SEA,2023,17,SEA,PIT,0,0.6053064390548513,0.6011631817294261,0.8,6
2023_17_SF_WAS,2023,17,WAS,SF,0,0.14660624791637078,0.16169133827535825,0.8,6
2023_17_TEN_HOU,2023,17,HOU,TEN,1,0.4977059367463742,0.49565120062018964,0.8,6
2023_18_ATL_NO,2023,18,NO,ATL,1,0.6089889905539334,0.6017965888311173,0.8,6
2023_18_BUF_MIA,2023,18,MIA,BUF,0,0.4631959762241844,0.46498577971950095,0.8,6
2023_18_CHI_GB,2023,18,GB,CHI,1,0.6323327238944186,0.6277491963047772,0.8,6
2023_18_CLE_CIN,2023,18,CIN,CLE,1,0.5651744411082428,0.569807272704852,0.8,6
2023_18_DAL_WAS,2023,18,WAS,DAL,0,0.20640526408747312,0.22579182421387287,0.8,6
2023_18_DEN_LV,2023,18,LV,DEN,1,0.5168867397413017,0.5186411172398858,0.8,6
2023_18_HOU_IND,2023,18,IND,HOU,0,0.5219685264266508,0.5235011680685878,0.8,6
2023_18_JAX_TEN,2023,18,TEN,JAX,1,0.4732043816060309,0.47365191946756774,0.8,6
2023_18_KC_LAC,2023,18,LAC,KC,0,0.3047341871417217,0.3157717443125752,0.8,6
2023_18_LA_SF,2023,18,SF,LA,0,0.7788936317979147,0.7671993754444865,0.8,6
2023_18_MIN_DET,2023,18,DET,MIN,1,0.6634887694237708,0.6547489840533113,0.8,6
2023_18_NYJ_NE,2023,18,NE,NYJ,0,0.6147064582834523,0.6099762437597611,0.8,6
2023_18_PHI_NYG,2023,18,NYG,PHI,1,0.2173584593070518,0.23287969628148197,0.8,6
2023_18_PIT_BAL,2023,18,BAL,PIT,0,0.7593084552576965,0.7416216953527752,0.8,6
2023_18_SEA_ARI,2023,18,ARI,SEA,0,0.34934864316938874,0.3601984377880837,0.8,6
2023_18_TB_CAR,2023,18,CAR,TB,0,0.3095961263671962,0.32570616522305845,0.8,6
2024_01_ARI_BUF,2024,1,BUF,ARI,1,0.768272950230864,0.7546710775447454,0.8,6
2024_01_BAL_KC,2024,1,KC,BAL,1,0.4521764156927906,0.45756814528080725,0.8,6
2024_01_CAR_NO,2024,1,NO,CAR,1,0.741483521852186,0.7290153559819555,0.8,6
2024_01_DAL_CLE,2024,1,CLE,DAL,0,0.3238003479952959,0.3340768683373399,0.8,6
2024_01_DEN_SEA,2024,1,SEA,DEN,1,0.5895227095897181,0.5862819099183004,0.8,6
2024_01_GB_PHI,2024,1,PHI,GB,1,0.4993465310344068,0.5016147202036906,0.8,6
2024_01_HOU_IND,2024,1,IND,HOU,0,0.5100296110474912,0.5114343899561598,0.8,6
2024_01_JAX_MIA,2024,1,MIA,JAX,1,0.6937331122749986,0.6845632315711908,0.8,6
2024_01_LA_DET,2024,1,DET,LA,1,0.5669805536391154,0.5643065255022146,0.8,6
2024_01_LV_LAC,2024,1,LAC,LV,1,0.5142219254709292,0.5160584288880772,0.8,6
2024_01_MIN_NYG,2024,1,NYG,MIN,0,0.3966642119096547,0.4042705573798038,0.8,6
2024_01_NE_CIN,2024,1,CIN,NE,0,0.6631417982243276,0.6566247401465004,0.8,6
2024_01_NYJ_SF,2024,1,SF,NYJ,1,0.8569882920797025,0.8444208098265958,0.8,6
2024_01_PIT_ATL,2024,1,ATL,PIT,0,0.5045937991440714,0.5059603944551131,0.8,6
2024_01_TEN_CHI,2024,1,CHI,TEN,1,0.5552262790222705,0.5528301491882979,0.8,6
2024_01_WAS_TB,2024,1,TB,WAS,1,0.6726594964845004,0.6630845790362501,0.8,6
2024_02_ATL_PHI,2024,2,PHI,ATL,0,0.6685970455758217,0.6778153278268433,0.8,6
2024_02_BUF_MIA,2024,2,MIA,BUF,0,0.485604733482967,0.481628969416594,0.8,6
2024_02_CHI_HOU,2024,2,HOU,CHI,1,0.5993324372117563,0.6136633176816259,0.8,6
2024_02_CIN_KC,2024,2,KC,CIN,1,0.6814832872357941,0.6926967022321723,0.8,6
2024_02_CLE_JAX,2024,2,JAX,CLE,0,0.5373361484452289,0.5439981514421667,0.8,6
2024_02_IND_GB,2024,2,GB,IND,1,0.642607937444656,0.6450722327288504,0.8,6
2024_02_LAC_CAR,2024,2,CAR,LAC,0,0.29773517779622705,0.2698281332156385,0.8,6
2024_02_LA_ARI,2024,2,ARI,LA,1,0.38465039006460167,0.3995373217617242,0.8,6
2024_02_LV_BAL,2024,2,BAL,LV,0,0.7491903446855874,0.7463187844750512,0.8,6
2024_02_NO_DAL,2024,2,DAL,NO,0,0.546653558727922,0.5032059849252624,0.8,6
2024_02_NYG_WAS,2024,2,WAS,NYG,1,0.6353191479798386,0.6624959572591382,0.8,6
2024_02_NYJ_TEN,2024,2,TEN,NYJ,0,0.6417473171269275,0.6252146296951879,0.8,6
2024_02_PIT_DEN,2024,2,DEN,PIT,0,0.42980453413110553,0.40999845510706656,0.8,6
2024_02_SEA_NE,2024,2,NE,SEA,0,0.39990280064725237,0.4152193331009005,0.8,6
2024_02_SF_MIN,2024,2,MIN,SF,1,0.3654502619083289,0.4042767390245038,0.8,6
2024_02_TB_DET,2024,2,DET,TB,0,0.5761849319156327,0.5583056690488911,0.8,6
2024_03_BAL_DAL,2024,3,DAL,BAL,0,0.46855767352404565,0.44603821086597456,0.8,6
2024_03_CAR_LV,2024,3,LV,CAR,0,0.7397045286431619,0.751973112842748,0.8,6
2024_03_CHI_IND,2024,3,IND,CHI,1,0.5751063729763947,0.5879988955773933,0.8,6
2024_03_DEN_TB,2024,3,TB,DEN,0,0.6990649061791293,0.719747926632281,0.8,6
2024_03_DET_ARI,2024,3,ARI,DET,0,0.46137444411463746,0.5068151492012658,0.8,6
2024_03_GB_TEN,2024,3,TEN,GB,0,0.3655402331115935,0.3580077616256549,0.8,6
2024_03_HOU_MIN,2024,3,MIN,HOU,1,0.5393295448572365,0.548981353304579,0.8,6
2024_03_JAX_BUF,2024,3,BUF,JAX,1,0.7935902414371064,0.8013680321797116,0.8,6
2024_03_KC_ATL,2024,3,ATL,KC,0,0.3905220015027667,0.3967554429595235,0.8,6
2024_03_LAC_PIT,2024,3,PIT,LAC,1,0.48853095600125973,0.4647866587413002,0.8,6
2024_03_MIA_SEA,2024,3,SEA,MIA,1,0.5064353465108513,0.540540896601995,0.8,6
2024_03_NE_NYJ,2024,3,NYJ,NE,1,0.48207274398922934,0.4782995152106115,0.8,6
2024_03_NYG_CLE,2024,3,CLE,NYG,0,0.6730921609777787,0.6694604176026123,0.8,6
2024_03_PHI_NO,2024,3,NO,PHI,0,0.7150492734267558,0.7480495565036289,0.8,6
2024_03_SF_LA,2024,3,LA,SF,1,0.3139149498643091,0.31441508330439744,0.8,6
2024_03_WAS_CIN,2024,3,CIN,WAS,0,0.5948320737138802,0.5703027457839056,0.8,6
2024_04_BUF_BAL,2024,4,BAL,BUF,1,0.39634778215872307,0.3711416642699288,0.8,6
2024_04_CIN_CAR,2024,4,CAR,CIN,0,0.28799790545737247,0.27974598007054946,0.8,6
2024_04_CLE_LV,2024,4,LV,CLE,1,0.5034736617702523,0.505077874137311,0.8,6
2024_04_DAL_NYG,2024,4,NYG,DAL,0,0.3599070843404849,0.41001413839297,0.8,6
2024_04_DEN_NYJ,2024,4,NYJ,DEN,0,0.5584552988499415,0.5963492205511384,0.8,6
2024_04_JAX_HOU,2024,4,HOU,JAX,1,0.6640443055129347,0.6764950534014927,0.8,6
2024_04_KC_LAC,2024,4,LAC,KC,0,0.4377411650161369,0.45716903876544157,0.8,6
2024_04_LA_CHI,2024,4,CHI,LA,1,0.4783313111250433,0.48214385830760903,0.8,6
2024_04_MIN_GB,2024,4,GB,MIN,0,0.5749160208681257,0.5602997552139988,0.8,6
2024_04_NE_SF,2024,4,SF,NE,1,0.8259735994525476,0.8077702670176788,0.8,6
2024_04_NO_ATL,2024,4,ATL,NO,1,0.2836094803899422,0.26515581997504184,0.8,6
2024_04_PHI_TB,2024,4,TB,PHI,1,0.4442702899985326,0.4343233702700447,0.8,6
2024_04_PIT_IND,2024,4,IND,PIT,1,0.44681537892720774,0.427586860481684,0.8,6
2024_04_SEA_DET,2024,4,DET,SEA,1,0.5733462088008809,0.5584543132402384,0.8,6
2024_04_TEN_MIA,2024,4,MIA,TEN,0,0.6415319099838579,0.6202720651306262,0.8,6
2024_04_WAS_ARI,2024,4,ARI,WAS,0,0.523059991357872,0.5094404081689741,0.8,6
2024_05_ARI_SF,2024,5,SF,ARI,0,0.8030667845479407,0.7846646062634378,0.8,6
2024_05_BAL_CIN,2024,5,CIN,BAL,0,0.3548021991124352,0.365799696744757,0.8,6
2024_05_BUF_HOU,2024,5,HOU,BUF,1,0.3192897331659102,0.31787990189171755,0.8,6
2024_05_CAR_CHI,2024,5,CHI,CAR,1,0.6805510115764037,0.6675913044615449,0.8,6
2024_05_CLE_WAS,2024,5,WAS,CLE,1,0.6911793334326639,0.7393781021801441,0.8,6
2024_05_DAL_PIT,2024,5,PIT,DAL,0,0.47791781532285826,0.5159751461775784,0.8,6
2024_05_GB_LA,2024,5,LA,GB,0,0.41140088851141177,0.3974016386356314,0.8,6
2024_05_IND_JAX,2024,5,JAX,IND,1,0.40105819562518663,0.3864451660480691,0.8,6
2024_05_LV_DEN,2024,5,DEN,LV,1,0.6014910779183579,0.6118650555953947,0.8,6
2024_05_MIA_NE,2024,5,NE,MIA,0,0.37549995031805866,0.4142022159395344,0.8,6
2024_05_NO_KC,2024,5,KC,NO,1,0.4508843538110748,0.4315793469187244,0.8,6
2024_05_NYG_SEA,2024,5,SEA,NYG,0,0.7032451370048093,0.6984606738455111,0.8,6
2024_05_NYJ_MIN,2024,5,MIN,NYJ,1,0.6826335309948844,0.6736328278376512,0.8,6
2024_05_TB_ATL,2024,5,ATL,TB,1,0.4277127568899625,0.42490858396661424,0.8,6
2024_06_ARI_GB,2024,6,GB,ARI,1,0.6703130441587599,0.6536168766878675,0.8,6
2024_06_ATL_CAR,2024,6,CAR,ATL,0,0.31642697818506765,0.31086093067721465,0.8,6
2024_06_BUF_NYJ,2024,6,NYJ,BUF,0,0.24464336765809788,0.26255583137482913,0.8,6
2024_06_CIN_NYG,2024,6,NYG,CIN,0,0.3635338820183437,0.36480761285632946,0.8,6
2024_06_CLE_PHI,2024,6,PHI,CLE,1,0.6971253247617166,0.7080012149794289,0.8,6
2024_06_DET_DAL,2024,6,DAL,DET,0,0.4740680541007989,0.44674882856998605,0.8,6
2024_06_HOU_NE,2024,6,NE,HOU,0,0.30954417603934264,0.30930945308782676,0.8,6
2024_06_IND_TEN,2024,6,TEN,IND,0,0.404724238253645,0.3882282320940937,0.8,6
2024_06_JAX_CHI,2024,6,CHI,JAX,1,0.6257589292779592,0.6301414995063573,0.8,6
2024_06_LAC_DEN,2024,6,DEN,LAC,0,0.5151665827719056,0.5076406593704241,0.8,6
2024_06_PIT_LV,2024,6,LV,PIT,0,0.3652088784463778,0.34761896469046527,0.8,6
2024_06_SF_SEA,2024,6,SEA,SF,0,0.3540144585944889,0.3745986683856049,0.8,6
2024_06_TB_NO,2024,6,NO,TB,0,0.6296481901110567,0.632995175635068,0.8,6
2024_06_WAS_BAL,2024,6,BAL,WAS,1,0.6625353256819051,0.6218194337720311,0.8,6
2024_07_BAL_TB,2024,7,TB,BAL,0,0.3942016236365704,0.40405902397771476,0.8,6
2024_07_CAR_WAS,2024,7,WAS,CAR,1,0.8228462850163407,0.8432926927536009,0.8,6
2024_07_CIN_CLE,2024,7,CLE,CIN,0,0.31693287408499454,0.29326186503997753,0.8,6
2024_07_DEN_NO,2024,7,NO,DEN,0,0.6232976825338242,0.6163181122328781,0.8,6
2024_07_DET_MIN,2024,7,MIN,DET,0,0.38402320007742524,0.3841123445231092,0.8,6
2024_07_HOU_GB,2024,7,GB,HOU,1,0.6154309507071871,0.6139442986018037,0.8,6
2024_07_KC_SF,2024,7,SF,KC,0,0.6489603222350109,0.6357468485461049,0.8,6
2024_07_LAC_ARI,2024,7,ARI,LAC,1,0.45474928295264444,0.4535975304169639,0.8,6
2024_07_LV_LA,2024,7,LA,LV,1,0.6723727552210996,0.6701757070769878,0.8,6
2024_07_MIA_IND,2024,7,IND,MIA,1,0.6028870667476164,0.6421578965568422,0.8,6
2024_07_NE_JAX,2024,7,JAX,NE,1,0.6540099743716636,0.6510827834947084,0.8,6
2024_07_NYJ_PIT,2024,7,PIT,NYJ,1,0.6374188460326062,0.6239224520814027,0.8,6
2024_07_PHI_NYG,2024,7,NYG,PHI,0,0.3595604942754518,0.37158181734267187,0.8,6
2024_07_SEA_ATL,2024,7,ATL,SEA,0,0.5418034179026958,0.5538194613089827,0.8,6
2024_07_TEN_BUF,2024,7,BUF,TEN,1,0.8070483293418218,0.810259907526222,0.8,6
2024_08_ARI_MIA,2024,8,MIA,ARI,0,0.5225654656996384,0.47382133290104234,0.8,6
2024_08_ATL_TB,2024,8,TB,ATL,0,0.6067702419183622,0.6040933349231958,0.8,6
2024_08_BAL_CLE,2024,8,CLE,BAL,1,0.18609944378948412,0.17832312146819504,0.8,6
2024_08_BUF_SEA,2024,8,SEA,BUF,0,0.30826953191909606,0.3105413059450235,0.8,6
2024_08_CAR_DEN,2024,8,DEN,CAR,1,0.7875500830666449,0.7917724607022619,0.8,6
2024_08_CHI_WAS,2024,8,WAS,CHI,1,0.633919426102504,0.6658848753455634,0.8,6
2024_08_DAL_SF,2024,8,SF,DAL,1,0.7336135662770437,0.7464743903177353,0.8,6
2024_08_GB_JAX,2024,8,JAX,GB,0,0.3240908845316778,0.3234035444610061,0.8,6
2024_08_IND_HOU,2024,8,HOU,IND,1,0.5674745850575483,0.5666347038639404,0.8,6
2024_08_KC_LV,2024,8,LV,KC,0,0.23976619137236985,0.2309084020218104,0.8,6
2024_08_MIN_LA,2024,8,LA,MIN,1,0.42760753621168934,0.4035274718557097,0.8,6
2024_08_NO_LAC,2024,8,LAC,NO,1,0.5543924151979337,0.5777125829767278,0.8,6
2024_08_NYG_PIT,2024,8,PIT,NYG,1,0.7370447634353723,0.7382431219740647,0.8,6
2024_08_NYJ_NE,2024,8,NE,NYJ,1,0.3838396488563649,0.3656768919811952,0.8,6
2024_08_PHI_CIN,2024,8,CIN,PHI,0,0.4972554534951625,0.5028750771198184,0.8,6
2024_08_TEN_DET,2024,8,DET,TEN,1,0.8185329708343672,0.8290658715225219,0.8,6
2024_09_CHI_ARI,2024,9,ARI,CHI,1,0.4867688240208482,0.5000692705869556,0.8,6
2024_09_DAL_ATL,2024,9,ATL,DAL,1,0.5915995260587604,0.6345011557422103,0.8,6
2024_09_DEN_BAL,2024,9,BAL,DEN,1,0.7429427512013814,0.736341325759048,0.8,6
2024_09_DET_GB,2024,9,GB,DET,0,0.4379954698743278,0.43086953689679625,0.8,6
2024_09_HOU_NYJ,2024,9,NYJ,HOU,1,0.43197009556171334,0.4516935628227459,0.8,6
2024_09_IND_MIN,2024,9,MIN,IND,1,0.5997352578746511,0.6065545130589323,0.8,6
2024_09_JAX_PHI,2024,9,PHI,JAX,1,0.7149711666992095,0.7191145547540341,0.8,6
2024_09_LAC_CLE,2024,9,CLE,LAC,0,0.3869730794216476,0.3673831865051194,0.8,6
2024_09_LA_SEA,2024,9,SEA,LA,0,0.5341313352436367,0.543590681993576,0.8,6
2024_09_LV_CIN,2024,9,CIN,LV,1,0.7503183015123417,0.7639726946786377,0.8,6
2024_09_MIA_BUF,2024,9,BUF,MIA,1,0.8255135522083981,0.842862532979551,0.8,6
2024_09_NE_TEN,2024,9,TEN,NE,1,0.5894108136862096,0.5741000400815484,0.8,6
2024_09_NO_CAR,2024,9,CAR,NO,1,0.282308382664654,0.2933522527478574,0.8,6
2024_09_TB_KC,2024,9,KC,TB,1,0.6011744905216299,0.5953471640141493,0.8,6
2024_09_WAS_NYG,2024,9,NYG,WAS,0,0.25784066179146076,0.23805909720667665,0.8,6
2024_10_ATL_NO,2024,10,NO,ATL,1,0.4824918999457958,0.4615391790496198,0.8,6
2024_10_BUF_IND,2024,10,IND,BUF,0,0.2517323847162108,0.25174565325759996,0.8,6
2024_10_CIN_BAL,2024,10,BAL,CIN,1,0.7280179419296189,0.7214592348381779,0.8,6
2024_10_DEN_KC,2024,10,KC,DEN,1,0.6869225324877792,0.6830126388184944,0.8,6
2024_10_DET_HOU,2024,10,HOU,DET,0,0.33021911507070373,0.3246753981270538,0.8,6
2024_10_MIA_LA,2024,10,LA,MIA,0,0.5751655314233843,0.5908713191589714,0.8,6
2024_10_MIN_JAX,2024,10,JAX,MIN,0,0.3783170482529668,0.37170108518363365,0.8,6
2024_10_NE_CHI,2024,10,CHI,NE,0,0.7065927739576864,0.7008067966790553,0.8,6
2024_10_NYG_CAR,2024,10,CAR,NYG,1,0.39215536530932704,0.3854971842747347,0.8,6
2024_10_NYJ_ARI,2024,10,ARI,NYJ,1,0.5536383336157031,0.5472418849119804,0.8,6
2024_10_PHI_DAL,2024,10,DAL,PHI,0,0.3633480013740714,0.32991494880571787,0.8,6
2024_10_PIT_WAS,2024,10,WAS,PIT,0,0.6267296754284518,0.6497671523337285,0.8,6
2024_10_SF_TB,2024,10,TB,SF,0,0.39055945914756457,0.41240581089957756,0.8,6
2024_10_TEN_LAC,2024,10,LAC,TEN,1,0.6930410421188987,0.7097922670151728,0.8,6
2024_11_ATL_DEN,2024,11,DEN,ATL,1,0.47175618200804925,0.46629323280241436,0.8,6
2024_11_BAL_PIT,2024,11,PIT,BAL,1,0.3165218059497666,0.32582468177763346,0.8,6
2024_11_CIN_LAC,2024,11,LAC,CIN,1,0.5347885713441368,0.5419133215535377,0.8,6
2024_11_CLE_NO,2024,11,NO,CLE,1,0.654837320590159,0.6558562927484771,0.8,6
2024_11_GB_CHI,2024,11,CHI,GB,0,0.3584118144256412,0.3557476384699412,0.8,6
2024_11_HOU_DAL,2024,11,DAL,HOU,0,0.4242135005937969,0.3934925166595853,0.8,6
2024_11_IND_NYJ,2024,11,NYJ,IND,0,0.5062960210784015,0.5234327979653177,0.8,6
2024_11_JAX_DET,2024,11,DET,JAX,1,0.7999485773583271,0.8006192522711506,0.8,6
2024_11_KC_BUF,2024,11,BUF,KC,1,0.6688459667294717,0.6654538944757475,0.8,6
2024_11_LA_NE,2024,11,NE,LA,0,0.37891178078376936,0.39592228199549284,0.8,6
2024_11_LV_MIA,2024,11,MIA,LV,1,0.7089788709536122,0.6990547701453061,0.8,6
2024_11_MIN_TEN,2024,11,TEN,MIN,0,0.3311267680921471,0.31995904786887047,0.8,6
2024_11_SEA_SF,2024,11,SF,SEA,0,0.7662172742247728,0.7567862977360597,0.8,6
2024_11_WAS_PHI,2024,11,PHI,WAS,1,0.546094158646435,0.5278670616396371,0.8,6
2024_12_ARI_SEA,2024,12,SEA,ARI,1,0.4753858866919508,0.4594890461759329,0.8,6
2024_12_BAL_LAC,2024,12,LAC,BAL,0,0.31451358316814443,0.3293342363804051,0.8,6
2024_12_DAL_WAS,2024,12,WAS,DAL,0,0.7521912668546942,0.7803925376825936,0.8,6
2024_12_DEN_LV,2024,12,LV,DEN,0,0.29674336179189986,0.2902205540805391,0.8,6
2024_12_DET_IND,2024,12,IND,DET,0,0.2349072240901459,0.233210626031103,0.8,6
2024_12_KC_CAR,2024,12,CAR,KC,0,0.1935325600927124,0.20062143991555487,0.8,6
2024_12_MIN_CHI,2024,12,CHI,MIN,0,0.4139352585262207,0.408580859370519,0.8,6
2024_12_NE_MIA,2024,12,MIA,NE,1,0.6811640336483146,0.6586213613811172,0.8,6
2024_12_PHI_LA,2024,12,LA,PHI,0,0.37072252204246375,0.3623527593187686,0.8,6
2024_12_PIT_CLE,2024,12,CLE,PIT,1,0.3515633383170716,0.34391873928283295,0.8,6
2024_12_SF_GB,2024,12,GB,SF,1,0.4297949401539944,0.44253299848719607,0.8,6
2024_12_TB_NYG,2024,12,NYG,TB,0,0.3341365475275593,0.3403538185733977,0.8,6
2024_12_TEN_HOU,2024,12,HOU,TEN,0,0.6882830919549037,0.6888638814464676,0.8,6
2024_13_ARI_MIN,2024,13,MIN,ARI,1,0.605722475471121,0.5971483971604988,0.8,6
2024_13_CHI_DET,2024,13,DET,CHI,1,0.803114854900716,0.8000560879888948,0.8,6
2024_13_CLE_DEN,2024,13,DEN,CLE,1,0.6989712246484381,0.6990112796996579,0.8,6
2024_13_HOU_JAX,2024,13,JAX,HOU,0,0.3551216490435989,0.3601453237485797,0.8,6
2024_13_IND_NE,2024,13,NE,IND,0,0.41874737209393426,0.42719678997909305,0.8,6
2024_13_LAC_ATL,2024,13,ATL,LAC,0,0.4948467768301014,0.4946735763858055,0.8,6
2024_13_LA_NO,2024,13,NO,LA,0,0.5484957984375789,0.5480038100862903,0.8,6
2024_13_LV_KC,2024,13,KC,LV,1,0.8272746245932886,0.8241606643907986,0.8,6
2024_13_MIA_GB,2024,13,GB,MIA,1,0.6629664971048643,0.6686065385462721,0.8,6
2024_13_NYG_DAL,2024,13,DAL,NYG,1,0.5749137182899104,0.5500813270766495,0.8,6
2024_13_PHI_BAL,2024,13,BAL,PHI,0,0.6225519460222346,0.6123799987935089,0.8,6
2024_13_PIT_CIN,2024,13,CIN,PIT,0,0.5582397314311954,0.559962090537044,0.8,6
2024_13_SEA_NYJ,2024,13,NYJ,SEA,0,0.4821643309537524,0.49419998286391853,0.8,6
2024_13_SF_BUF,2024,13,BUF,SF,1,0.6093994298707277,0.6154189744333765,0.8,6
2024_13_TB_CAR,2024,13,CAR,TB,0,0.2339397606778078,0.24123031014892934,0.8,6
2024_13_TEN_WAS,2024,13,WAS,TEN,1,0.7306766791421864,0.7349089844561149,0.8,6
2024_14_ATL_MIN,2024,14,MIN,ATL,1,0.6167152087663409,0.6113789043386371,0.8,6
2024_14_BUF_LA,2024,14,LA,BUF,1,0.2709881237721558,0.27901079171416265,0.8,6
2024_14_CAR_PHI,2024,14,PHI,CAR,1,0.8563312631278015,0.8466146498252078,0.8,6
2024_14_CHI_SF,2024,14,SF,CHI,1,0.694041661987559,0.6822364779521073,0.8,6
2024_14_CIN_DAL,2024,14,DAL,CIN,0,0.3643188682124664,0.3570441753050029,0.8,6
2024_14_CLE_PIT,2024,14,PIT,CLE,1,0.7079899247318143,0.704808020405645,0.8,6
2024_14_GB_DET,2024,14,DET,GB,1,0.6562862231925612,0.6521920517471631,0.8,6
2024_14_JAX_TEN,2024,14,TEN,JAX,0,0.5331210932236748,0.5301430933412429,0.8,6
2024_14_LAC_KC,2024,14,KC,LAC,1,0.6219177798616592,0.6148178272170612,0.8,6
2024_14_LV_TB,2024,14,TB,LV,1,0.7756114028502018,0.7710486564504673,0.8,6
2024_14_NO_NYG,2024,14,NYG,NO,0,0.35994754487887165,0.3717596789622018,0.8,6
2024_14_NYJ_MIA,2024,14,MIA,NYJ,1,0.6357773381520556,0.6206720421823492,0.8,6
2024_14_SEA_ARI,2024,14,ARI,SEA,0,0.5598925960125728,0.5652161306727357,0.8,6
2024_15_ATL_LV,2024,15,LV,ATL,0,0.352054870196189,0.3578793565503219,0.8,6
2024_15_BAL_NYG,2024,15,NYG,BAL,0,0.16062370208685828,0.17435105855953872,0.8,6
2024_15_BUF_DET,2024,15,DET,BUF,0,0.5093548437318686,0.5100180322596484,0.8,6
2024_15_CHI_MIN,2024,15,MIN,CHI,1,0.6769138064191409,0.6703419199847899,0.8,6
2024_15_CIN_TEN,2024,15,TEN,CIN,0,0.3388080762233115,0.34455122507322405,0.8,6
2024_15_DAL_CAR,2024,15,CAR,DAL,0,0.4443291096770144,0.4561700125167775,0.8,6
2024_15_GB_SEA,2024,15,SEA,GB,0,0.38149555181319805,0.3887607610353485,0.8,6
2024_15_IND_DEN,2024,15,DEN,IND,1,0.629956399472785,0.6252412298306907,0.8,6
2024_15_KC_CLE,2024,15,CLE,KC,0,0.2949921902803529,0.3044444782934709,0.8,6
2024_15_LA_SF,2024,15,SF,LA,0,0.6803252652615498,0.6701872056932533,0.8,6
2024_15_MIA_HOU,2024,15,HOU,MIA,1,0.5410039359213483,0.541512153774547,0.8,6
2024_15_NE_ARI,2024,15,ARI,NE,1,0.6683686880510967,0.662804032783357,0.8,6
2024_15_NYJ_JAX,2024,15,JAX,NYJ,0,0.4952982201691984,0.49581407972866004,0.8,6
2024_15_PIT_PHI,2024,15,PHI,PIT,1,0.6642314533150998,0.658298881928337,0.8,6
2024_15_TB_LAC,2024,15,LAC,TB,0,0.4753841124078944,0.4773189500472453,0.8,6
2024_15_WAS_NO,2024,15,NO,WAS,0,0.4028302318466762,0.40240595185499917,0.8,6
2024_16_ARI_CAR,2024,16,CAR,ARI,1,0.29777939224593647,0.310850021154303,0.8,6
2024_16_CLE_CIN,2024,16,CIN,CLE,1,0.745387669176254,0.7356554723726841,0.8,6
2024_16_DEN_LAC,2024,16,LAC,DEN,1,0.4858306046128605,0.48987779670188786,0.8,6
2024_16_DET_CHI,2024,16,CHI,DET,0,0.23334607053972004,0.24845308387045617,0.8,6
2024_16_HOU_KC,2024,16,KC,HOU,1,0.6330724544466817,0.6279697616382085,0.8,6
2024_16_JAX_LV,2024,16,LV,JAX,1,0.4345904747209547,0.4380358022693895,0.8,6
2024_16_LA_NYJ,2024,16,NYJ,LA,0,0.4562255135741116,0.45964314795315286,0.8,6
2024_16_MIN_SEA,2024,16,SEA,MIN,0,0.40238889735737654,0.4114714976689741,0.8,6
2024_16_NE_BUF,2024,16,BUF,NE,1,0.8723671886055668,0.8592304653231737,0.8,6
2024_16_NO_GB,2024,16,GB,NO,1,0.6915247556274439,0.6820007847331989,0.8,6
2024_16_NYG_ATL,2024,16,ATL,NYG,1,0.6928661388406123,0.6833417351392197,0.8,6
2024_16_PHI_WAS,2024,16,WAS,PHI,1,0.45355966231159434,0.45958534851290966,0.8,6
2024_16_PIT_BAL,2024,16,BAL,PIT,1,0.7729176366258804,0.7612922217003466,0.8,6
2024_16_SF_MIA,2024,16,MIA,SF,1,0.39265344477049496,0.4007225713607686,0.8,6
2024_16_TB_DAL,2024,16,DAL,TB,1,0.3313462534060313,0.3425431953736401,0.8,6
2024_16_TEN_IND,2024,16,IND,TEN,1,0.5994166360405109,0.5946466667958709,0.8,6
2024_17_ARI_LA,2024,17,LA,ARI,1,0.5427598734800135,0.5438048294434135,0.8,6
2024_17_ATL_WAS,2024,17,WAS,ATL,1,0.6496941794096709,0.6395373744216633,0.8,6
2024_17_BAL_HOU,2024,17,HOU,BAL,0,0.26118720790850225,0.2762479331327154,0.8,6
2024_17_CAR_TB,2024,17,TB,CAR,1,0.8049533895158313,0.7893806268404737,0.8,6
2024_17_DAL_PHI,2024,17,PHI,DAL,1,0.7860220055607144,0.7667325353329024,0.8,6
2024_17_DEN_CIN,2024,17,CIN,DEN,1,0.5729069672963881,0.572851012086159,0.8,6
2024_17_DET_SF,2024,17,SF,DET,0,0.40739412718660106,0.4201316962847832,0.8,6
2024_17_GB_MIN,2024,17,MIN,GB,1,0.44672300055867675,0.45086167265825366,0.8,6
2024_17_IND_NYG,2024,17,NYG,IND,1,0.37440155918991547,0.3848464566066113,0.8,6
2024_17_KC_PIT,2024,17,PIT,KC,0,0.4131210842754298,0.41966532981887156,0.8,6
2024_17_LAC_NE,2024,17,NE,LAC,0,0.38505717111107685,0.3956241296297332,0.8,6
2024_17_LV_NO,2024,17,NO,LV,0,0.6781664947442604,0.6689143338909164,0.8,6
2024_17_MIA_CLE,2024,17,CLE,MIA,0,0.3377898255989294,0.3486179123845699,0.8,6
2024_17_NYJ_BUF,2024,17,BUF,NYJ,1,0.8234294891414576,0.8103525685051004,0.8,6
2024_17_SEA_CHI,2024,17,CHI,SEA,0,0.4762928474776465,0.48003284271554175,0.8,6
2024_17_TEN_JAX,2024,17,JAX,TEN,1,0.556520645347541,0.556020970636331,0.8,6
2024_18_BUF_NE,2024,18,NE,BUF,1,0.14265876116159254,0.16110018467309187,0.8,6
2024_18_CAR_ATL,2024,18,ATL,CAR,0,0.7273217813491983,0.7124495729897707,0.8,6
2024_18_CHI_GB,2024,18,GB,CHI,0,0.76285252346644,0.7458538551052403,0.8,6
2024_18_CIN_PIT,2024,18,PIT,CIN,0,0.4243913508026217,0.4322225200783634,0.8,6
2024_18_CLE_BAL,2024,18,BAL,CLE,1,0.902133617012976,0.8854990310571429,0.8,6
2024_18_HOU_TEN,2024,18,TEN,HOU,0,0.4118817902148909,0.422747057217157,0.8,6
2024_18_JAX_IND,2024,18,IND,JAX,1,0.5733745698068503,0.5680018817169835,0.8,6
2024_18_KC_DEN,2024,18,DEN,KC,1,0.4376450004051536,0.4405468269057818,0.8,6
2024_18_LAC_LV,2024,18,LV,LAC,0,0.31903013400245894,0.3384817638238752,0.8,6
2024_18_MIA_NYJ,2024,18,NYJ,MIA,1,0.4231707625784702,0.4228802531066366,0.8,6
2024_18_MIN_DET,2024,18,DET,MIN,1,0.685556183554833,0.6758498312509986,0.8,6
2024_18_NO_TB,2024,18,TB,NO,1,0.7243777985053571,0.706655108343865,0.8,6
2024_18_NYG_PHI,2024,18,PHI,NYG,1,0.8573448295530871,0.839132537359366,0.8,6
2024_18_SEA_LA,2024,18,LA,SEA,0,0.583257296848879,0.5804750415639108,0.8,6
2024_18_SF_ARI,2024,18,ARI,SF,1,0.40055881499327983,0.40209401713628,0.8,6
2024_18_WAS_DAL,2024,18,DAL,WAS,0,0.29756814177043717,0.3274302443351355,0.8,6
