game_id,season,week,home_team,away_team,home_win,prob_xgb_a,prob_xgb_qb,prob_xgb_qb_plus
2022_01_BAL_NYJ,2022,1,NYJ,BAL,0,0.28128392,0.29798308,0.32079458
2022_01_BUF_LA,2022,1,LA,BUF,0,0.3426788,0.36882448,0.38560936
2022_01_CLE_CAR,2022,1,CAR,CLE,0,0.4213541,0.45280385,0.4606999
2022_01_DEN_SEA,2022,1,SEA,DEN,1,0.4104112,0.4292545,0.4372131
2022_01_GB_MIN,2022,1,MIN,GB,1,0.4396925,0.4514789,0.4606999
2022_01_JAX_WAS,2022,1,WAS,JAX,1,0.61023253,0.60891294,0.6133952
2022_01_KC_ARI,2022,1,ARI,KC,0,0.40742996,0.43426952,0.45120284
2022_01_LV_LAC,2022,1,LAC,LV,1,0.7151361,0.69540703,0.69689023
2022_01_NE_MIA,2022,1,MIA,NE,1,0.40761366,0.42394596,0.42839533
2022_01_NO_ATL,2022,1,ATL,NO,0,0.36951822,0.4010633,0.41346803
2022_01_NYG_TEN,2022,1,TEN,NYG,0,0.7310446,0.71162844,0.70513743
2022_01_PHI_DET,2022,1,DET,PHI,0,0.38012418,0.41895455,0.42441523
2022_01_PIT_CIN,2022,1,CIN,PIT,0,0.64331925,0.6325262,0.6408909
2022_01_SF_CHI,2022,1,CHI,SF,1,0.27472702,0.323181,0.3470307
2022_01_TB_DAL,2022,1,DAL,TB,0,0.4551584,0.47867024,0.48124766
2022_02_ARI_LV,2022,2,LV,ARI,0,0.4314232,0.4435718,0.44355303
2022_02_ATL_LA,2022,2,LA,ATL,1,0.6295348,0.6449,0.639472
2022_02_CAR_NYG,2022,2,NYG,CAR,1,0.37906045,0.40234888,0.41346803
2022_02_CHI_GB,2022,2,GB,CHI,1,0.63631135,0.6593785,0.64430094
2022_02_CIN_DAL,2022,2,DAL,CIN,1,0.5768261,0.54694635,0.54799443
2022_02_HOU_DEN,2022,2,DEN,HOU,1,0.77757925,0.7451957,0.6725468
2022_02_IND_JAX,2022,2,JAX,IND,1,0.28100178,0.3243521,0.3501076
2022_02_LAC_KC,2022,2,KC,LAC,1,0.68916965,0.68006027,0.6814915
2022_02_MIA_BAL,2022,2,BAL,MIA,0,0.43880302,0.48892537,0.50373197
2022_02_MIN_PHI,2022,2,PHI,MIN,1,0.5598394,0.50173074,0.5184588
2022_02_NE_PIT,2022,2,PIT,NE,0,0.44700718,0.4664818,0.39450413
2022_02_NYJ_CLE,2022,2,CLE,NYJ,0,0.6920491,0.67771935,0.65499526
2022_02_SEA_SF,2022,2,SF,SEA,1,0.59747237,0.56696427,0.5698053
2022_02_TB_NO,2022,2,NO,TB,0,0.27677003,0.28515556,0.30293033
2022_02_TEN_BUF,2022,2,BUF,TEN,1,0.7004107,0.6720266,0.67678416
2022_02_WAS_DET,2022,2,DET,WAS,1,0.5241618,0.5606387,0.55671674
2022_03_ATL_SEA,2022,3,SEA,ATL,0,0.54053843,0.56298655,0.57085097
2022_03_BAL_NE,2022,3,NE,BAL,0,0.46886033,0.49193987,0.49913418
2022_03_BUF_MIA,2022,3,MIA,BUF,1,0.29851687,0.31277758,0.33430892
2022_03_CIN_NYJ,2022,3,NYJ,CIN,0,0.32076004,0.33421364,0.352416
2022_03_DAL_NYG,2022,3,NYG,DAL,0,0.27788645,0.3390319,0.3553761
2022_03_DET_MIN,2022,3,MIN,DET,1,0.5541859,0.57092506,0.57926166
2022_03_GB_TB,2022,3,TB,GB,0,0.53215885,0.5401576,0.54394335
2022_03_HOU_CHI,2022,3,CHI,HOU,1,0.62444884,0.6450392,0.6492959
2022_03_JAX_LAC,2022,3,LAC,JAX,0,0.633748,0.65842724,0.57052016
2022_03_KC_IND,2022,3,IND,KC,1,0.33640772,0.36403027,0.31252104
2022_03_LA_ARI,2022,3,ARI,LA,0,0.4263205,0.48206672,0.4729605
2022_03_LV_TEN,2022,3,TEN,LV,1,0.6130641,0.6200282,0.6176583
2022_03_NO_CAR,2022,3,CAR,NO,1,0.58436567,0.53997016,0.5610785
2022_03_PHI_WAS,2022,3,WAS,PHI,0,0.29712656,0.34508386,0.35575652
2022_03_PIT_CLE,2022,3,CLE,PIT,1,0.6551833,0.6546347,0.6520772
2022_03_SF_DEN,2022,3,DEN,SF,1,0.3930251,0.43432847,0.35550615
2022_04_ARI_CAR,2022,4,CAR,ARI,0,0.43362737,0.46881357,0.48393798
2022_04_BUF_BAL,2022,4,BAL,BUF,0,0.2777456,0.30231094,0.32079458
2022_04_CHI_NYG,2022,4,NYG,CHI,1,0.3743054,0.4294065,0.34319627
2022_04_CLE_ATL,2022,4,ATL,CLE,1,0.36374843,0.37903064,0.3892965
2022_04_DEN_LV,2022,4,LV,DEN,1,0.5123443,0.49866432,0.49773106
2022_04_JAX_PHI,2022,4,PHI,JAX,1,0.67521316,0.67246366,0.6413563
2022_04_KC_TB,2022,4,TB,KC,0,0.5168522,0.5405579,0.54057986
2022_04_LAC_HOU,2022,4,HOU,LAC,0,0.42481217,0.44904757,0.46387464
2022_04_LA_SF,2022,4,SF,LA,1,0.44700718,0.46881357,0.40189478
2022_04_MIA_CIN,2022,4,CIN,MIA,1,0.45018288,0.48391733,0.38900563
2022_04_MIN_NO,2022,4,NO,MIN,0,0.4823519,0.4903867,0.39814335
2022_04_NE_GB,2022,4,GB,NE,1,0.6220449,0.62423795,0.63146585
2022_04_NYJ_PIT,2022,4,PIT,NYJ,0,0.6119155,0.63677347,0.5924293
2022_04_SEA_DET,2022,4,DET,SEA,0,0.590559,0.5818927,0.5102292
2022_04_TEN_IND,2022,4,IND,TEN,0,0.35660645,0.3908657,0.3830141
2022_04_WAS_DAL,2022,4,DAL,WAS,1,0.6951453,0.59105295,0.56969404
2022_05_ATL_TB,2022,5,TB,ATL,1,0.61964685,0.63674915,0.6435684
2022_05_CHI_MIN,2022,5,MIN,CHI,1,0.56201464,0.53646743,0.45961252
2022_05_CIN_BAL,2022,5,BAL,CIN,1,0.53918105,0.5297751,0.54093826
2022_05_DAL_LA,2022,5,LA,DAL,0,0.37535414,0.4171058,0.4275269
2022_05_DET_NE,2022,5,NE,DET,1,0.65884876,0.5006929,0.48161963
2022_05_HOU_JAX,2022,5,JAX,HOU,0,0.74726284,0.7036969,0.70904744
2022_05_IND_DEN,2022,5,DEN,IND,0,0.60597146,0.5854659,0.5804887
2022_05_LAC_CLE,2022,5,CLE,LAC,0,0.6119155,0.6292235,0.625058
2022_05_LV_KC,2022,5,KC,LV,1,0.77109534,0.7438118,0.74596083
2022_05_MIA_NYJ,2022,5,NYJ,MIA,1,0.30607355,0.34541997,0.36763325
2022_05_NYG_GB,2022,5,GB,NYG,0,0.7425181,0.6815396,0.6844747
2022_05_PHI_ARI,2022,5,ARI,PHI,0,0.27876788,0.29268685,0.31071985
2022_05_PIT_BUF,2022,5,BUF,PIT,1,0.75310063,0.7314367,0.72417307
2022_05_SEA_NO,2022,5,NO,SEA,1,0.51933855,0.5414522,0.44675958
2022_05_SF_CAR,2022,5,CAR,SF,0,0.2682034,0.32874265,0.3501076
2022_05_TEN_WAS,2022,5,WAS,TEN,0,0.39005148,0.42195818,0.3630717
2022_06_ARI_SEA,2022,6,SEA,ARI,1,0.5134967,0.36869764,0.40499514
2022_06_BAL_NYG,2022,6,NYG,BAL,1,0.44058445,0.46663487,0.39450413
2022_06_BUF_KC,2022,6,KC,BUF,0,0.39251655,0.4247024,0.44610456
2022_06_CAR_LA,2022,6,LA,CAR,1,0.62882555,0.62924266,0.6408909
2022_06_CIN_NO,2022,6,NO,CIN,0,0.50562674,0.50964737,0.5038848
2022_06_DAL_PHI,2022,6,PHI,DAL,1,0.634501,0.6330632,0.63892347
2022_06_DEN_LAC,2022,6,LAC,DEN,1,0.54974514,0.5351212,0.54850197
2022_06_JAX_IND,2022,6,IND,JAX,1,0.34512994,0.3774386,0.30593327
2022_06_MIN_MIA,2022,6,MIA,MIN,0,0.47373834,0.40721464,0.3894769
2022_06_NE_CLE,2022,6,CLE,NE,0,0.5049195,0.55440474,0.5662841
2022_06_NYJ_GB,2022,6,GB,NYJ,0,0.7232409,0.71990365,0.7099529
2022_06_SF_ATL,2022,6,ATL,SF,1,0.34608102,0.3687769,0.3152089
2022_06_TB_PIT,2022,6,PIT,TB,1,0.30833974,0.30025747,0.2897057
2022_06_WAS_CHI,2022,6,CHI,WAS,0,0.48668694,0.34410673,0.3874049
2022_07_ATL_CIN,2022,7,CIN,ATL,1,0.59683543,0.6002624,0.6006177
2022_07_CHI_NE,2022,7,NE,CHI,0,0.74726284,0.683436,0.6844747
2022_07_CLE_BAL,2022,7,BAL,CLE,1,0.46820086,0.48125595,0.4876669
2022_07_DET_DAL,2022,7,DAL,DET,1,0.58529806,0.4095973,0.37938756
2022_07_GB_WAS,2022,7,WAS,GB,1,0.36055717,0.39440367,0.40472668
2022_07_HOU_LV,2022,7,LV,HOU,1,0.56731254,0.6147665,0.5988121
2022_07_IND_TEN,2022,7,TEN,IND,1,0.6610227,0.64689535,0.63868695
2022_07_KC_SF,2022,7,SF,KC,0,0.51364547,0.5360082,0.54057986
2022_07_NO_ARI,2022,7,ARI,NO,1,0.41355747,0.45697322,0.46148324
2022_07_NYG_JAX,2022,7,JAX,NYG,0,0.5904186,0.56069076,0.5754378
2022_07_NYJ_DEN,2022,7,DEN,NYJ,0,0.4806248,0.5015772,0.4908116
2022_07_PIT_MIA,2022,7,MIA,PIT,1,0.4944288,0.5613295,0.5551891
2022_07_SEA_LAC,2022,7,LAC,SEA,0,0.60597146,0.6003076,0.6061399
2022_07_TB_CAR,2022,7,CAR,TB,1,0.30141667,0.30025747,0.299912
2022_08_ARI_MIN,2022,8,MIN,ARI,1,0.6068739,0.61796427,0.6176583
2022_08_BAL_TB,2022,8,TB,BAL,0,0.4911975,0.51885545,0.5238066
2022_08_CAR_ATL,2022,8,ATL,CAR,1,0.5302069,0.4662697,0.49875274
2022_08_CHI_DAL,2022,8,DAL,CHI,1,0.66534466,0.6818471,0.6644051
2022_08_CIN_CLE,2022,8,CLE,CIN,1,0.4535282,0.49275094,0.48877552
2022_08_DEN_JAX,2022,8,JAX,DEN,0,0.5453787,0.54627025,0.5552285
2022_08_GB_BUF,2022,8,BUF,GB,1,0.7132702,0.70527303,0.7014203
2022_08_LV_NO,2022,8,NO,LV,1,0.46963167,0.4854507,0.49051172
2022_08_MIA_DET,2022,8,DET,MIA,0,0.29069465,0.32874265,0.3470307
2022_08_NE_NYJ,2022,8,NYJ,NE,0,0.27677003,0.3067758,0.26218024
2022_08_NYG_SEA,2022,8,SEA,NYG,1,0.45837516,0.49833763,0.5085209
2022_08_PIT_PHI,2022,8,PHI,PIT,1,0.76243395,0.7942081,0.78240633
2022_08_SF_LA,2022,8,LA,SF,0,0.39716938,0.46107295,0.46730474
2022_08_TEN_HOU,2022,8,HOU,TEN,0,0.28100178,0.3308129,0.3553761
2022_08_WAS_IND,2022,8,IND,WAS,0,0.5229543,0.55063164,0.55159426
2022_09_BAL_NO,2022,9,NO,BAL,0,0.49943107,0.5111611,0.5093988
2022_09_BUF_NYJ,2022,9,NYJ,BUF,1,0.26517764,0.32602406,0.35227796
2022_09_CAR_CIN,2022,9,CIN,CAR,1,0.7318921,0.7158662,0.71668345
2022_09_GB_DET,2022,9,DET,GB,1,0.31194815,0.33302447,0.352416
2022_09_IND_NE,2022,9,NE,IND,1,0.7151361,0.69589776,0.70176923
2022_09_LAC_ATL,2022,9,ATL,LAC,0,0.384222,0.39402872,0.40512845
2022_09_LA_TB,2022,9,TB,LA,1,0.62092495,0.61660504,0.6280095
2022_09_LV_JAX,2022,9,JAX,LV,1,0.6220653,0.6055973,0.6049286
2022_09_MIA_CHI,2022,9,CHI,MIA,0,0.4563687,0.49935526,0.50699675
2022_09_MIN_WAS,2022,9,WAS,MIN,0,0.3962594,0.42409417,0.43412483
2022_09_PHI_HOU,2022,9,HOU,PHI,0,0.29172128,0.33862308,0.35886833
2022_09_SEA_ARI,2022,9,ARI,SEA,0,0.39729735,0.4096,0.42218322
2022_09_TEN_KC,2022,9,KC,TEN,1,0.64195406,0.6112775,0.6206244
2022_10_ARI_LA,2022,10,LA,ARI,0,0.49694145,0.50698876,0.50601196
2022_10_ATL_CAR,2022,10,CAR,ATL,1,0.43118218,0.4664818,0.49039668
2022_10_CLE_MIA,2022,10,MIA,CLE,1,0.45111084,0.4578529,0.45884687
2022_10_DAL_GB,2022,10,GB,DAL,1,0.32768142,0.36551788,0.37979218
2022_10_DEN_TEN,2022,10,TEN,DEN,1,0.5453787,0.4545924,0.46051124
2022_10_DET_CHI,2022,10,CHI,DET,0,0.6119155,0.6292235,0.625058
2022_10_HOU_NYG,2022,10,NYG,HOU,1,0.7201953,0.7138537,0.6787964
2022_10_IND_LV,2022,10,LV,IND,0,0.4666719,0.49124002,0.48847407
2022_10_JAX_KC,2022,10,KC,JAX,1,0.7408592,0.7588036,0.7516191
2022_10_LAC_SF,2022,10,SF,LAC,1,0.63367945,0.6285157,0.63022625
2022_10_MIN_BUF,2022,10,BUF,MIN,0,0.7629308,0.6801565,0.6933105
2022_10_NO_PIT,2022,10,PIT,NO,1,0.271592,0.19088428,0.22489831
2022_10_SEA_TB,2022,10,TB,SEA,1,0.48307106,0.47181582,0.47967544
2022_10_WAS_PHI,2022,10,PHI,WAS,0,0.80233777,0.8078919,0.7994157
2022_11_CAR_BAL,2022,11,BAL,CAR,1,0.68998504,0.713477,0.70456773
2022_11_CHI_ATL,2022,11,ATL,CHI,1,0.48137796,0.48907086,0.4911746
2022_11_CIN_PIT,2022,11,PIT,CIN,0,0.27027878,0.19223957,0.22305498
2022_11_CLE_BUF,2022,11,BUF,CLE,1,0.6801204,0.6502233,0.653217
2022_11_DAL_MIN,2022,11,MIN,DAL,0,0.3887926,0.42088473,0.43345878
2022_11_DET_NYG,2022,11,NYG,DET,0,0.6119155,0.6292235,0.59983414
2022_11_KC_LAC,2022,11,LAC,KC,0,0.45738873,0.48402944,0.4908116
2022_11_LA_NO,2022,11,NO,LA,1,0.641421,0.65715575,0.6595446
2022_11_LV_DEN,2022,11,DEN,LV,0,0.49265233,0.516438,0.53711057
2022_11_NYJ_NE,2022,11,NE,NYJ,1,0.6313647,0.6285157,0.63022625
2022_11_PHI_IND,2022,11,IND,PHI,0,0.37636277,0.42861518,0.42289612
2022_11_SF_ARI,2022,11,ARI,SF,0,0.30833974,0.23098408,0.25697035
2022_11_TEN_GB,2022,11,GB,TEN,0,0.6695937,0.65640634,0.66851634
2022_11_WAS_HOU,2022,11,HOU,WAS,0,0.2777456,0.30231094,0.32079458
2022_12_ATL_WAS,2022,12,WAS,ATL,1,0.49666616,0.5291608,0.5367999
2022_12_BAL_JAX,2022,12,JAX,BAL,1,0.51348245,0.5405731,0.5438077
2022_12_BUF_DET,2022,12,DET,BUF,0,0.28523725,0.31277758,0.33733135
2022_12_CHI_NYJ,2022,12,NYJ,CHI,1,0.4904375,0.5048012,0.4128005
2022_12_CIN_TEN,2022,12,TEN,CIN,0,0.3962594,0.42409417,0.35069764
2022_12_DEN_CAR,2022,12,CAR,DEN,1,0.32044452,0.35553282,0.37089005
2022_12_GB_PHI,2022,12,PHI,GB,1,0.7201953,0.69540703,0.69689023
2022_12_HOU_MIA,2022,12,MIA,HOU,1,0.7332168,0.7206891,0.72567135
2022_12_LAC_ARI,2022,12,ARI,LAC,0,0.48349163,0.3380651,0.37063792
2022_12_LA_KC,2022,12,KC,LA,1,0.80233777,0.80207765,0.7900038
2022_12_LV_SEA,2022,12,SEA,LV,0,0.7006138,0.6806322,0.68594444
2022_12_NE_MIN,2022,12,MIN,NE,1,0.35905963,0.41644517,0.33149788
2022_12_NO_SF,2022,12,SF,NO,1,0.63828486,0.6325262,0.6408909
2022_12_NYG_DAL,2022,12,DAL,NYG,1,0.6313647,0.6285157,0.63022625
2022_12_PIT_IND,2022,12,IND,PIT,0,0.4849588,0.51885545,0.5238066
2022_12_TB_CLE,2022,12,CLE,TB,1,0.51969296,0.5370502,0.5519347
2022_13_BUF_NE,2022,13,NE,BUF,0,0.45738873,0.48621538,0.49996716
2022_13_CLE_HOU,2022,13,HOU,CLE,0,0.36795634,0.4050349,0.42289612
2022_13_DEN_BAL,2022,13,BAL,DEN,1,0.62903655,0.58935034,0.5974835
2022_13_GB_CHI,2022,13,CHI,GB,0,0.32783413,0.23196352,0.25550637
2022_13_IND_DAL,2022,13,DAL,IND,1,0.7536133,0.7245958,0.70212835
2022_13_JAX_DET,2022,13,DET,JAX,1,0.36182922,0.40838876,0.4060299
2022_13_KC_CIN,2022,13,CIN,KC,1,0.44700718,0.46881357,0.38900563
2022_13_LAC_LV,2022,13,LV,LAC,1,0.40438494,0.40397826,0.41204596
2022_13_MIA_SF,2022,13,SF,MIA,1,0.60597146,0.60240555,0.6061399
2022_13_NO_TB,2022,13,TB,NO,1,0.60933363,0.6384306,0.6512139
2022_13_NYJ_MIN,2022,13,MIN,NYJ,1,0.420049,0.4550804,0.36984706
2022_13_PIT_ATL,2022,13,ATL,PIT,0,0.4075439,0.42502978,0.44712326
2022_13_SEA_LA,2022,13,LA,SEA,0,0.41758648,0.36550438,0.3453748
2022_13_TEN_PHI,2022,13,PHI,TEN,1,0.5782259,0.6099702,0.62176406
2022_14_BAL_PIT,2022,14,PIT,BAL,0,0.38709176,0.42193145,0.43598855
2022_14_CAR_SEA,2022,14,SEA,CAR,0,0.57117397,0.52526665,0.5515269
2022_14_CLE_CIN,2022,14,CIN,CLE,1,0.664716,0.6787787,0.6766277
2022_14_HOU_DAL,2022,14,DAL,HOU,1,0.8084336,0.80325717,0.7907819
2022_14_JAX_TEN,2022,14,TEN,JAX,0,0.46161824,0.49140814,0.48124766
2022_14_KC_DEN,2022,14,DEN,KC,0,0.4638533,0.48621538,0.49419847
2022_14_LV_LA,2022,14,LA,LV,1,0.46643516,0.39870417,0.38833034
2022_14_MIA_LAC,2022,14,LAC,MIA,1,0.37592748,0.4195171,0.42058212
2022_14_MIN_DET,2022,14,DET,MIN,1,0.4632775,0.498267,0.51875895
2022_14_NE_ARI,2022,14,ARI,NE,0,0.3411908,0.35724783,0.37132376
2022_14_NYJ_BUF,2022,14,BUF,NYJ,1,0.79832727,0.7978605,0.78597444
2022_14_PHI_NYG,2022,14,NYG,PHI,0,0.29712656,0.34508386,0.36419472
2022_14_TB_SF,2022,14,SF,TB,1,0.6119315,0.5450184,0.52972233
2022_15_ARI_DEN,2022,15,DEN,ARI,1,0.47986576,0.49677405,0.49419847
2022_15_ATL_NO,2022,15,NO,ATL,1,0.54741746,0.58303845,0.5731545
2022_15_BAL_CLE,2022,15,CLE,BAL,1,0.5526877,0.56236947,0.56487733
2022_15_CIN_TB,2022,15,TB,CIN,0,0.47337508,0.4816906,0.49419847
2022_15_DAL_JAX,2022,15,JAX,DAL,1,0.34692088,0.37703863,0.3892965
2022_15_DET_NYJ,2022,15,NYJ,DET,0,0.50853664,0.3473846,0.3964606
2022_15_IND_MIN,2022,15,MIN,IND,1,0.5651222,0.57673204,0.5919026
2022_15_KC_HOU,2022,15,HOU,KC,0,0.41399178,0.44565374,0.4570253
2022_15_LA_GB,2022,15,GB,LA,1,0.6250958,0.6470372,0.6473247
2022_15_MIA_BUF,2022,15,BUF,MIA,1,0.75838506,0.728021,0.730572
2022_15_NE_LV,2022,15,LV,NE,1,0.34471592,0.37283573,0.29956698
2022_15_NYG_WAS,2022,15,WAS,NYG,0,0.47358516,0.4854259,0.48124766
2022_15_PHI_CHI,2022,15,CHI,PHI,0,0.26098475,0.29798308,0.32611763
2022_15_PIT_CAR,2022,15,CAR,PIT,0,0.45018288,0.46886048,0.49039668
2022_15_SF_SEA,2022,15,SEA,SF,0,0.36951822,0.42970595,0.41089654
2022_15_TEN_LAC,2022,15,LAC,TEN,1,0.5961278,0.5920347,0.6042094
2022_16_ATL_BAL,2022,16,BAL,ATL,1,0.616153,0.64089894,0.63574845
2022_16_BUF_CHI,2022,16,CHI,BUF,0,0.2590678,0.29798308,0.32375425
2022_16_CIN_NE,2022,16,NE,CIN,0,0.43433377,0.4535807,0.46387464
2022_16_DEN_LA,2022,16,LA,DEN,1,0.40097582,0.4307623,0.43916562
2022_16_DET_CAR,2022,16,CAR,DET,1,0.4563687,0.49691823,0.49930793
2022_16_GB_MIA,2022,16,MIA,GB,0,0.48508063,0.51262414,0.42655545
2022_16_HOU_TEN,2022,16,TEN,HOU,0,0.7536133,0.7529384,0.7258767
2022_16_JAX_NYJ,2022,16,NYJ,JAX,0,0.44058445,0.46663487,0.48124766
2022_16_LAC_IND,2022,16,IND,LAC,0,0.4263619,0.4556165,0.36959034
2022_16_LV_PIT,2022,16,PIT,LV,1,0.58893484,0.6067632,0.60299957
2022_16_NO_CLE,2022,16,CLE,NO,0,0.5308783,0.5728552,0.59445053
2022_16_NYG_MIN,2022,16,MIN,NYG,1,0.5259667,0.55186397,0.55812854
2022_16_PHI_DAL,2022,16,DAL,PHI,1,0.49694145,0.52046096,0.51181114
2022_16_SEA_KC,2022,16,KC,SEA,1,0.81078446,0.74940854,0.7554364
2022_16_TB_ARI,2022,16,ARI,TB,0,0.31876916,0.23098408,0.25956616
2022_16_WAS_SF,2022,16,SF,WAS,1,0.7490113,0.53351593,0.55399364
2022_17_ARI_ATL,2022,17,ATL,ARI,1,0.4632775,0.498267,0.51875895
2022_17_CAR_TB,2022,17,TB,CAR,1,0.65496844,0.6607772,0.6686443
2022_17_CHI_DET,2022,17,DET,CHI,1,0.7271576,0.6978304,0.69813967
2022_17_CLE_WAS,2022,17,WAS,CLE,0,0.4307169,0.44533473,0.44355303
2022_17_DAL_TEN,2022,17,TEN,DAL,0,0.28313783,0.25619045,0.22159171
2022_17_DEN_KC,2022,17,KC,DEN,1,0.6816038,0.67784375,0.68193555
2022_17_IND_NYG,2022,17,NYG,IND,1,0.6746419,0.68157136,0.6853454
2022_17_JAX_HOU,2022,17,HOU,JAX,0,0.45738873,0.48402944,0.49419847
2022_17_LA_LAC,2022,17,LAC,LA,1,0.62444884,0.6407921,0.6422604
2022_17_MIA_NE,2022,17,NE,MIA,1,0.45018288,0.4711937,0.49039668
2022_17_MIN_GB,2022,17,GB,MIN,1,0.654234,0.55326605,0.5678095
2022_17_NO_PHI,2022,17,PHI,NO,0,0.5201987,0.56196797,0.5788073
2022_17_NYJ_SEA,2022,17,SEA,NYJ,1,0.41332844,0.46616483,0.4846234
2022_17_PIT_BAL,2022,17,BAL,PIT,0,0.6551267,0.63882524,0.646565
2022_17_SF_LV,2022,17,LV,SF,0,0.2746636,0.31432167,0.25188488
2022_18_ARI_SF,2022,18,SF,ARI,1,0.75310063,0.690858,0.692476
2022_18_BAL_CIN,2022,18,CIN,BAL,1,0.65728205,0.69075084,0.68737173
2022_18_CAR_NO,2022,18,NO,CAR,0,0.6068739,0.61796427,0.6176583
2022_18_CLE_PIT,2022,18,PIT,CLE,1,0.4079018,0.430993,0.43927068
2022_18_DAL_WAS,2022,18,WAS,DAL,1,0.27867132,0.31838942,0.3427282
2022_18_DET_GB,2022,18,GB,DET,0,0.63236105,0.6484986,0.63825244
2022_18_HOU_IND,2022,18,IND,HOU,0,0.69665974,0.67587715,0.6747494
2022_18_KC_LV,2022,18,LV,KC,0,0.28523725,0.26545066,0.22826609
2022_18_LAC_DEN,2022,18,DEN,LAC,1,0.42392802,0.433998,0.44578654
2022_18_LA_SEA,2022,18,SEA,LA,1,0.7004107,0.67976713,0.6469303
2022_18_MIN_CHI,2022,18,CHI,MIN,0,0.33356905,0.38120967,0.396536
2022_18_NE_BUF,2022,18,BUF,NE,1,0.68998504,0.7028103,0.70456773
2022_18_NYG_PHI,2022,18,PHI,NYG,1,0.7340538,0.6922169,0.6931397
2022_18_NYJ_MIA,2022,18,MIA,NYJ,1,0.6126398,0.4622116,0.47747922
2022_18_TB_ATL,2022,18,ATL,TB,1,0.35730395,0.3354385,0.31970507
2022_18_TEN_JAX,2022,18,JAX,TEN,1,0.5928959,0.6329694,0.63411564
2023_01_ARI_WAS,2023,1,WAS,ARI,1,0.60232025,0.60324395,0.6163216
2023_01_BUF_NYJ,2023,1,NYJ,BUF,1,0.39105958,0.39547968,0.3900957
2023_01_CAR_ATL,2023,1,ATL,CAR,1,0.53172505,0.5228015,0.531456
2023_01_CIN_CLE,2023,1,CLE,CIN,1,0.35065526,0.37134814,0.35829714
2023_01_DAL_NYG,2023,1,NYG,DAL,0,0.5112993,0.536045,0.53193367
2023_01_DET_KC,2023,1,KC,DET,0,0.71372724,0.693688,0.7126872
2023_01_GB_CHI,2023,1,CHI,GB,0,0.30783662,0.32545516,0.31789014
2023_01_HOU_BAL,2023,1,BAL,HOU,1,0.71546865,0.72837985,0.71269226
2023_01_JAX_IND,2023,1,IND,JAX,0,0.33675662,0.3583849,0.3464329
2023_01_LA_SEA,2023,1,SEA,LA,0,0.67153984,0.66768074,0.6808272
2023_01_LV_DEN,2023,1,DEN,LV,0,0.43822348,0.4151359,0.4227262
2023_01_MIA_LAC,2023,1,LAC,MIA,0,0.45922536,0.45977905,0.4372201
2023_01_PHI_NE,2023,1,NE,PHI,0,0.34878588,0.37073687,0.35122198
2023_01_SF_PIT,2023,1,PIT,SF,0,0.33565947,0.34963825,0.33335993
2023_01_TB_MIN,2023,1,MIN,TB,0,0.59916645,0.59181273,0.5924765
2023_01_TEN_NO,2023,1,NO,TEN,1,0.637993,0.65178657,0.6561357
2023_02_BAL_CIN,2023,2,CIN,BAL,0,0.45499435,0.44070646,0.43305135
2023_02_CHI_TB,2023,2,TB,CHI,1,0.6790257,0.6861945,0.68956214
2023_02_CLE_PIT,2023,2,PIT,CLE,1,0.351929,0.33824137,0.31941894
2023_02_GB_ATL,2023,2,ATL,GB,1,0.37262842,0.40920326,0.38434073
2023_02_IND_HOU,2023,2,HOU,IND,0,0.5565252,0.5679625,0.5584584
2023_02_KC_JAX,2023,2,JAX,KC,0,0.47421792,0.44010994,0.49158755
2023_02_LAC_TEN,2023,2,TEN,LAC,1,0.3571175,0.36730948,0.35573095
2023_02_LV_BUF,2023,2,BUF,LV,1,0.6796307,0.66095936,0.6583057
2023_02_MIA_NE,2023,2,NE,MIA,0,0.4546397,0.44913465,0.5056215
2023_02_MIN_PHI,2023,2,PHI,MIN,1,0.63631034,0.6253435,0.59596443
2023_02_NO_CAR,2023,2,CAR,NO,0,0.34980324,0.33790088,0.3817168
2023_02_NYG_ARI,2023,2,ARI,NYG,0,0.39883298,0.37031597,0.33630648
2023_02_NYJ_DAL,2023,2,DAL,NYJ,1,0.70313585,0.67624813,0.7080689
2023_02_SEA_DET,2023,2,DET,SEA,0,0.6859421,0.71810764,0.72114927
2023_02_SF_LA,2023,2,LA,SF,0,0.2953013,0.33262524,0.30442068
2023_02_WAS_DEN,2023,2,DEN,WAS,0,0.4113506,0.43110037,0.4327192
2023_03_ATL_DET,2023,3,DET,ATL,1,0.53972155,0.5720406,0.56928474
2023_03_BUF_WAS,2023,3,WAS,BUF,0,0.39105958,0.37943774,0.41617063
2023_03_CAR_SEA,2023,3,SEA,CAR,1,0.5421855,0.5770179,0.56672794
2023_03_CHI_KC,2023,3,KC,CHI,1,0.7178808,0.7794623,0.71915054
2023_03_DAL_ARI,2023,3,ARI,DAL,1,0.31057796,0.25123155,0.34146154
2023_03_DEN_MIA,2023,3,MIA,DEN,1,0.6121489,0.6100551,0.58939004
2023_03_HOU_JAX,2023,3,JAX,HOU,0,0.7235383,0.6947694,0.7143854
2023_03_IND_BAL,2023,3,BAL,IND,0,0.77121675,0.7766987,0.7628539
2023_03_LAC_MIN,2023,3,MIN,LAC,0,0.47448027,0.44367808,0.5058984
2023_03_LA_CIN,2023,3,CIN,LA,1,0.4226617,0.45029792,0.47802442
2023_03_NE_NYJ,2023,3,NYJ,NE,0,0.3403505,0.3684997,0.34527415
2023_03_NO_GB,2023,3,GB,NO,1,0.43996483,0.4420234,0.41886422
2023_03_NYG_SF,2023,3,SF,NYG,1,0.7178808,0.5749727,0.62574774
2023_03_PHI_TB,2023,3,TB,PHI,0,0.45790106,0.49714583,0.4538508
2023_03_PIT_LV,2023,3,LV,PIT,0,0.53126943,0.5740748,0.5668921
2023_03_TEN_CLE,2023,3,CLE,TEN,1,0.66165996,0.6180232,0.63833416
2023_04_ARI_SF,2023,4,SF,ARI,1,0.7178808,0.6716237,0.70365363
2023_04_ATL_JAX,2023,4,JAX,ATL,1,0.47765887,0.54752165,0.45775813
2023_04_BAL_CLE,2023,4,CLE,BAL,0,0.43822348,0.46640337,0.42486566
2023_04_CIN_TEN,2023,4,TEN,CIN,1,0.36568668,0.37824515,0.35149875
2023_04_DEN_CHI,2023,4,CHI,DEN,0,0.37042084,0.3841916,0.42398074
2023_04_DET_GB,2023,4,GB,DET,0,0.58613914,0.5032299,0.528404
2023_04_KC_NYJ,2023,4,NYJ,KC,0,0.2993131,0.29997456,0.29659864
2023_04_LA_IND,2023,4,IND,LA,0,0.35129997,0.36111856,0.40261558
2023_04_LV_LAC,2023,4,LAC,LV,1,0.69956636,0.693688,0.708543
2023_04_MIA_BUF,2023,4,BUF,MIA,1,0.4725182,0.5038645,0.51683706
2023_04_MIN_CAR,2023,4,CAR,MIN,0,0.40733305,0.4020306,0.38934198
2023_04_NE_DAL,2023,4,DAL,NE,1,0.7169523,0.71789396,0.7439431
2023_04_PIT_HOU,2023,4,HOU,PIT,1,0.4699217,0.48729557,0.4807344
2023_04_SEA_NYG,2023,4,NYG,SEA,0,0.38965535,0.41908255,0.3896149
2023_04_TB_NO,2023,4,NO,TB,0,0.60458547,0.61340636,0.5969736
2023_04_WAS_PHI,2023,4,PHI,WAS,1,0.67916286,0.75204235,0.6817256
2023_05_BAL_PIT,2023,5,PIT,BAL,1,0.2993131,0.2918936,0.29615223
2023_05_CAR_DET,2023,5,DET,CAR,1,0.7178808,0.72796303,0.7088696
2023_05_CHI_WAS,2023,5,WAS,CHI,0,0.59740883,0.61013895,0.6178171
2023_05_CIN_ARI,2023,5,ARI,CIN,0,0.47040826,0.37773407,0.45773903
2023_05_DAL_SF,2023,5,SF,DAL,1,0.52490103,0.41911706,0.47758865
2023_05_GB_LV,2023,5,LV,GB,1,0.41810733,0.44497812,0.4160122
2023_05_HOU_ATL,2023,5,ATL,HOU,1,0.53861636,0.5476865,0.5668321
2023_05_JAX_BUF,2023,5,BUF,JAX,0,0.75805956,0.82924527,0.7629748
2023_05_KC_MIN,2023,5,MIN,KC,0,0.31470457,0.32969376,0.30933917
2023_05_NO_NE,2023,5,NE,NO,0,0.36568668,0.37008157,0.34316638
2023_05_NYG_MIA,2023,5,MIA,NYG,1,0.6189792,0.6556819,0.6017835
2023_05_NYJ_DEN,2023,5,DEN,NYJ,0,0.6113487,0.6155687,0.6373953
2023_05_PHI_LA,2023,5,LA,PHI,0,0.4084028,0.37340015,0.43181458
2023_05_TEN_IND,2023,5,IND,TEN,1,0.4954234,0.47160432,0.47800973
2023_06_ARI_LA,2023,6,LA,ARI,1,0.67153984,0.679438,0.68099505
2023_06_BAL_TEN,2023,6,TEN,BAL,0,0.32104582,0.33017206,0.31615102
2023_06_CAR_MIA,2023,6,MIA,CAR,1,0.75873023,0.797564,0.75540274
2023_06_DAL_LAC,2023,6,LAC,DAL,0,0.501141,0.5040873,0.50259894
2023_06_DEN_KC,2023,6,KC,DEN,1,0.7692046,0.8012095,0.7651102
2023_06_DET_TB,2023,6,TB,DET,0,0.40195045,0.40538925,0.3960292
2023_06_IND_JAX,2023,6,JAX,IND,1,0.6587641,0.65178657,0.66066813
2023_06_MIN_CHI,2023,6,CHI,MIN,0,0.41434172,0.42191997,0.4262584
2023_06_NE_LV,2023,6,LV,NE,1,0.636647,0.64790606,0.67772526
2023_06_NO_HOU,2023,6,HOU,NO,1,0.37445304,0.3036044,0.3488487
2023_06_NYG_BUF,2023,6,BUF,NYG,1,0.7692046,0.8012095,0.75321877
2023_06_PHI_NYJ,2023,6,NYJ,PHI,1,0.34075308,0.3583849,0.4012355
2023_06_SEA_CIN,2023,6,CIN,SEA,1,0.44866613,0.44676024,0.48343197
2023_06_SF_CLE,2023,6,CLE,SF,1,0.41100723,0.35097134,0.37136534
2023_06_WAS_ATL,2023,6,ATL,WAS,0,0.5911629,0.5180886,0.56014466
2023_07_ARI_SEA,2023,7,SEA,ARI,1,0.70313585,0.71810764,0.7251837
2023_07_ATL_TB,2023,7,TB,ATL,0,0.6500648,0.65187716,0.65760374
2023_07_BUF_NE,2023,7,NE,BUF,1,0.36168024,0.34457472,0.41184333
2023_07_CLE_IND,2023,7,IND,CLE,0,0.48476925,0.550027,0.5448034
2023_07_DET_BAL,2023,7,BAL,DET,1,0.46088386,0.4615458,0.43946472
2023_07_GB_DEN,2023,7,DEN,GB,1,0.33080903,0.34906417,0.38829675
2023_07_JAX_NO,2023,7,NO,JAX,0,0.5916565,0.60695934,0.59140676
2023_07_LAC_KC,2023,7,KC,LAC,1,0.70778483,0.6828546,0.70806044
2023_07_LV_CHI,2023,7,CHI,LV,1,0.43993092,0.49371973,0.43582264
2023_07_MIA_PHI,2023,7,PHI,MIA,1,0.42363617,0.45029792,0.4083487
2023_07_PIT_LA,2023,7,LA,PIT,0,0.76254237,0.7559083,0.76241696
2023_07_SF_MIN,2023,7,MIN,SF,1,0.3294314,0.34906417,0.38565728
2023_07_WAS_NYG,2023,7,NYG,WAS,1,0.42707518,0.4256996,0.44614455
2023_08_ATL_TEN,2023,8,TEN,ATL,1,0.4464769,0.47016832,0.44414687
2023_08_BAL_ARI,2023,8,ARI,BAL,0,0.29412597,0.2349619,0.27909678
2023_08_CHI_LAC,2023,8,LAC,CHI,1,0.67384,0.6987079,0.704584
2023_08_CIN_SF,2023,8,SF,CIN,0,0.7692046,0.76947,0.6679686
2023_08_CLE_SEA,2023,8,SEA,CLE,1,0.57421476,0.5794778,0.5878758
2023_08_HOU_CAR,2023,8,CAR,HOU,1,0.35552368,0.37134814,0.42443827
2023_08_JAX_PIT,2023,8,PIT,JAX,0,0.3446194,0.36392203,0.3302948
2023_08_KC_DEN,2023,8,DEN,KC,1,0.32396364,0.3370135,0.3182823
2023_08_LA_DAL,2023,8,DAL,LA,1,0.5827524,0.60958236,0.61483794
2023_08_LV_DET,2023,8,DET,LV,1,0.76254237,0.7559083,0.76241696
2023_08_MIN_GB,2023,8,GB,MIN,0,0.5912999,0.5128249,0.54749906
2023_08_NE_MIA,2023,8,MIA,NE,1,0.74358225,0.76103437,0.7162669
2023_08_NO_IND,2023,8,IND,NO,0,0.2953013,0.30303627,0.3580114
2023_08_NYJ_NYG,2023,8,NYG,NYJ,0,0.5981212,0.6063516,0.6149666
2023_08_PHI_WAS,2023,8,WAS,PHI,0,0.35351166,0.34559345,0.32429132
2023_08_TB_BUF,2023,8,BUF,TB,1,0.6792466,0.7749742,0.6978754
2023_09_ARI_CLE,2023,9,CLE,ARI,1,0.5916565,0.6009508,0.5847405
2023_09_BUF_CIN,2023,9,CIN,BUF,1,0.35803992,0.37157318,0.43063608
2023_09_CHI_NO,2023,9,NO,CHI,1,0.65273476,0.68359447,0.67438555
2023_09_DAL_PHI,2023,9,PHI,DAL,1,0.44879824,0.43973306,0.4658666
2023_09_IND_CAR,2023,9,CAR,IND,0,0.3372258,0.27279446,0.31849286
2023_09_LAC_NYJ,2023,9,NYJ,LAC,0,0.47141027,0.4457707,0.42398638
2023_09_LA_GB,2023,9,GB,LA,1,0.3889639,0.31226373,0.34679994
2023_09_MIA_KC,2023,9,KC,MIA,1,0.4319725,0.4151359,0.48920766
2023_09_MIN_ATL,2023,9,ATL,MIN,0,0.40460104,0.43316394,0.37737054
2023_09_NYG_LV,2023,9,LV,NYG,1,0.5332573,0.53573954,0.531456
2023_09_SEA_BAL,2023,9,BAL,SEA,1,0.5916565,0.60695934,0.6260949
2023_09_TB_HOU,2023,9,HOU,TB,1,0.5274365,0.45954213,0.5030144
2023_09_TEN_PIT,2023,9,PIT,TEN,1,0.48484972,0.47308707,0.5015219
2023_09_WAS_NE,2023,9,NE,WAS,0,0.37311125,0.39607447,0.4244751
2023_10_ATL_ARI,2023,10,ARI,ATL,1,0.3383984,0.32724866,0.38027418
2023_10_CAR_CHI,2023,10,CHI,CAR,1,0.6077959,0.59223783,0.59066284
2023_10_CLE_BAL,2023,10,BAL,CLE,0,0.6484898,0.7122488,0.67093825
2023_10_DEN_BUF,2023,10,BUF,DEN,0,0.7692046,0.7775342,0.73210543
2023_10_DET_LAC,2023,10,LAC,DET,0,0.5206632,0.5363679,0.54053146
2023_10_GB_PIT,2023,10,PIT,GB,1,0.36263525,0.39477044,0.41626388
2023_10_HOU_CIN,2023,10,CIN,HOU,0,0.6639102,0.68385494,0.6805155
2023_10_IND_NE,2023,10,NE,IND,0,0.37671784,0.40507388,0.42353505
2023_10_NO_MIN,2023,10,MIN,NO,1,0.4113506,0.33580363,0.40195593
2023_10_NYG_DAL,2023,10,DAL,NYG,1,0.76403314,0.80433905,0.75681543
2023_10_NYJ_LV,2023,10,LV,NYJ,1,0.5435867,0.45121527,0.52731574
2023_10_SF_JAX,2023,10,JAX,SF,0,0.34972334,0.3707724,0.42217547
2023_10_TEN_TB,2023,10,TB,TEN,1,0.5827524,0.6131159,0.6243129
2023_10_WAS_SEA,2023,10,SEA,WAS,1,0.589344,0.5646371,0.5724711
2023_11_ARI_HOU,2023,11,HOU,ARI,1,0.6995627,0.5689236,0.61840826
2023_11_CHI_DET,2023,11,DET,CHI,1,0.7011782,0.71437556,0.7150623
2023_11_CIN_BAL,2023,11,BAL,CIN,1,0.60113066,0.61340636,0.59561366
2023_11_DAL_CAR,2023,11,CAR,DAL,0,0.29412597,0.22551243,0.33879912
2023_11_LAC_GB,2023,11,GB,LAC,1,0.4226617,0.35298017,0.37904736
2023_11_LV_MIA,2023,11,MIA,LV,1,0.75873023,0.797564,0.75540274
2023_11_MIN_DEN,2023,11,DEN,MIN,1,0.34318662,0.36264125,0.40790287
2023_11_NYG_WAS,2023,11,WAS,NYG,0,0.74058396,0.7319035,0.7488733
2023_11_NYJ_BUF,2023,11,BUF,NYJ,1,0.67613816,0.75204235,0.6800373
2023_11_PHI_KC,2023,11,KC,PHI,0,0.5827524,0.5519224,0.6013028
2023_11_PIT_CLE,2023,11,CLE,PIT,1,0.57365376,0.59272695,0.58098125
2023_11_SEA_LA,2023,11,LA,SEA,1,0.37076518,0.30984104,0.33705166
2023_11_TB_SF,2023,11,SF,TB,1,0.77121675,0.6745394,0.69115454
2023_11_TEN_JAX,2023,11,JAX,TEN,1,0.58584625,0.62223214,0.6275634
2023_12_BAL_LAC,2023,12,LAC,BAL,0,0.37445304,0.38568264,0.40723437
2023_12_BUF_PHI,2023,12,PHI,BUF,1,0.3775007,0.40217206,0.36057708
2023_12_CAR_TEN,2023,12,TEN,CAR,1,0.65717894,0.64886355,0.6609229
2023_12_CHI_MIN,2023,12,MIN,CHI,0,0.6611086,0.5888101,0.63653207
2023_12_CLE_DEN,2023,12,DEN,CLE,1,0.49699172,0.5071963,0.50669694
2023_12_GB_DET,2023,12,DET,GB,0,0.6320777,0.61697435,0.6262437
2023_12_JAX_HOU,2023,12,HOU,JAX,0,0.48239022,0.4985476,0.48637214
2023_12_KC_LV,2023,12,LV,KC,0,0.31470457,0.32387516,0.2929522
2023_12_LA_ARI,2023,12,ARI,LA,0,0.3467712,0.37614837,0.3538965
2023_12_MIA_NYJ,2023,12,NYJ,MIA,0,0.40664944,0.39547968,0.4110981
2023_12_NE_NYG,2023,12,NYG,NE,1,0.42475712,0.31835994,0.36843482
2023_12_NO_ATL,2023,12,ATL,NO,1,0.31079632,0.31250888,0.36436477
2023_12_PIT_CIN,2023,12,CIN,PIT,0,0.59235424,0.6609517,0.6601333
2023_12_SF_SEA,2023,12,SEA,SF,0,0.3018382,0.3219799,0.36472487
2023_12_TB_IND,2023,12,IND,TB,1,0.45922536,0.4457707,0.4950627
2023_12_WAS_DAL,2023,12,DAL,WAS,1,0.7126984,0.73315173,0.7182902
2023_13_ARI_PIT,2023,13,PIT,ARI,0,0.70313585,0.66974735,0.68018353
2023_13_ATL_NYJ,2023,13,NYJ,ATL,0,0.4342765,0.39111146,0.47342837
2023_13_CAR_TB,2023,13,TB,CAR,1,0.69139814,0.69308794,0.7058873
2023_13_CIN_JAX,2023,13,JAX,CIN,0,0.45836604,0.41418067,0.4155761
2023_13_CLE_LA,2023,13,LA,CLE,1,0.5089205,0.5656077,0.562383
2023_13_DEN_HOU,2023,13,HOU,DEN,1,0.6047294,0.5193674,0.55793256
2023_13_DET_NO,2023,13,NO,DET,0,0.4665514,0.45729706,0.51381075
2023_13_IND_TEN,2023,13,TEN,IND,0,0.41812125,0.3549281,0.3998849
2023_13_KC_GB,2023,13,GB,KC,1,0.31592533,0.25123155,0.2929522
2023_13_LAC_NE,2023,13,NE,LAC,0,0.4346563,0.4388053,0.48304424
2023_13_MIA_WAS,2023,13,WAS,MIA,0,0.35596132,0.35162494,0.39943758
2023_13_SEA_DAL,2023,13,DAL,SEA,1,0.6859421,0.7036691,0.70788205
2023_13_SF_PHI,2023,13,PHI,SF,0,0.34905937,0.3788942,0.3765658
2023_14_BUF_KC,2023,14,KC,BUF,0,0.3889639,0.40538925,0.398791
2023_14_CAR_NO,2023,14,NO,CAR,1,0.70313585,0.71810764,0.7193645
2023_14_DEN_LAC,2023,14,LAC,DEN,0,0.66845053,0.643312,0.6309617
2023_14_DET_CHI,2023,14,CHI,DET,1,0.41768625,0.4430225,0.4021693
2023_14_GB_NYG,2023,14,NYG,GB,1,0.33675662,0.3384569,0.3178403
2023_14_HOU_NYJ,2023,14,NYJ,HOU,1,0.46888754,0.4433998,0.50658685
2023_14_IND_CIN,2023,14,CIN,IND,1,0.6113224,0.5719166,0.5770391
2023_14_JAX_CLE,2023,14,CLE,JAX,1,0.466184,0.43815368,0.41646674
2023_14_LA_BAL,2023,14,BAL,LA,1,0.68321264,0.6673246,0.65936553
2023_14_MIN_LV,2023,14,LV,MIN,0,0.30672085,0.31706834,0.30052
2023_14_NE_PIT,2023,14,PIT,NE,0,0.65341824,0.679438,0.6766012
2023_14_PHI_DAL,2023,14,DAL,PHI,1,0.58584625,0.60958236,0.61362433
2023_14_SEA_SF,2023,14,SF,SEA,1,0.7362838,0.6862447,0.69557476
2023_14_TB_ATL,2023,14,ATL,TB,0,0.4489113,0.3591948,0.39518988
2023_14_TEN_MIA,2023,14,MIA,TEN,0,0.749108,0.80433905,0.758442
2023_15_ATL_CAR,2023,15,CAR,ATL,1,0.32674485,0.33962855,0.32191288
2023_15_BAL_JAX,2023,15,JAX,BAL,0,0.40409297,0.39911538,0.37202635
2023_15_CHI_CLE,2023,15,CLE,CHI,1,0.43808192,0.45442793,0.4054267
2023_15_DAL_BUF,2023,15,BUF,DAL,1,0.5907533,0.5072216,0.5662066
2023_15_DEN_DET,2023,15,DET,DEN,1,0.66298664,0.6523351,0.67267036
2023_15_HOU_TEN,2023,15,TEN,HOU,0,0.5253193,0.553513,0.5477013
2023_15_KC_NE,2023,15,NE,KC,0,0.3568887,0.37223083,0.31617823
2023_15_LAC_LV,2023,15,LV,LAC,1,0.4226617,0.463567,0.48424515
2023_15_MIN_CIN,2023,15,CIN,MIN,1,0.54917425,0.44243938,0.5370247
2023_15_NYG_NO,2023,15,NO,NYG,1,0.7125185,0.72155774,0.7307683
2023_15_NYJ_MIA,2023,15,MIA,NYJ,1,0.65814114,0.74889886,0.67563653
2023_15_PHI_SEA,2023,15,SEA,PHI,1,0.44451162,0.47838876,0.38566473
2023_15_PIT_IND,2023,15,IND,PIT,1,0.57001966,0.586814,0.60669315
2023_15_SF_ARI,2023,15,ARI,SF,0,0.29412597,0.31048232,0.292403
2023_15_TB_GB,2023,15,GB,TB,0,0.6811282,0.6568272,0.66354
2023_15_WAS_LA,2023,15,LA,WAS,1,0.64212894,0.6588549,0.6614199
2023_16_ARI_CHI,2023,16,CHI,ARI,1,0.6587641,0.6483125,0.65178883
2023_16_BAL_SF,2023,16,SF,BAL,0,0.67971355,0.6557889,0.6527349
2023_16_BUF_LAC,2023,16,LAC,BUF,0,0.30710214,0.30480525,0.34250927
2023_16_CIN_PIT,2023,16,PIT,CIN,1,0.47141027,0.46820438,0.44878516
2023_16_CLE_HOU,2023,16,HOU,CLE,0,0.48891568,0.50636184,0.49402222
2023_16_DAL_MIA,2023,16,MIA,DAL,1,0.55756015,0.5388053,0.5516421
2023_16_DET_MIN,2023,16,MIN,DET,0,0.45596564,0.35190734,0.4062589
2023_16_GB_CAR,2023,16,CAR,GB,0,0.37459925,0.4003598,0.36875576
2023_16_IND_ATL,2023,16,ATL,IND,1,0.6419275,0.6417788,0.61212844
2023_16_JAX_TB,2023,16,TB,JAX,1,0.58234155,0.57505786,0.5997954
2023_16_LV_KC,2023,16,KC,LV,0,0.76254237,0.81216407,0.76241696
2023_16_NE_DEN,2023,16,DEN,NE,0,0.59418434,0.62692815,0.603967
2023_16_NO_LA,2023,16,LA,NO,1,0.4138521,0.40440357,0.40829512
2023_16_NYG_PHI,2023,16,PHI,NYG,1,0.7726138,0.8316091,0.7613692
2023_16_SEA_TEN,2023,16,TEN,SEA,0,0.36101517,0.38370582,0.33905998
2023_16_WAS_NYJ,2023,16,NYJ,WAS,1,0.4403932,0.4363655,0.40140617
2023_17_ARI_PHI,2023,17,PHI,ARI,0,0.7362838,0.7561433,0.70277613
2023_17_ATL_CHI,2023,17,CHI,ATL,1,0.45402285,0.46368316,0.45917273
2023_17_CAR_JAX,2023,17,JAX,CAR,1,0.6834144,0.69308794,0.7015462
2023_17_CIN_KC,2023,17,KC,CIN,1,0.6330859,0.64406484,0.6530861
2023_17_DET_DAL,2023,17,DAL,DET,1,0.5916565,0.60695934,0.58145326
2023_17_GB_MIN,2023,17,MIN,GB,0,0.4743613,0.4516092,0.43060705
2023_17_LAC_DEN,2023,17,DEN,LAC,1,0.5912999,0.6236648,0.5918672
2023_17_LA_NYG,2023,17,NYG,LA,0,0.34233096,0.26875928,0.30767238
2023_17_LV_IND,2023,17,IND,LV,1,0.61746264,0.6401334,0.61520404
2023_17_MIA_BAL,2023,17,BAL,MIA,1,0.46088386,0.4615458,0.44085678
2023_17_NE_BUF,2023,17,BUF,NE,1,0.75805956,0.7973435,0.7473938
2023_17_NO_TB,2023,17,TB,NO,0,0.37641713,0.38249284,0.37073576
2023_17_NYJ_CLE,2023,17,CLE,NYJ,1,0.71372724,0.70493174,0.7128454
2023_17_PIT_SEA,2023,17,SEA,PIT,0,0.6217845,0.6609517,0.6601333
2023_17_SF_WAS,2023,17,WAS,SF,0,0.3018382,0.31102327,0.37864473
2023_17_TEN_HOU,2023,17,HOU,TEN,1,0.4533332,0.44005114,0.40643868
2023_18_ATL_NO,2023,18,NO,ATL,1,0.6587641,0.663823,0.66084135
2023_18_BUF_MIA,2023,18,MIA,BUF,0,0.54502916,0.5453305,0.5696657
2023_18_CHI_GB,2023,18,GB,CHI,1,0.63048226,0.6190428,0.626666
2023_18_CLE_CIN,2023,18,CIN,CLE,1,0.4857334,0.5053055,0.49996042
2023_18_DAL_WAS,2023,18,WAS,DAL,0,0.30722454,0.30615532,0.3533012
2023_18_DEN_LV,2023,18,LV,DEN,1,0.56394476,0.5515086,0.57826716
2023_18_HOU_IND,2023,18,IND,HOU,0,0.5916565,0.6219944,0.594066
2023_18_JAX_TEN,2023,18,TEN,JAX,1,0.41812125,0.45531836,0.47311866
2023_18_KC_LAC,2023,18,LAC,KC,0,0.2993131,0.3068547,0.27081874
2023_18_LA_SF,2023,18,SF,LA,0,0.7362838,0.6862447,0.69557476
2023_18_MIN_DET,2023,18,DET,MIN,1,0.6952565,0.6748587,0.7190484
2023_18_NYJ_NE,2023,18,NE,NYJ,0,0.62360126,0.58156735,0.60340375
2023_18_PHI_NYG,2023,18,NYG,PHI,1,0.34233096,0.2745334,0.30767238
2023_18_PIT_BAL,2023,18,BAL,PIT,0,0.7475541,0.7559083,0.7587473
2023_18_SEA_ARI,2023,18,ARI,SEA,0,0.35064173,0.36464983,0.41193774
2023_18_TB_CAR,2023,18,CAR,TB,0,0.37513375,0.42556646,0.33215415
2024_01_ARI_BUF,2024,1,BUF,ARI,1,0.73971504,0.71328837,0.7132954
2024_01_BAL_KC,2024,1,KC,BAL,1,0.3577964,0.372121,0.34813586
2024_01_CAR_NO,2024,1,NO,CAR,1,0.7325736,0.7056232,0.70968604
2024_01_DAL_CLE,2024,1,CLE,DAL,0,0.42448267,0.42874554,0.40337977
2024_01_DEN_SEA,2024,1,SEA,DEN,1,0.6817753,0.68013567,0.6833505
2024_01_GB_PHI,2024,1,PHI,GB,1,0.54537624,0.55089396,0.54153764
2024_01_HOU_IND,2024,1,IND,HOU,0,0.58600575,0.5900514,0.5770867
2024_01_JAX_MIA,2024,1,MIA,JAX,1,0.6983255,0.67551005,0.67868906
2024_01_LA_DET,2024,1,DET,LA,1,0.57967466,0.58544004,0.5753232
2024_01_LV_LAC,2024,1,LAC,LV,1,0.4709502,0.48571235,0.49414527
2024_01_MIN_NYG,2024,1,NYG,MIN,0,0.34656298,0.35956764,0.35523093
2024_01_NE_CIN,2024,1,CIN,NE,0,0.6704688,0.65205,0.6510019
2024_01_NYJ_SF,2024,1,SF,NYJ,1,0.6724285,0.6534722,0.6515682
2024_01_PIT_ATL,2024,1,ATL,PIT,0,0.57394695,0.57724714,0.5714388
2024_01_TEN_CHI,2024,1,CHI,TEN,1,0.58600575,0.5900514,0.5782991
2024_01_WAS_TB,2024,1,TB,WAS,1,0.67657393,0.6574884,0.65343666
2024_02_ATL_PHI,2024,2,PHI,ATL,0,0.63494235,0.61646473,0.60494614
2024_02_BUF_MIA,2024,2,MIA,BUF,0,0.33377346,0.3389781,0.3944694
2024_02_CHI_HOU,2024,2,HOU,CHI,1,0.6003718,0.627733,0.6128798
2024_02_CIN_KC,2024,2,KC,CIN,1,0.6331582,0.63996696,0.6481669
2024_02_CLE_JAX,2024,2,JAX,CLE,0,0.57562685,0.5978356,0.60056615
2024_02_IND_GB,2024,2,GB,IND,1,0.66969645,0.70984316,0.7101237
2024_02_LAC_CAR,2024,2,CAR,LAC,0,0.37143457,0.36240306,0.3646841
2024_02_LA_ARI,2024,2,ARI,LA,1,0.30427456,0.31168646,0.3583272
2024_02_LV_BAL,2024,2,BAL,LV,0,0.7171022,0.70989925,0.71177316
2024_02_NO_DAL,2024,2,DAL,NO,0,0.54537624,0.55089396,0.54153764
2024_02_NYG_WAS,2024,2,WAS,NYG,1,0.5917835,0.5811832,0.5700527
2024_02_NYJ_TEN,2024,2,TEN,NYJ,0,0.5488665,0.5371611,0.51582813
2024_02_PIT_DEN,2024,2,DEN,PIT,0,0.30427456,0.31170985,0.34721512
2024_02_SEA_NE,2024,2,NE,SEA,0,0.39144278,0.39977962,0.38400093
2024_02_SF_MIN,2024,2,MIN,SF,1,0.39844045,0.40713832,0.39292145
2024_02_TB_DET,2024,2,DET,TB,0,0.558366,0.5657351,0.5586771
2024_03_BAL_DAL,2024,3,DAL,BAL,0,0.37820888,0.39089146,0.43248233
2024_03_CAR_LV,2024,3,LV,CAR,0,0.70334226,0.7013505,0.69891185
2024_03_CHI_IND,2024,3,IND,CHI,1,0.54694366,0.57529557,0.57912683
2024_03_DEN_TB,2024,3,TB,DEN,0,0.6563777,0.6742788,0.6686429
2024_03_DET_ARI,2024,3,ARI,DET,0,0.3943686,0.4028649,0.39417487
2024_03_GB_TEN,2024,3,TEN,GB,0,0.46234682,0.47181094,0.44282618
2024_03_HOU_MIN,2024,3,MIN,HOU,1,0.53077585,0.54226255,0.5179891
2024_03_JAX_BUF,2024,3,BUF,JAX,1,0.753265,0.75002795,0.7436357
2024_03_KC_ATL,2024,3,ATL,KC,0,0.44850576,0.4624287,0.43884996
2024_03_LAC_PIT,2024,3,PIT,LAC,1,0.34656298,0.34905782,0.34208405
2024_03_MIA_SEA,2024,3,SEA,MIA,1,0.5505653,0.5635869,0.5721311
2024_03_NE_NYJ,2024,3,NYJ,NE,1,0.42448267,0.42874554,0.46641007
2024_03_NYG_CLE,2024,3,CLE,NYG,0,0.61892575,0.6185715,0.611801
2024_03_PHI_NO,2024,3,NO,PHI,0,0.62306064,0.6281976,0.6196696
2024_03_SF_LA,2024,3,LA,SF,1,0.37143457,0.37975353,0.4398458
2024_03_WAS_CIN,2024,3,CIN,WAS,0,0.6385286,0.65962994,0.66194314
2024_04_BUF_BAL,2024,4,BAL,BUF,1,0.38443723,0.39916435,0.38989785
2024_04_CIN_CAR,2024,4,CAR,CIN,0,0.34747097,0.35956764,0.3540935
2024_04_CLE_LV,2024,4,LV,CLE,1,0.47318417,0.47787791,0.47439682
2024_04_DAL_NYG,2024,4,NYG,DAL,0,0.38676322,0.3924372,0.43637735
2024_04_DEN_NYJ,2024,4,NYJ,DEN,0,0.6380364,0.6692264,0.6698413
2024_04_JAX_HOU,2024,4,HOU,JAX,1,0.6653892,0.6348415,0.6434262
2024_04_KC_LAC,2024,4,LAC,KC,0,0.41064483,0.4199009,0.40163714
2024_04_LA_CHI,2024,4,CHI,LA,1,0.44852197,0.4299017,0.39811054
2024_04_MIN_GB,2024,4,GB,MIN,0,0.43165958,0.42808247,0.40404707
2024_04_NE_SF,2024,4,SF,NE,1,0.7088348,0.686623,0.68800443
2024_04_NO_ATL,2024,4,ATL,NO,1,0.41357896,0.4139323,0.42931232
2024_04_PHI_TB,2024,4,TB,PHI,1,0.4865258,0.49514863,0.5126195
2024_04_PIT_IND,2024,4,IND,PIT,1,0.43315035,0.41767257,0.41443387
2024_04_SEA_DET,2024,4,DET,SEA,1,0.49277017,0.4890517,0.4805855
2024_04_TEN_MIA,2024,4,MIA,TEN,0,0.6534678,0.6407543,0.63170785
2024_04_WAS_ARI,2024,4,ARI,WAS,0,0.37130737,0.39568937,0.37345836
2024_05_ARI_SF,2024,5,SF,ARI,0,0.7325736,0.6942904,0.68747544
2024_05_BAL_CIN,2024,5,CIN,BAL,0,0.30512345,0.30537215,0.29746798
2024_05_BUF_HOU,2024,5,HOU,BUF,1,0.3839158,0.37414595,0.37306088
2024_05_CAR_CHI,2024,5,CHI,CAR,1,0.6430704,0.6310162,0.6189704
2024_05_CLE_WAS,2024,5,WAS,CLE,1,0.61461353,0.60215217,0.5769363
2024_05_DAL_PIT,2024,5,PIT,DAL,0,0.39239773,0.38600704,0.4255169
2024_05_GB_LA,2024,5,LA,GB,0,0.5384405,0.54876536,0.56393033
2024_05_IND_JAX,2024,5,JAX,IND,1,0.54944813,0.5465709,0.5265114
2024_05_LV_DEN,2024,5,DEN,LV,1,0.6320552,0.5974981,0.5872534
2024_05_MIA_NE,2024,5,NE,MIA,0,0.30427456,0.31637663,0.30714735
2024_05_NO_KC,2024,5,KC,NO,1,0.37489235,0.38465506,0.4339361
2024_05_NYG_SEA,2024,5,SEA,NYG,0,0.69535774,0.685616,0.6927794
2024_05_NYJ_MIN,2024,5,MIN,NYJ,1,0.6603007,0.65273553,0.64737993
2024_05_TB_ATL,2024,5,ATL,TB,1,0.44180593,0.45741835,0.43188688
2024_06_ARI_GB,2024,6,GB,ARI,1,0.5801715,0.56592965,0.54331964
2024_06_ATL_CAR,2024,6,CAR,ATL,0,0.38046125,0.3948368,0.40217346
2024_06_BUF_NYJ,2024,6,NYJ,BUF,0,0.43690538,0.4416808,0.47916323
2024_06_CIN_NYG,2024,6,NYG,CIN,0,0.42448267,0.42874554,0.40337977
2024_06_CLE_PHI,2024,6,PHI,CLE,1,0.6297303,0.6055468,0.6011
2024_06_DET_DAL,2024,6,DAL,DET,0,0.37915164,0.39089146,0.36969167
2024_06_HOU_NE,2024,6,NE,HOU,0,0.37489235,0.38698518,0.36878884
2024_06_IND_TEN,2024,6,TEN,IND,0,0.42350408,0.40677112,0.4523537
2024_06_JAX_CHI,2024,6,CHI,JAX,1,0.4954675,0.47542068,0.4455441
2024_06_LAC_DEN,2024,6,DEN,LAC,0,0.49538207,0.4653408,0.43331116
2024_06_PIT_LV,2024,6,LV,PIT,0,0.44634244,0.4490551,0.43129635
2024_06_SF_SEA,2024,6,SEA,SF,0,0.37143457,0.39192605,0.45118275
2024_06_TB_NO,2024,6,NO,TB,0,0.6309132,0.6347738,0.61666983
2024_06_WAS_BAL,2024,6,BAL,WAS,1,0.69888365,0.69276583,0.6934738
2024_07_BAL_TB,2024,7,TB,BAL,0,0.37130737,0.38026953,0.42902225
2024_07_CAR_WAS,2024,7,WAS,CAR,1,0.71754825,0.68396765,0.67251146
2024_07_CIN_CLE,2024,7,CLE,CIN,0,0.43591985,0.4416808,0.41216993
2024_07_DEN_NO,2024,7,NO,DEN,0,0.52653205,0.52546537,0.51315755
2024_07_DET_MIN,2024,7,MIN,DET,0,0.41064483,0.39986622,0.3997729
2024_07_HOU_GB,2024,7,GB,HOU,1,0.5366502,0.5395687,0.52260953
2024_07_KC_SF,2024,7,SF,KC,0,0.6374266,0.61412144,0.6059141
2024_07_LAC_ARI,2024,7,ARI,LAC,1,0.5416106,0.5132258,0.51933
2024_07_LV_LA,2024,7,LA,LV,1,0.5908317,0.59321094,0.59011626
2024_07_MIA_IND,2024,7,IND,MIA,1,0.49345878,0.51720667,0.5077044
2024_07_NE_JAX,2024,7,JAX,NE,1,0.6704688,0.6926439,0.6869255
2024_07_NYJ_PIT,2024,7,PIT,NYJ,1,0.6278183,0.61776066,0.6020332
2024_07_PHI_NYG,2024,7,NYG,PHI,0,0.37224323,0.38026953,0.4254088
2024_07_SEA_ATL,2024,7,ATL,SEA,0,0.53664386,0.5475455,0.5412797
2024_07_TEN_BUF,2024,7,BUF,TEN,1,0.6664578,0.6894953,0.67955995
2024_08_ARI_MIA,2024,8,MIA,ARI,0,0.44951332,0.45440996,0.41975445
2024_08_ATL_TB,2024,8,TB,ATL,0,0.6125403,0.61037904,0.6168845
2024_08_BAL_CLE,2024,8,CLE,BAL,1,0.42448267,0.40770766,0.4636264
2024_08_BUF_SEA,2024,8,SEA,BUF,0,0.30512345,0.30422366,0.3627484
2024_08_CAR_DEN,2024,8,DEN,CAR,1,0.71756923,0.65669245,0.6537576
2024_08_CHI_WAS,2024,8,WAS,CHI,1,0.61461353,0.62303776,0.61170524
2024_08_DAL_SF,2024,8,SF,DAL,1,0.70136213,0.65898526,0.65292853
2024_08_GB_JAX,2024,8,JAX,GB,0,0.43719622,0.44342342,0.42516416
2024_08_IND_HOU,2024,8,HOU,IND,1,0.60695213,0.62523645,0.6277088
2024_08_KC_LV,2024,8,LV,KC,0,0.30512345,0.30536565,0.30570114
2024_08_MIN_LA,2024,8,LA,MIN,1,0.55690885,0.54351485,0.5491335
2024_08_NO_LAC,2024,8,LAC,NO,1,0.51955754,0.54580003,0.52040833
2024_08_NYG_PIT,2024,8,PIT,NYG,1,0.7094081,0.6843735,0.6861444
2024_08_NYJ_NE,2024,8,NE,NYJ,1,0.37489235,0.36742166,0.35478592
2024_08_PHI_CIN,2024,8,CIN,PHI,0,0.4903351,0.49755445,0.4961971
2024_08_TEN_DET,2024,8,DET,TEN,1,0.6981051,0.72488517,0.7217472
2024_09_CHI_ARI,2024,9,ARI,CHI,1,0.5430302,0.56348187,0.5612433
2024_09_DAL_ATL,2024,9,ATL,DAL,1,0.65944296,0.6526029,0.6521906
2024_09_DEN_BAL,2024,9,BAL,DEN,1,0.6316358,0.65312093,0.6388238
2024_09_DET_GB,2024,9,GB,DET,0,0.30427456,0.30900398,0.28862038
2024_09_HOU_NYJ,2024,9,NYJ,HOU,1,0.46234682,0.47426212,0.4473812
2024_09_IND_MIN,2024,9,MIN,IND,1,0.69888365,0.71241075,0.71329945
2024_09_JAX_PHI,2024,9,PHI,JAX,1,0.636305,0.6362432,0.61666983
2024_09_LAC_CLE,2024,9,CLE,LAC,0,0.43719622,0.4327326,0.41446763
2024_09_LA_SEA,2024,9,SEA,LA,0,0.5290767,0.52243227,0.50852597
2024_09_LV_CIN,2024,9,CIN,LV,1,0.67331654,0.6771388,0.6767448
2024_09_MIA_BUF,2024,9,BUF,MIA,1,0.7421944,0.73575103,0.7363047
2024_09_NE_TEN,2024,9,TEN,NE,1,0.59876466,0.5886441,0.57030654
2024_09_NO_CAR,2024,9,CAR,NO,1,0.3670573,0.3847806,0.36918077
2024_09_TB_KC,2024,9,KC,TB,1,0.621223,0.62687606,0.6043743
2024_09_WAS_NYG,2024,9,NYG,WAS,0,0.42448267,0.4447205,0.4800714
2024_10_ATL_NO,2024,10,NO,ATL,1,0.47535992,0.47853306,0.4468637
2024_10_BUF_IND,2024,10,IND,BUF,0,0.33377346,0.32829547,0.3310154
2024_10_CIN_BAL,2024,10,BAL,CIN,1,0.7362778,0.7112343,0.7119508
2024_10_DEN_KC,2024,10,KC,DEN,1,0.62954926,0.6654374,0.65917766
2024_10_DET_HOU,2024,10,HOU,DET,0,0.37200445,0.3619065,0.36032572
2024_10_MIA_LA,2024,10,LA,MIA,0,0.65348387,0.63990784,0.64408606
2024_10_MIN_JAX,2024,10,JAX,MIN,0,0.3605749,0.36021972,0.35565487
2024_10_NE_CHI,2024,10,CHI,NE,0,0.63232106,0.6400281,0.6196696
2024_10_NYG_CAR,2024,10,CAR,NYG,1,0.38443723,0.38241583,0.41311544
2024_10_NYJ_ARI,2024,10,ARI,NYJ,1,0.5504874,0.54166794,0.54193264
2024_10_PHI_DAL,2024,10,DAL,PHI,0,0.30512345,0.30498967,0.36176845
2024_10_PIT_WAS,2024,10,WAS,PIT,0,0.61323714,0.59502053,0.593459
2024_10_SF_TB,2024,10,TB,SF,0,0.30427456,0.31168646,0.3583272
2024_10_TEN_LAC,2024,10,LAC,TEN,1,0.6504625,0.6685948,0.6698572
2024_11_ATL_DEN,2024,11,DEN,ATL,1,0.42350408,0.40459496,0.38202435
2024_11_BAL_PIT,2024,11,PIT,BAL,1,0.42448267,0.42874554,0.40337977
2024_11_CIN_LAC,2024,11,LAC,CIN,1,0.4935473,0.4981549,0.46136883
2024_11_CLE_NO,2024,11,NO,CLE,1,0.589028,0.6174319,0.61971205
2024_11_GB_CHI,2024,11,CHI,GB,0,0.48078293,0.45941845,0.4360586
2024_11_HOU_DAL,2024,11,DAL,HOU,0,0.38303965,0.37709817,0.42005524
2024_11_IND_NYJ,2024,11,NYJ,IND,0,0.6385286,0.6449009,0.65709364
2024_11_JAX_DET,2024,11,DET,JAX,1,0.7178516,0.71931964,0.72072476
2024_11_KC_BUF,2024,11,BUF,KC,1,0.60476106,0.58471465,0.5821442
2024_11_LA_NE,2024,11,NE,LA,0,0.32172808,0.31517217,0.31320888
2024_11_LV_MIA,2024,11,MIA,LV,1,0.6737321,0.65319985,0.65870905
2024_11_MIN_TEN,2024,11,TEN,MIN,0,0.3100635,0.3074217,0.3507685
2024_11_SEA_SF,2024,11,SF,SEA,0,0.7354796,0.7046212,0.6923088
2024_11_WAS_PHI,2024,11,PHI,WAS,1,0.4443981,0.46213454,0.42503595
2024_12_ARI_SEA,2024,12,SEA,ARI,1,0.39844045,0.40662143,0.39225534
2024_12_BAL_LAC,2024,12,LAC,BAL,0,0.42448267,0.42874554,0.40337977
2024_12_DAL_WAS,2024,12,WAS,DAL,0,0.6866434,0.67418134,0.6790142
2024_12_DEN_LV,2024,12,LV,DEN,0,0.41357896,0.43146467,0.44084707
2024_12_DET_IND,2024,12,IND,DET,0,0.30512345,0.30384845,0.30480158
2024_12_KC_CAR,2024,12,CAR,KC,0,0.30512345,0.30339882,0.2914933
2024_12_MIN_CHI,2024,12,CHI,MIN,0,0.39714178,0.37992805,0.44361654
2024_12_NE_MIA,2024,12,MIA,NE,1,0.72490174,0.7373792,0.73448306
2024_12_PHI_LA,2024,12,LA,PHI,0,0.43418837,0.4321006,0.4038068
2024_12_PIT_CLE,2024,12,CLE,PIT,1,0.352329,0.34797367,0.32786548
2024_12_SF_GB,2024,12,GB,SF,1,0.32172808,0.33121055,0.3244401
2024_12_TB_NYG,2024,12,NYG,TB,0,0.48078293,0.48283443,0.4536203
2024_12_TEN_HOU,2024,12,HOU,TEN,0,0.6653892,0.6489658,0.65124696
2024_13_ARI_MIN,2024,13,MIN,ARI,1,0.45165646,0.4576081,0.42444822
2024_13_CHI_DET,2024,13,DET,CHI,1,0.73971504,0.74948275,0.7453155
2024_13_CLE_DEN,2024,13,DEN,CLE,1,0.68517697,0.6705674,0.66949964
2024_13_HOU_JAX,2024,13,JAX,HOU,0,0.42893824,0.43107313,0.42295334
2024_13_IND_NE,2024,13,NE,IND,0,0.54944813,0.55806345,0.5868891
2024_13_LAC_ATL,2024,13,ATL,LAC,0,0.5239295,0.5217416,0.53414834
2024_13_LA_NO,2024,13,NO,LA,0,0.54098254,0.54539216,0.54179364
2024_13_LV_KC,2024,13,KC,LV,1,0.7362778,0.73379785,0.73599464
2024_13_MIA_GB,2024,13,GB,MIA,1,0.5591123,0.55674076,0.549672
2024_13_NYG_DAL,2024,13,DAL,NYG,1,0.6675359,0.6738177,0.67575955
2024_13_PHI_BAL,2024,13,BAL,PHI,0,0.66172683,0.66107345,0.66514176
2024_13_PIT_CIN,2024,13,CIN,PIT,0,0.46104404,0.46618482,0.4535766
2024_13_SEA_NYJ,2024,13,NYJ,SEA,0,0.48078293,0.48529032,0.5213751
2024_13_SF_BUF,2024,13,BUF,SF,1,0.5405192,0.56647706,0.5813198
2024_13_TB_CAR,2024,13,CAR,TB,0,0.43719622,0.42338642,0.40716448
2024_13_TEN_WAS,2024,13,WAS,TEN,1,0.6614946,0.6280207,0.62212443
2024_14_ATL_MIN,2024,14,MIN,ATL,1,0.5896643,0.5897102,0.56865185
2024_14_BUF_LA,2024,14,LA,BUF,1,0.37237054,0.38958508,0.38520822
2024_14_CAR_PHI,2024,14,PHI,CAR,1,0.7421944,0.73709226,0.737641
2024_14_CHI_SF,2024,14,SF,CHI,1,0.7066323,0.70939684,0.70889765
2024_14_CIN_DAL,2024,14,DAL,CIN,0,0.49017078,0.46327022,0.49600258
2024_14_CLE_PIT,2024,14,PIT,CLE,1,0.6604883,0.6793064,0.67988735
2024_14_GB_DET,2024,14,DET,GB,1,0.69888365,0.6989233,0.70504194
2024_14_JAX_TEN,2024,14,TEN,JAX,0,0.4935473,0.47088346,0.43920338
2024_14_LAC_KC,2024,14,KC,LAC,1,0.65247613,0.6499123,0.6501877
2024_14_LV_TB,2024,14,TB,LV,1,0.7026135,0.7088378,0.7160563
2024_14_NO_NYG,2024,14,NYG,NO,0,0.36202264,0.35150543,0.34958288
2024_14_NYJ_MIA,2024,14,MIA,NYJ,1,0.6534678,0.65273553,0.6515784
2024_14_SEA_ARI,2024,14,ARI,SEA,0,0.5963157,0.6049707,0.60437024
2024_15_ATL_LV,2024,15,LV,ATL,0,0.34747097,0.33869624,0.40849012
2024_15_BAL_NYG,2024,15,NYG,BAL,0,0.32929888,0.32487032,0.38492352
2024_15_BUF_DET,2024,15,DET,BUF,0,0.60156834,0.59667456,0.60292786
2024_15_CHI_MIN,2024,15,MIN,CHI,1,0.70400673,0.7227994,0.7200066
2024_15_CIN_TEN,2024,15,TEN,CIN,0,0.46234682,0.43993875,0.42364448
2024_15_DAL_CAR,2024,15,CAR,DAL,0,0.38458142,0.3949112,0.37696275
2024_15_GB_SEA,2024,15,SEA,GB,0,0.4496209,0.45886216,0.50365233
2024_15_IND_DEN,2024,15,DEN,IND,1,0.69888365,0.6974673,0.7036064
2024_15_KC_CLE,2024,15,CLE,KC,0,0.39844045,0.38516638,0.38792685
2024_15_LA_SF,2024,15,SF,LA,0,0.6244807,0.6131278,0.5997245
2024_15_MIA_HOU,2024,15,HOU,MIA,1,0.4253807,0.40878153,0.39090028
2024_15_NE_ARI,2024,15,ARI,NE,1,0.60089034,0.6439399,0.6371595
2024_15_NYJ_JAX,2024,15,JAX,NYJ,0,0.5796296,0.5778163,0.5670077
2024_15_PIT_PHI,2024,15,PHI,PIT,1,0.6738919,0.6713846,0.67013246
2024_15_TB_LAC,2024,15,LAC,TB,0,0.42448267,0.42874554,0.40337977
2024_15_WAS_NO,2024,15,NO,WAS,0,0.42448267,0.4447205,0.41305187
2024_16_ARI_CAR,2024,16,CAR,ARI,1,0.45036864,0.433761,0.4208555
2024_16_CLE_CIN,2024,16,CIN,CLE,1,0.6279393,0.64948106,0.64103967
2024_16_DEN_LAC,2024,16,LAC,DEN,1,0.3959059,0.4297189,0.4101006
2024_16_DET_CHI,2024,16,CHI,DET,0,0.30427456,0.30073357,0.28862038
2024_16_HOU_KC,2024,16,KC,HOU,1,0.63635814,0.6365223,0.6401656
2024_16_JAX_LV,2024,16,LV,JAX,1,0.3841576,0.38234848,0.37079433
2024_16_LA_NYJ,2024,16,NYJ,LA,0,0.41065753,0.41763544,0.3941075
2024_16_MIN_SEA,2024,16,SEA,MIN,0,0.30427456,0.32203782,0.3679724
2024_16_NE_BUF,2024,16,BUF,NE,1,0.753265,0.7536384,0.7499574
2024_16_NO_GB,2024,16,GB,NO,1,0.65643775,0.6932871,0.6874713
2024_16_NYG_ATL,2024,16,ATL,NYG,1,0.70299107,0.7227994,0.7200066
2024_16_PHI_WAS,2024,16,WAS,PHI,1,0.4632458,0.45963293,0.4466107
2024_16_PIT_BAL,2024,16,BAL,PIT,1,0.7205769,0.6987341,0.69109744
2024_16_SF_MIA,2024,16,MIA,SF,1,0.33377346,0.34296986,0.39521706
2024_16_TB_DAL,2024,16,DAL,TB,1,0.46760815,0.44093925,0.41914782
2024_16_TEN_IND,2024,16,IND,TEN,1,0.55225235,0.5435021,0.53763014
2024_17_ARI_LA,2024,17,LA,ARI,1,0.6405134,0.6418365,0.6423418
2024_17_ATL_WAS,2024,17,WAS,ATL,1,0.619952,0.6444922,0.6188191
2024_17_BAL_HOU,2024,17,HOU,BAL,0,0.4116276,0.39763477,0.3966605
2024_17_CAR_TB,2024,17,TB,CAR,1,0.73765963,0.7348727,0.73315185
2024_17_DAL_PHI,2024,17,PHI,DAL,1,0.69565284,0.689594,0.6904878
2024_17_DEN_CIN,2024,17,CIN,DEN,1,0.47318417,0.51411337,0.50075954
2024_17_DET_SF,2024,17,SF,DET,0,0.39845172,0.38551053,0.3782542
2024_17_GB_MIN,2024,17,MIN,GB,1,0.57552624,0.5775258,0.55213994
2024_17_IND_NYG,2024,17,NYG,IND,1,0.38443723,0.4043975,0.39169267
2024_17_KC_PIT,2024,17,PIT,KC,0,0.34747097,0.35956764,0.3540935
2024_17_LAC_NE,2024,17,NE,LAC,0,0.5136201,0.49717104,0.5206663
2024_17_LV_NO,2024,17,NO,LV,0,0.636305,0.61916083,0.5913628
2024_17_MIA_CLE,2024,17,CLE,MIA,0,0.39748043,0.38466287,0.37293613
2024_17_NYJ_BUF,2024,17,BUF,NYJ,1,0.7262112,0.7302725,0.72463506
2024_17_SEA_CHI,2024,17,CHI,SEA,0,0.4087571,0.39802676,0.38099948
2024_17_TEN_JAX,2024,17,JAX,TEN,1,0.6257813,0.6361939,0.6484635
2024_18_BUF_NE,2024,18,NE,BUF,1,0.30512345,0.30384845,0.36518487
2024_18_CAR_ATL,2024,18,ATL,CAR,0,0.7148982,0.65669245,0.6537576
2024_18_CHI_GB,2024,18,GB,CHI,0,0.71015716,0.7186108,0.7115474
2024_18_CIN_PIT,2024,18,PIT,CIN,0,0.46234682,0.47181094,0.44861022
2024_18_CLE_BAL,2024,18,BAL,CLE,1,0.7490944,0.7552496,0.7564726
2024_18_HOU_TEN,2024,18,TEN,HOU,0,0.37489235,0.38982132,0.43578887
2024_18_JAX_IND,2024,18,IND,JAX,1,0.5370659,0.5408118,0.5469675
2024_18_KC_DEN,2024,18,DEN,KC,1,0.34656298,0.33701482,0.3932152
2024_18_LAC_LV,2024,18,LV,LAC,0,0.40956536,0.40569574,0.3964041
2024_18_MIA_NYJ,2024,18,NYJ,MIA,1,0.44499463,0.47128662,0.4505335
2024_18_MIN_DET,2024,18,DET,MIN,1,0.6593971,0.66795033,0.67639875
2024_18_NO_TB,2024,18,TB,NO,1,0.696124,0.7232295,0.7092491
2024_18_NYG_PHI,2024,18,PHI,NYG,1,0.74546707,0.71328837,0.7132954
2024_18_SEA_LA,2024,18,LA,SEA,0,0.66258925,0.6474923,0.64813095
2024_18_SF_ARI,2024,18,ARI,SF,1,0.3670573,0.38157228,0.43216154
2024_18_WAS_DAL,2024,18,DAL,WAS,0,0.4116276,0.41763544,0.39851987
