game_id,season,week,game_date,home_team,away_team,home_projected_qb_name,away_projected_qb_name,home_team_latest_week,away_team_latest_week,home_win_prob_v4_a,home_win_prob_v4_qb_plus,away_win_prob_v4_a,away_win_prob_v4_qb_plus,qb_probability_impact,predicted_winner,predicted_winner_probability
2026_06_SEA_DEN,2026,6,2026-10-15,DEN,SEA,Bo Nix,Sam Darnold,4,4,0.37861659935819264,0.3682339315525769,0.6213834006418073,0.6317660684474231,-0.010382667805615753,SEA,0.6317660684474231
2026_06_ARI_LA,2026,6,2026-10-18,LA,ARI,Matthew Stafford,Jacoby Brissett,4,4,0.7393242613316505,0.7378926163537289,0.2606757386683495,0.26210738364627106,-0.0014316449779215867,LA,0.7378926163537289
2026_06_BAL_CLE,2026,6,2026-10-18,CLE,BAL,Deshaun Watson,Lamar Jackson,4,4,0.27170145863709205,0.26566616314589814,0.728298541362908,0.7343338368541019,-0.006035295491193915,BAL,0.7343338368541019
2026_06_BUF_LV,2026,6,2026-10-18,LV,BUF,Kirk Cousins,Josh Allen,4,4,0.33249354899657113,0.33800513585403813,0.6675064510034289,0.6619948641459619,0.005511586857466999,BUF,0.6619948641459619
2026_06_CAR_PHI,2026,6,2026-10-18,PHI,CAR,Jalen Hurts,Bryce Young,4,4,0.41960411968649336,0.4529323656705348,0.5803958803135066,0.5470676343294651,0.03332824598404144,CAR,0.5470676343294651
2026_06_CHI_ATL,2026,6,2026-10-18,ATL,CHI,Michael Penix Jr.,Tyson Bagent,4,4,0.46936135220741076,0.5437688187187778,0.5306386477925893,0.4562311812812222,0.07440746651136704,ATL,0.5437688187187778
2026_06_DAL_GB,2026,6,2026-10-18,GB,DAL,Jordan Love,Dak Prescott,4,5,0.47348560856419103,0.4725613025975355,0.526514391435809,0.5274386974024645,-0.0009243059666555475,DAL,0.5274386974024645
2026_06_HOU_JAX,2026,6,2026-10-18,JAX,HOU,Trevor Lawrence,C.J. Stroud,4,4,0.7261903012655885,0.7418683293294771,0.2738096987344115,0.2581316706705229,0.015678028063888627,JAX,0.7418683293294771
2026_06_LAC_KC,2026,6,2026-10-18,KC,LAC,Patrick Mahomes,Justin Herbert,4,4,0.7533200665085789,0.7600536295650866,0.24667993349142114,0.2399463704349134,0.006733563056507741,KC,0.7600536295650866
2026_06_NO_NYG,2026,6,2026-10-18,NYG,NO,Jameis Winston,Tyler Shough,4,4,0.5342664025313341,0.5289729239169444,0.46573359746866594,0.4710270760830556,-0.005293478614389668,NYG,0.5289729239169444
2026_06_NYJ_NE,2026,6,2026-10-18,NE,NYJ,Drake Maye,Geno Smith,4,4,0.6749201740974294,0.6216836957194108,0.32507982590257056,0.37831630428058916,-0.05323647837801859,NE,0.6216836957194108
2026_06_PIT_TB,2026,6,2026-10-18,TB,PIT,Jalon Daniels,Aaron Rodgers,5,4,0.5570327582539102,0.5034298929835541,0.4429672417460898,0.4965701070164459,-0.05360286527035607,TB,0.5034298929835541
2026_06_TEN_IND,2026,6,2026-10-18,IND,TEN,Daniel Jones,Cam Ward,4,4,0.6744858322785997,0.6797554169278552,0.3255141677214003,0.32024458307214476,0.005269584649255532,IND,0.6797554169278552
2026_06_WAS_SF,2026,6,2026-10-19,SF,WAS,Brock Purdy,Athan Kaliakmanis,4,4,0.8192490717005141,0.890937726138606,0.1807509282994859,0.109062273861394,0.07168865443809191,SF,0.890937726138606
