game_id,season,week,home_team,away_team,home_win,prob_v4_a,prob_v4_d,prob_v4_d_plus
2022_01_BAL_NYJ,2022,1,NYJ,BAL,0,0.3659051227737844,0.3677743348948403,0.3679674851770691
2022_01_BUF_LA,2022,1,LA,BUF,0,0.400188159853625,0.4015074059123742,0.4016979185151794
2022_01_CLE_CAR,2022,1,CAR,CLE,0,0.40944958307286683,0.40972175860656807,0.40992275794166577
2022_01_DEN_SEA,2022,1,SEA,DEN,1,0.47624977570644483,0.4769999437538701,0.4772042773790858
2022_01_GB_MIN,2022,1,MIN,GB,1,0.3823234105878398,0.38345059539907794,0.38310637744762316
2022_01_JAX_WAS,2022,1,WAS,JAX,1,0.5583855910943714,0.5585709699886089,0.558769394590682
2022_01_KC_ARI,2022,1,ARI,KC,0,0.4542587570939992,0.45481894104791915,0.4550196440154377
2022_01_LV_LAC,2022,1,LAC,LV,1,0.606422854535012,0.6074674636413796,0.6071214229960572
2022_01_NE_MIA,2022,1,MIA,NE,1,0.35364976836209094,0.35524157570021136,0.35490357040413567
2022_01_NO_ATL,2022,1,ATL,NO,0,0.3731530261325839,0.3754544278079975,0.3751088629415141
2022_01_NYG_TEN,2022,1,TEN,NYG,0,0.6953409850544071,0.6951016425474579,0.6952593411673453
2022_01_PHI_DET,2022,1,DET,PHI,0,0.35078047419886027,0.35221164030196744,0.35238753857974725
2022_01_PIT_CIN,2022,1,CIN,PIT,0,0.6295016157592501,0.6294642989566067,0.629114738438501
2022_01_SF_CHI,2022,1,CHI,SF,1,0.33102469006706775,0.33257679793317596,0.33276555338374114
2022_01_TB_DAL,2022,1,DAL,TB,0,0.47742401297374315,0.4784203127484298,0.4786197902868774
2022_02_ARI_LV,2022,2,LV,ARI,0,0.4643958190264846,0.4645419198960471,0.4647401593984387
2022_02_ATL_LA,2022,2,LA,ATL,1,0.5960220248270633,0.6174446564633292,0.6176438377631323
2022_02_CAR_NYG,2022,2,NYG,CAR,1,0.4457587761366459,0.44679399160438144,0.4469928723190191
2022_02_CHI_GB,2022,2,GB,CHI,1,0.6474874653582837,0.6472748789876174,0.6469388781138143
2022_02_CIN_DAL,2022,2,DAL,CIN,1,0.5549050831311387,0.5550723622569508,0.5552843135561158
2022_02_HOU_DEN,2022,2,DEN,HOU,1,0.7120016127292407,0.7282357254324939,0.7284167497993402
2022_02_IND_JAX,2022,2,JAX,IND,1,0.38884527641474387,0.38974619687830003,0.3893996327562482
2022_02_LAC_KC,2022,2,KC,LAC,1,0.6238148181220962,0.5953286011605216,0.5950082258126953
2022_02_MIA_BAL,2022,2,BAL,MIA,0,0.5396900659180702,0.5396275543989509,0.5398309507027044
2022_02_MIN_PHI,2022,2,PHI,MIN,1,0.5849572926672425,0.5848060369061102,0.5850123163220434
2022_02_NE_PIT,2022,2,PIT,NE,0,0.3777173185721699,0.37945994255983445,0.37965540345443205
2022_02_NYJ_CLE,2022,2,CLE,NYJ,0,0.6977982112000771,0.6976759642934246,0.6978484278914237
2022_02_SEA_SF,2022,2,SF,SEA,1,0.598114004675698,0.5470098860608759,0.5466631336456961
2022_02_TB_NO,2022,2,NO,TB,0,0.3407004026123459,0.3417975436819711,0.34147864724319377
2022_02_TEN_BUF,2022,2,BUF,TEN,1,0.6864647258935004,0.7048291674770509,0.705010532335069
2022_02_WAS_DET,2022,2,DET,WAS,1,0.4880993808408756,0.48962444864785826,0.48982867873943625
2022_03_ATL_SEA,2022,3,SEA,ATL,0,0.5638221557296743,0.563816220938897,0.5640129590912073
2022_03_BAL_NE,2022,3,NE,BAL,0,0.5802162347739817,0.5804799050274084,0.5806839066732643
2022_03_BUF_MIA,2022,3,MIA,BUF,1,0.30602803804895895,0.2655511702431819,0.2652749576870478
2022_03_CIN_NYJ,2022,3,NYJ,CIN,0,0.36274242372392984,0.36418857010768735,0.3643832900650622
2022_03_DAL_NYG,2022,3,NYG,DAL,0,0.3642957390769224,0.36600662022233826,0.3656770301958687
2022_03_DET_MIN,2022,3,MIN,DET,1,0.5632745859427255,0.5840749704100541,0.5837468194919456
2022_03_GB_TB,2022,3,TB,GB,0,0.5325990753807838,0.5329045396821667,0.5331009213927714
2022_03_HOU_CHI,2022,3,CHI,HOU,1,0.5528082405709693,0.5538024491001322,0.5540098894243807
2022_03_JAX_LAC,2022,3,LAC,JAX,0,0.6017533950552283,0.6240624351150698,0.6242632449564891
2022_03_KC_IND,2022,3,IND,KC,1,0.28961369242683627,0.2926257914904261,0.2927950711858586
2022_03_LA_ARI,2022,3,ARI,LA,0,0.5360780717700682,0.5367506949691218,0.5364013205863896
2022_03_LV_TEN,2022,3,TEN,LV,1,0.5101448720105307,0.5320223123226921,0.532248896161809
2022_03_NO_CAR,2022,3,CAR,NO,1,0.4925754284219836,0.4935992873298006,0.49325007884425937
2022_03_PHI_WAS,2022,3,WAS,PHI,0,0.30380590717568984,0.2629165422211734,0.26263697223195276
2022_03_PIT_CLE,2022,3,CLE,PIT,1,0.6461970179406723,0.618417854674677,0.6180990277803744
2022_03_SF_DEN,2022,3,DEN,SF,1,0.47303398457794443,0.47447581115697324,0.47467642888183825
2022_04_ARI_CAR,2022,4,CAR,ARI,0,0.4570117574215282,0.4572537232329286,0.45746299590782896
2022_04_BUF_BAL,2022,4,BAL,BUF,0,0.3230234516239774,0.32474335536277593,0.32492294816934175
2022_04_CHI_NYG,2022,4,NYG,CHI,1,0.4886520847114135,0.5104981253576658,0.5107249645619072
2022_04_CLE_ATL,2022,4,ATL,CLE,1,0.3503609581744686,0.3544305022060299,0.3545979321493772
2022_04_DEN_LV,2022,4,LV,DEN,1,0.43245211200741596,0.43340711875568266,0.43304746721512904
2022_04_JAX_PHI,2022,4,PHI,JAX,1,0.6150994074954941,0.6163268825864036,0.6165336014797593
2022_04_KC_TB,2022,4,TB,KC,0,0.4384586611638914,0.4380949069033384,0.43830671770521734
2022_04_LAC_HOU,2022,4,HOU,LAC,0,0.3613203694343511,0.36269572466563604,0.362891880331317
2022_04_LA_SF,2022,4,SF,LA,1,0.5384248586380593,0.538395682415786,0.5380406219109398
2022_04_MIA_CIN,2022,4,CIN,MIA,1,0.4963103553336359,0.46636663736854694,0.46661322010813544
2022_04_MIN_NO,2022,4,NO,MIN,0,0.526306979226312,0.475002388285885,0.4752028485112866
2022_04_NE_GB,2022,4,GB,NE,1,0.5660614518064231,0.5664826475107999,0.5666761535849645
2022_04_NYJ_PIT,2022,4,PIT,NYJ,0,0.6119808639972445,0.633101810749255,0.6333158654851956
2022_04_SEA_DET,2022,4,DET,SEA,0,0.4831760311463025,0.48516212378105467,0.48536954597187315
2022_04_TEN_IND,2022,4,IND,TEN,0,0.46843627122898507,0.4689307544074754,0.46857814932244846
2022_04_WAS_DAL,2022,4,DAL,WAS,1,0.6467757116370412,0.6663660823698243,0.666071598130235
2022_05_ATL_TB,2022,5,TB,ATL,1,0.6659251835770742,0.6651213925147379,0.6647891795656004
2022_05_CHI_MIN,2022,5,MIN,CHI,1,0.607971113463459,0.608035678842355,0.6076755090754459
2022_05_CIN_BAL,2022,5,BAL,CIN,1,0.5159940348163451,0.5201620704208476,0.5197843134965673
2022_05_DAL_LA,2022,5,LA,DAL,0,0.4682220777265597,0.4900659585886146,0.4902809495494728
2022_05_DET_NE,2022,5,NE,DET,1,0.6636204234144168,0.6623669835628686,0.6625522055593143
2022_05_HOU_JAX,2022,5,JAX,HOU,0,0.6990983302338656,0.6984916271843905,0.6981754684191482
2022_05_IND_DEN,2022,5,DEN,IND,0,0.5698035658750078,0.540807568506215,0.5410517000021435
2022_05_LAC_CLE,2022,5,CLE,LAC,0,0.5504553463394342,0.5515797228925814,0.5517877245499163
2022_05_LV_KC,2022,5,KC,LV,1,0.7090960839677819,0.7093293102368733,0.7090239266805898
2022_05_MIA_NYJ,2022,5,NYJ,MIA,1,0.33827177698818744,0.34245880702520454,0.34212706266065224
2022_05_NYG_GB,2022,5,GB,NYG,0,0.7060855666393293,0.6621155042771005,0.6622935885752764
2022_05_PHI_ARI,2022,5,ARI,PHI,0,0.3674653991352219,0.36811397492504516,0.36829897693940533
2022_05_PIT_BUF,2022,5,BUF,PIT,1,0.7818373012848031,0.7812992534703901,0.7814253917411573
2022_05_SEA_NO,2022,5,NO,SEA,1,0.5364315336728194,0.5354174614503732,0.5356229580795426
2022_05_SF_CAR,2022,5,CAR,SF,0,0.33089455432729936,0.2882468479329655,0.28843453392034935
2022_05_TEN_WAS,2022,5,WAS,TEN,0,0.4070534029166956,0.4081171364161283,0.4083187458715874
2022_06_ARI_SEA,2022,6,SEA,ARI,1,0.5022106492283311,0.5030747224701451,0.5026986664589101
2022_06_BAL_NYG,2022,6,NYG,BAL,1,0.4065045567192292,0.4078663649392018,0.4080679032712908
2022_06_BUF_KC,2022,6,KC,BUF,0,0.4492207451286214,0.47208997714105466,0.47230997449323336
2022_06_CAR_LA,2022,6,LA,CAR,1,0.6050525214289956,0.6053206352417445,0.6054933648358946
2022_06_CIN_NO,2022,6,NO,CIN,0,0.5429866843632934,0.5424800945283793,0.5426803928177234
2022_06_DAL_PHI,2022,6,PHI,DAL,1,0.6489095324402466,0.6495245644233031,0.6491936232155141
2022_06_DEN_LAC,2022,6,LAC,DEN,1,0.5909169025345348,0.5946750951313543,0.5942972574338542
2022_06_JAX_IND,2022,6,IND,JAX,1,0.4057769821401497,0.42901191204804145,0.42867006611508823
2022_06_MIN_MIA,2022,6,MIA,MIN,0,0.49428781903216223,0.49485831063523067,0.4950540298772025
2022_06_NE_CLE,2022,6,CLE,NE,0,0.4666619116807043,0.4681609729700773,0.4683621481354436
2022_06_NYJ_GB,2022,6,GB,NYJ,0,0.6910226506839007,0.6906335742295201,0.6908048961112484
2022_06_SF_ATL,2022,6,ATL,SF,1,0.31344986624628435,0.31594578980998156,0.3161256267755266
2022_06_TB_PIT,2022,6,PIT,TB,1,0.31508202429548654,0.3166309764311996,0.3168191822291269
2022_06_WAS_CHI,2022,6,CHI,WAS,0,0.46446156228676566,0.43667768014974023,0.43692989370402535
2022_07_ATL_CIN,2022,7,CIN,ATL,1,0.6203437997539756,0.6198076268050428,0.619992062414484
2022_07_CHI_NE,2022,7,NE,CHI,0,0.7543288927004255,0.7557685051125022,0.7558921415043366
2022_07_CLE_BAL,2022,7,BAL,CLE,1,0.5529181668188156,0.5531030087758131,0.5527389018152993
2022_07_DET_DAL,2022,7,DAL,DET,1,0.6725870584466203,0.6757869142367479,0.675945127321181
2022_07_GB_WAS,2022,7,WAS,GB,1,0.3635716372486468,0.3855246518604502,0.38572971415577473
2022_07_HOU_LV,2022,7,LV,HOU,1,0.640286402866655,0.6638338252325438,0.6640020853241663
2022_07_IND_TEN,2022,7,TEN,IND,1,0.5807602947922899,0.6002614468995148,0.599929697344674
2022_07_KC_SF,2022,7,SF,KC,0,0.44764460696185454,0.44727026795144037,0.4474777607722622
2022_07_NO_ARI,2022,7,ARI,NO,1,0.4482458297088828,0.4205439803040867,0.420785481546105
2022_07_NYG_JAX,2022,7,JAX,NYG,0,0.5850352855867796,0.5843877404728303,0.5845760430614739
2022_07_NYJ_DEN,2022,7,DEN,NYJ,0,0.5412466700512399,0.5620308648840728,0.5622573381345832
2022_07_PIT_MIA,2022,7,MIA,PIT,1,0.5979125010375859,0.5979564992521299,0.598139153305455
2022_07_SEA_LAC,2022,7,LAC,SEA,0,0.5325123505687983,0.5540566741244104,0.5542927061864216
2022_07_TB_CAR,2022,7,CAR,TB,1,0.2598247774272382,0.26114826200876634,0.2608849566274204
2022_08_ARI_MIN,2022,8,MIN,ARI,1,0.5226384052670312,0.5464956373092993,0.5466927417592442
2022_08_BAL_TB,2022,8,TB,BAL,0,0.5453673586161274,0.5150929902153856,0.5153232303675133
2022_08_CAR_ATL,2022,8,ATL,CAR,1,0.5668443785547361,0.5683585797297476,0.5679924973283034
2022_08_CHI_DAL,2022,8,DAL,CHI,1,0.6449113990667877,0.595726691666806,0.595922275484181
2022_08_CIN_CLE,2022,8,CLE,CIN,1,0.4320594216093985,0.433464087664498,0.43312129415625517
2022_08_DEN_JAX,2022,8,JAX,DEN,0,0.5817786756468073,0.5319763122180483,0.5321775028967349
2022_08_GB_BUF,2022,8,BUF,GB,1,0.7018762531325706,0.7183045105540166,0.7184795617805527
2022_08_LV_NO,2022,8,NO,LV,1,0.5483615460072121,0.5702891493603665,0.5705004613610013
2022_08_MIA_DET,2022,8,DET,MIA,0,0.3786018534806517,0.3808096187120349,0.3810066775231398
2022_08_NE_NYJ,2022,8,NYJ,NE,0,0.35733217594873345,0.3130332150897601,0.31273502321229846
2022_08_NYG_SEA,2022,8,SEA,NYG,1,0.5729313188755962,0.5730415682784816,0.5732219708998124
2022_08_PIT_PHI,2022,8,PHI,PIT,1,0.7616141783706618,0.7759821867814477,0.7761399253599558
2022_08_SF_LA,2022,8,LA,SF,0,0.43264808553758816,0.4540894094710007,0.4537435254336812
2022_08_TEN_HOU,2022,8,HOU,TEN,0,0.3673913096090129,0.3694138131851914,0.3690853872087918
2022_08_WAS_IND,2022,8,IND,WAS,0,0.5353337841619735,0.5360218488528322,0.5362184564008288
2022_09_BAL_NO,2022,9,NO,BAL,0,0.5590617950227458,0.5613582478659523,0.5615332237834378
2022_09_BUF_NYJ,2022,9,NYJ,BUF,1,0.2309198570167248,0.23294061145965467,0.23268565724339488
2022_09_CAR_CIN,2022,9,CIN,CAR,1,0.685396805079832,0.7036700638165669,0.7038467646513702
2022_09_GB_DET,2022,9,DET,GB,1,0.3351568947106026,0.3371901819597726,0.3368598488767019
2022_09_IND_NE,2022,9,NE,IND,1,0.6576026874795784,0.6578366690578383,0.6580230203639316
2022_09_LAC_ATL,2022,9,ATL,LAC,0,0.4521214322788262,0.4585651098635043,0.45873988945296024
2022_09_LA_TB,2022,9,TB,LA,1,0.6214664308922814,0.6425450137421854,0.6427493024633963
2022_09_LV_JAX,2022,9,JAX,LV,1,0.5655860356982169,0.565866594136171,0.5660659866619769
2022_09_MIA_CHI,2022,9,CHI,MIA,0,0.3927830029904423,0.3945973380098241,0.39481265747100747
2022_09_MIN_WAS,2022,9,WAS,MIN,0,0.3950570235865813,0.39564448638709887,0.39583932244851733
2022_09_PHI_HOU,2022,9,HOU,PHI,0,0.18792591102627018,0.17157934923526905,0.1717166217143317
2022_09_SEA_ARI,2022,9,ARI,SEA,0,0.47488211793837765,0.4759390969666093,0.4755943014565227
2022_09_TEN_KC,2022,9,KC,TEN,1,0.6732671784863032,0.6921821205047167,0.6923649480235898
2022_10_ARI_LA,2022,10,LA,ARI,0,0.46110486828374664,0.46129906857671377,0.4609182537804116
2022_10_ATL_CAR,2022,10,CAR,ATL,1,0.43503575545392137,0.4061022358843291,0.40579876362908684
2022_10_CLE_MIA,2022,10,MIA,CLE,1,0.45957249931262817,0.4646879548038226,0.46485033886417276
2022_10_DAL_GB,2022,10,GB,DAL,1,0.4527216742176069,0.45873780171904516,0.458917862352101
2022_10_DEN_TEN,2022,10,TEN,DEN,1,0.5419012401420202,0.5469050121308985,0.5470701112018314
2022_10_DET_CHI,2022,10,CHI,DET,0,0.5143056578989641,0.5149346457841427,0.5145864347829248
2022_10_HOU_NYG,2022,10,NYG,HOU,1,0.653759135759451,0.6745581782481599,0.6747356585128909
2022_10_IND_LV,2022,10,LV,IND,0,0.5597332344210021,0.5604652891196344,0.5606693856572919
2022_10_JAX_KC,2022,10,KC,JAX,1,0.640183133824067,0.6411215230569476,0.641297842574848
2022_10_LAC_SF,2022,10,SF,LAC,1,0.6058894761567635,0.6245041538278191,0.6247081084682946
2022_10_MIN_BUF,2022,10,BUF,MIN,0,0.7018205901630735,0.7013564105677403,0.7015285247123937
2022_10_NO_PIT,2022,10,PIT,NO,1,0.3267038755553587,0.3022009570581033,0.3024057937784698
2022_10_SEA_TB,2022,10,TB,SEA,1,0.4988160513852215,0.44844818679264703,0.44865591632747537
2022_10_WAS_PHI,2022,10,PHI,WAS,0,0.7778987837382443,0.7932309719474802,0.7930052383580257
2022_11_CAR_BAL,2022,11,BAL,CAR,1,0.6840752812542171,0.7044577884050308,0.7046183452314649
2022_11_CHI_ATL,2022,11,ATL,CHI,1,0.5431067287769638,0.565889379671345,0.5660914625989018
2022_11_CIN_PIT,2022,11,PIT,CIN,0,0.3052694819804077,0.31088161816389037,0.31055591569766483
2022_11_CLE_BUF,2022,11,BUF,CLE,1,0.6831743758861004,0.6368183126184443,0.6370065526810892
2022_11_DAL_MIN,2022,11,MIN,DAL,0,0.45358639724349087,0.45495751267486845,0.4551515485220403
2022_11_DET_NYG,2022,11,NYG,DET,0,0.5836023608071794,0.5837239909282168,0.5839235450997781
2022_11_KC_LAC,2022,11,LAC,KC,0,0.3037611678235999,0.3052427509465913,0.3049463479377227
2022_11_LA_NO,2022,11,NO,LA,1,0.6403184830709702,0.6400514793418225,0.6402440293454967
2022_11_LV_DEN,2022,11,DEN,LV,0,0.5416052080813557,0.5419492327096772,0.5415933534242721
2022_11_NYJ_NE,2022,11,NE,NYJ,1,0.6196405924498551,0.6430439344553808,0.6427040378011218
2022_11_PHI_IND,2022,11,IND,PHI,0,0.2578391825556982,0.22136564302725564,0.22150447445284915
2022_11_SF_ARI,2022,11,ARI,SF,0,0.3754955228729743,0.3313444403438559,0.33104205182629043
2022_11_TEN_GB,2022,11,GB,TEN,0,0.5558475278043474,0.5269943460925403,0.5272442062745002
2022_11_WAS_HOU,2022,11,HOU,WAS,0,0.38925660808567375,0.3436278087803837,0.34382292218714317
2022_12_ATL_WAS,2022,12,WAS,ATL,1,0.5451144395993476,0.5446126312319196,0.5448125892460752
2022_12_BAL_JAX,2022,12,JAX,BAL,1,0.4606048150427882,0.481928131628587,0.4821449104692541
2022_12_BUF_DET,2022,12,DET,BUF,0,0.25405319817374866,0.23383738444112875,0.23401131492961036
2022_12_CHI_NYJ,2022,12,NYJ,CHI,1,0.5411989497311531,0.5416530417689905,0.5418474329216696
2022_12_CIN_TEN,2022,12,TEN,CIN,0,0.4185949043278923,0.44128634207288725,0.4414977507089443
2022_12_DEN_CAR,2022,12,CAR,DEN,1,0.41342440868992775,0.41452770787442506,0.4147313104115253
2022_12_GB_PHI,2022,12,PHI,GB,1,0.6683593789592656,0.6709178683462265,0.6710815823150589
2022_12_HOU_MIA,2022,12,MIA,HOU,1,0.7419592929794008,0.7568186368145149,0.7569713089231827
2022_12_LAC_ARI,2022,12,ARI,LAC,0,0.4819343610833386,0.503657265031746,0.503894510583504
2022_12_LA_KC,2022,12,KC,LA,1,0.7602786357676046,0.7605177837112117,0.760662960071592
2022_12_LV_SEA,2022,12,SEA,LV,0,0.606115413884987,0.6256818103713089,0.6258779262034049
2022_12_NE_MIN,2022,12,MIN,NE,1,0.3988424449296795,0.3718986128494586,0.37212193344025807
2022_12_NO_SF,2022,12,SF,NO,1,0.6071428177330218,0.627264624674226,0.6274762517909913
2022_12_NYG_DAL,2022,12,DAL,NYG,1,0.6547586280840305,0.6264311122163343,0.6261251346269727
2022_12_PIT_IND,2022,12,IND,PIT,0,0.5343070294795376,0.5347001415165644,0.5348950500416675
2022_12_TB_CLE,2022,12,CLE,TB,1,0.4832809042343547,0.4897862597494263,0.48997703047463526
2022_13_BUF_NE,2022,13,NE,BUF,0,0.3897220322381974,0.3907931467068215,0.39044785665533116
2022_13_CLE_HOU,2022,13,HOU,CLE,0,0.28698968618017545,0.2882951662832051,0.2884628733021108
2022_13_DEN_BAL,2022,13,BAL,DEN,1,0.6407500654819747,0.6405129970107846,0.6406946718791876
2022_13_GB_CHI,2022,13,CHI,GB,0,0.362316308685433,0.36370240811613025,0.36337184643491055
2022_13_IND_DAL,2022,13,DAL,IND,1,0.7089335172314171,0.6843404451466686,0.6845364942131374
2022_13_JAX_DET,2022,13,DET,JAX,1,0.415948158641834,0.4397617772849992,0.4399812558387047
2022_13_KC_CIN,2022,13,CIN,KC,1,0.43525335099660595,0.43565262113225256,0.4358578190778467
2022_13_LAC_LV,2022,13,LV,LAC,1,0.4772462330098995,0.47750769256660963,0.4771485951754839
2022_13_MIA_SF,2022,13,SF,MIA,1,0.6009820883743181,0.6004458239225804,0.6006406380786485
2022_13_NO_TB,2022,13,TB,NO,1,0.5269227894694762,0.5279746105546543,0.5276078900113352
2022_13_NYJ_MIN,2022,13,MIN,NYJ,1,0.529078813453533,0.5519859561844009,0.5521911449853103
2022_13_PIT_ATL,2022,13,ATL,PIT,0,0.5043505638716428,0.4544142578833611,0.4546232742731334
2022_13_SEA_LA,2022,13,LA,SEA,0,0.3789069527785819,0.3800420341300944,0.3797017960356488
2022_13_TEN_PHI,2022,13,PHI,TEN,1,0.659041877916439,0.6594821147066817,0.659679658955188
2022_14_BAL_PIT,2022,14,PIT,BAL,0,0.39424379712862423,0.39565737544597046,0.3953151375594252
2022_14_CAR_SEA,2022,14,SEA,CAR,0,0.652029149571292,0.6566362923371623,0.6567732310900599
2022_14_CLE_CIN,2022,14,CIN,CLE,1,0.6089902744571304,0.6089341757578696,0.6085761980652141
2022_14_HOU_DAL,2022,14,DAL,HOU,1,0.8176259086624859,0.816938038388472,0.8170533560121042
2022_14_JAX_TEN,2022,14,TEN,JAX,0,0.5109404368601257,0.5113311777661688,0.510966680784187
2022_14_KC_DEN,2022,14,DEN,KC,0,0.2745874119815837,0.27548643826044716,0.27521084120605827
2022_14_LV_LA,2022,14,LA,LV,1,0.4433671869012008,0.41457314878354656,0.4147991302817465
2022_14_MIA_LAC,2022,14,LAC,MIA,1,0.46012456184965206,0.46173343710841563,0.46193993670575384
2022_14_MIN_DET,2022,14,DET,MIN,1,0.48491657987252473,0.48594613018477,0.4855845241680999
2022_14_NE_ARI,2022,14,ARI,NE,0,0.412294513679993,0.43714636284751096,0.4373540116338025
2022_14_NYJ_BUF,2022,14,BUF,NYJ,1,0.7341308899954953,0.7506450786551714,0.750377509757453
2022_14_PHI_NYG,2022,14,NYG,PHI,0,0.27020491528456614,0.2718020586197366,0.2715109414848263
2022_14_TB_SF,2022,14,SF,TB,1,0.6047913358651367,0.554561676146031,0.5547742141859368
2022_15_ARI_DEN,2022,15,DEN,ARI,1,0.49626549486604593,0.4455003030667638,0.44571059192899337
2022_15_ATL_NO,2022,15,NO,ATL,1,0.6040751503969474,0.6279511185658508,0.6275969958687524
2022_15_BAL_CLE,2022,15,CLE,BAL,1,0.46594372775124693,0.4377143803855408,0.43739660859694635
2022_15_CIN_TB,2022,15,TB,CIN,0,0.4168825637701556,0.41752666483454753,0.41772076326815366
2022_15_DAL_JAX,2022,15,JAX,DAL,1,0.3676933767403389,0.3691964704359454,0.36937928605673587
2022_15_DET_NYJ,2022,15,NYJ,DET,0,0.491045369430485,0.4914698900098345,0.49168086500057456
2022_15_IND_MIN,2022,15,MIN,IND,1,0.5790520201696218,0.6046882862151783,0.6048780385603367
2022_15_KC_HOU,2022,15,HOU,KC,0,0.1615275547984728,0.16270943644697555,0.16282864915771575
2022_15_LA_GB,2022,15,GB,LA,1,0.6530574597899168,0.6745057943016887,0.6746959151511434
2022_15_MIA_BUF,2022,15,BUF,MIA,1,0.6636916603994498,0.6361121396835087,0.6358140662460009
2022_15_NE_LV,2022,15,LV,NE,1,0.41851448477353753,0.3920462087621274,0.3922624637510699
2022_15_NYG_WAS,2022,15,WAS,NYG,0,0.5536093178216155,0.5734111041728441,0.5730769620347667
2022_15_PHI_CHI,2022,15,CHI,PHI,0,0.21778584206058094,0.23390412405204383,0.2340658741713411
2022_15_PIT_CAR,2022,15,CAR,PIT,0,0.47312766174612925,0.47388726060743336,0.4740963106518223
2022_15_SF_SEA,2022,15,SEA,SF,0,0.3764595955192415,0.3505315240122445,0.3502328198593113
2022_15_TEN_LAC,2022,15,LAC,TEN,1,0.5216511571177731,0.5233117757706477,0.52351636742664
2022_16_ATL_BAL,2022,16,BAL,ATL,1,0.6340707885904004,0.5844102655960131,0.5846161703608428
2022_16_BUF_CHI,2022,16,CHI,BUF,0,0.24209315778823787,0.2599456114352788,0.26013401054610724
2022_16_CIN_NE,2022,16,NE,CIN,0,0.4509334217067027,0.4218776632559186,0.4221225726886245
2022_16_DEN_LA,2022,16,LA,DEN,1,0.45024189908750784,0.4723244923397892,0.4725417443082247
2022_16_DET_CAR,2022,16,CAR,DET,1,0.4528203292677249,0.4235361929311674,0.42378711285702564
2022_16_GB_MIA,2022,16,MIA,GB,0,0.48014102387980484,0.4292193324613123,0.42941988489966704
2022_16_HOU_TEN,2022,16,TEN,HOU,0,0.7101471264582082,0.6839905941098623,0.6837007578974005
2022_16_JAX_NYJ,2022,16,NYJ,JAX,0,0.44183566620908826,0.41341830254836165,0.4136600869801602
2022_16_LAC_IND,2022,16,IND,LAC,0,0.40936511373294393,0.40911947248591013,0.40932001574650645
2022_16_LV_PIT,2022,16,PIT,LV,1,0.5004663828694101,0.47075978365334487,0.4710029328161857
2022_16_NO_CLE,2022,16,CLE,NO,0,0.5115271310795144,0.46176350813965045,0.4619868489277105
2022_16_NYG_MIN,2022,16,MIN,NYG,1,0.5273419417645996,0.4764296433620999,0.4766304319176206
2022_16_PHI_DAL,2022,16,DAL,PHI,1,0.44402061882945215,0.41499751938901797,0.4146710139689393
2022_16_SEA_KC,2022,16,KC,SEA,1,0.7104362008023142,0.7281952777542019,0.7283713087072029
2022_16_TB_ARI,2022,16,ARI,TB,0,0.41670807073417077,0.4184889123768629,0.41870097593971356
2022_16_WAS_SF,2022,16,SF,WAS,1,0.6876213032365771,0.6406454882370936,0.6408338269108321
2022_17_ARI_ATL,2022,17,ATL,ARI,1,0.4965651441386825,0.49698059910260417,0.4971801286001632
2022_17_CAR_TB,2022,17,TB,CAR,1,0.6020414083866935,0.6023737366622043,0.6020070418795179
2022_17_CHI_DET,2022,17,DET,CHI,1,0.5896004600058491,0.5900167962485237,0.5896477594983796
2022_17_CLE_WAS,2022,17,WAS,CLE,0,0.45945336665800374,0.45954879360729844,0.45974579944596633
2022_17_DAL_TEN,2022,17,TEN,DAL,0,0.35131223214332835,0.32536520612269726,0.3255781728381754
2022_17_DEN_KC,2022,17,KC,DEN,1,0.7662912596274173,0.7657038779112115,0.7654301718287254
2022_17_IND_NYG,2022,17,NYG,IND,1,0.5799032749884973,0.5296380770101722,0.5298526882126607
2022_17_JAX_HOU,2022,17,HOU,JAX,0,0.28682811274982317,0.29043845051905254,0.29013533853879603
2022_17_LA_LAC,2022,17,LAC,LA,1,0.6007231607696112,0.6215602084679783,0.6217799843156075
2022_17_MIA_NE,2022,17,NE,MIA,1,0.5331018783679252,0.5329059367186599,0.5325549706947461
2022_17_MIN_GB,2022,17,GB,MIN,1,0.5952200040112408,0.596055426174548,0.5957136642530058
2022_17_NO_PHI,2022,17,PHI,NO,0,0.6643041341975285,0.6648304725106251,0.6650227982337034
2022_17_NYJ_SEA,2022,17,SEA,NYJ,1,0.5705153740685711,0.5733647083905639,0.5735351140296127
2022_17_PIT_BAL,2022,17,BAL,PIT,0,0.5825629573945067,0.582553973012089,0.5822019127451957
2022_17_SF_LV,2022,17,LV,SF,0,0.32819634020345406,0.3300726555792442,0.3302591246432968
2022_18_ARI_SF,2022,18,SF,ARI,1,0.7259579524549519,0.7250853622453851,0.7247827352380349
2022_18_BAL_CIN,2022,18,CIN,BAL,1,0.5925394048631059,0.6123305490989842,0.6119956045598187
2022_18_CAR_NO,2022,18,NO,CAR,0,0.6120001441079211,0.6117595652283724,0.6114009348509026
2022_18_CLE_PIT,2022,18,PIT,CLE,1,0.4734235660810078,0.4737006989131825,0.4733367924493067
2022_18_DAL_WAS,2022,18,WAS,DAL,1,0.3333743946777214,0.3372317717963935,0.3368971439820162
2022_18_DET_GB,2022,18,GB,DET,0,0.5984177788113073,0.5983887926273707,0.5980484526754429
2022_18_HOU_IND,2022,18,IND,HOU,0,0.6172260903696272,0.6171563047936127,0.6168086991983099
2022_18_KC_LV,2022,18,LV,KC,0,0.27868792195914577,0.25635597330386617,0.25611868758496703
2022_18_LAC_DEN,2022,18,DEN,LAC,1,0.38600112228632555,0.38663669286009894,0.3862998855335617
2022_18_LA_SEA,2022,18,SEA,LA,1,0.5788890957679611,0.5793547434356179,0.5789967646410752
2022_18_MIN_CHI,2022,18,CHI,MIN,0,0.3999454717153669,0.40126980612443575,0.4009397251012452
2022_18_NE_BUF,2022,18,BUF,NE,1,0.6763460922552552,0.6936120727729378,0.6933155090911952
2022_18_NYG_PHI,2022,18,PHI,NYG,1,0.6950727439118491,0.6947262126905489,0.6944230332421824
2022_18_NYJ_MIA,2022,18,MIA,NYJ,1,0.6232469941899363,0.6232713506631077,0.6229192259508844
2022_18_TB_ATL,2022,18,ATL,TB,1,0.3858858596127714,0.38794383603719995,0.38761056228419527
2022_18_TEN_JAX,2022,18,JAX,TEN,1,0.5832455155961075,0.6053396058376639,0.6050113408241918
2023_01_ARI_WAS,2023,1,WAS,ARI,1,0.6010760037117057,0.5913606385630095,0.585179838946731
2023_01_BUF_NYJ,2023,1,NYJ,BUF,1,0.3081815459164846,0.3024858059004459,0.3122651796740887
2023_01_CAR_ATL,2023,1,ATL,CAR,1,0.5469363284442256,0.5380133593735584,0.5497785955376734
2023_01_CIN_CLE,2023,1,CLE,CIN,1,0.42326309517490257,0.4148485650068259,0.42600893769313897
2023_01_DAL_NYG,2023,1,NYG,DAL,0,0.48212075756205636,0.4732333456605547,0.48484475506649516
2023_01_DET_KC,2023,1,KC,DET,0,0.6880929189654241,0.6780393536883508,0.6723794464629301
2023_01_GB_CHI,2023,1,CHI,GB,0,0.37508553461606003,0.36705555235132925,0.3777280352384812
2023_01_HOU_BAL,2023,1,BAL,HOU,1,0.7226758779557149,0.712395976134661,0.7069857741172174
2023_01_JAX_IND,2023,1,IND,JAX,0,0.32083982339435935,0.3151472300146076,0.3251888082016402
2023_01_LA_SEA,2023,1,SEA,LA,0,0.6268639457366847,0.6169844467050041,0.6282087971726347
2023_01_LV_DEN,2023,1,DEN,LV,0,0.4634414517833837,0.4546844509024102,0.46625940107217384
2023_01_MIA_LAC,2023,1,LAC,MIA,0,0.4968051743276927,0.4891007096699927,0.48249357359920636
2023_01_PHI_NE,2023,1,NE,PHI,0,0.3606903975437287,0.35408533884125404,0.3480078660797787
2023_01_SF_PIT,2023,1,PIT,SF,0,0.40037339478798806,0.3921647259494807,0.38558506676615445
2023_01_TB_MIN,2023,1,MIN,TB,0,0.5297254669483261,0.5205370766206009,0.5138319407107329
2023_01_TEN_NO,2023,1,NO,TEN,1,0.6143728451205644,0.6062997719147152,0.6002440016593467
2023_02_BAL_CIN,2023,2,CIN,BAL,0,0.44039604056885656,0.43379703230492545,0.445491067828555
2023_02_CHI_TB,2023,2,TB,CHI,1,0.6398474528910775,0.6318049155171419,0.6261519019259397
2023_02_CLE_PIT,2023,2,PIT,CLE,1,0.40896571259984904,0.4008204216673539,0.41209838621994904
2023_02_GB_ATL,2023,2,ATL,GB,1,0.4433508470188306,0.4350820191685356,0.4284805142807681
2023_02_IND_HOU,2023,2,HOU,IND,0,0.4994004962178556,0.4898204917931999,0.5014737876932875
2023_02_KC_JAX,2023,2,JAX,KC,0,0.47811959295250195,0.5066165126562072,0.5008084304978694
2023_02_LAC_TEN,2023,2,TEN,LAC,1,0.3684232111174745,0.36027872239376696,0.353881091637964
2023_02_LV_BUF,2023,2,BUF,LV,1,0.6673646720034049,0.6794862197836503,0.673222608089641
2023_02_MIA_NE,2023,2,NE,MIA,0,0.4143356102536565,0.40615662985623646,0.4173299939465232
2023_02_MIN_PHI,2023,2,PHI,MIN,1,0.6483886851399506,0.6368582031770795,0.6299045818265185
2023_02_NO_CAR,2023,2,CAR,NO,0,0.41189625591844503,0.4034737927651263,0.4144842495940393
2023_02_NYG_ARI,2023,2,ARI,NYG,0,0.46306018572260516,0.4553855140413324,0.4488335318233529
2023_02_NYJ_DAL,2023,2,DAL,NYJ,1,0.7232802599232369,0.6922104672716549,0.6868009570192566
2023_02_SEA_DET,2023,2,DET,SEA,0,0.6280778448766243,0.6679202519869663,0.662236965147357
2023_02_SF_LA,2023,2,LA,SF,0,0.3593061565633712,0.3524116461097023,0.36306733902811106
2023_02_WAS_DEN,2023,2,DEN,WAS,0,0.4825304060750489,0.4726223842576904,0.4657948496644289
2023_03_ATL_DET,2023,3,DET,ATL,1,0.5041432796006519,0.4943368592795176,0.487621167641607
2023_03_BUF_WAS,2023,3,WAS,BUF,0,0.3055810216539834,0.3001595275367509,0.2944786105033189
2023_03_CAR_SEA,2023,3,SEA,CAR,1,0.6359955873402617,0.599362610735536,0.5929782783875573
2023_03_CHI_KC,2023,3,KC,CHI,1,0.8043359218202131,0.7969570643320734,0.7929756226580859
2023_03_DAL_ARI,2023,3,ARI,DAL,1,0.2422583861269861,0.23700415090202095,0.23177842402780494
2023_03_DEN_MIA,2023,3,MIA,DEN,1,0.6895956152073709,0.682176652640526,0.6768235158985764
2023_03_HOU_JAX,2023,3,JAX,HOU,0,0.7457385654340856,0.7363574195749086,0.7456648805622043
2023_03_IND_BAL,2023,3,BAL,IND,0,0.7475741562301236,0.7376114938941836,0.7324945284114053
2023_03_LAC_MIN,2023,3,MIN,LAC,0,0.41758188667006446,0.46329035788193057,0.45698133861376267
2023_03_LA_CIN,2023,3,CIN,LA,1,0.5037711614261879,0.4959335995544563,0.48942721567958564
2023_03_NE_NYJ,2023,3,NYJ,NE,0,0.3935337778164368,0.3861730415617526,0.39723803883978803
2023_03_NO_GB,2023,3,GB,NO,1,0.5154123059113636,0.4793912782894096,0.4725837099869702
2023_03_NYG_SF,2023,3,SF,NYG,1,0.7226895237055231,0.7126637793986438,0.7069905922057677
2023_03_PHI_TB,2023,3,TB,PHI,0,0.4282675781294485,0.45663909483756654,0.4509984198852937
2023_03_PIT_LV,2023,3,LV,PIT,0,0.5725299280579728,0.5376581511449582,0.531308604019507
2023_03_TEN_CLE,2023,3,CLE,TEN,1,0.6602606344786589,0.6738156687961229,0.6674931605291475
2023_04_ARI_SF,2023,4,SF,ARI,1,0.7696342103611309,0.7971341928072492,0.8049497523315773
2023_04_ATL_JAX,2023,4,JAX,ATL,1,0.5454684883326026,0.4322955750684737,0.4268879974126192
2023_04_BAL_CLE,2023,4,CLE,BAL,0,0.5213838254401492,0.5124296595118983,0.5242211416837963
2023_04_CIN_TEN,2023,4,TEN,CIN,1,0.4149134324270336,0.37949857195529957,0.37301464510095506
2023_04_DEN_CHI,2023,4,CHI,DEN,0,0.4743014641102954,0.46513914474108314,0.45832747724993445
2023_04_DET_GB,2023,4,GB,DET,0,0.517015093237129,0.5065850800000227,0.5176536193374249
2023_04_KC_NYJ,2023,4,NYJ,KC,0,0.15482309388527088,0.15256714576392022,0.14890352620005357
2023_04_LA_IND,2023,4,IND,LA,0,0.39600278182291104,0.3651387682989031,0.35905627022556513
2023_04_LV_LAC,2023,4,LAC,LV,1,0.6969842721790253,0.6874771051270554,0.697676375419712
2023_04_MIA_BUF,2023,4,BUF,MIA,1,0.5271347531944123,0.5181173053661762,0.5297773379935173
2023_04_MIN_CAR,2023,4,CAR,MIN,0,0.4435061545011428,0.4350002425278138,0.428050321317595
2023_04_NE_DAL,2023,4,DAL,NE,1,0.6828298678474403,0.6747758379773053,0.6691790264919739
2023_04_PIT_HOU,2023,4,HOU,PIT,1,0.46571624825862395,0.45783719102270887,0.4513550502213497
2023_04_SEA_NYG,2023,4,NYG,SEA,0,0.3628255728998686,0.4063746324442508,0.39978491959312423
2023_04_TB_NO,2023,4,NO,TB,0,0.5907922566142981,0.5539145299495881,0.5653092838392009
2023_04_WAS_PHI,2023,4,PHI,WAS,1,0.7495663484508137,0.7589657429211788,0.7672380375104791
2023_05_BAL_PIT,2023,5,PIT,BAL,1,0.2461450293462362,0.24152449978094687,0.24992900857363368
2023_05_CAR_DET,2023,5,DET,CAR,1,0.7319743585969799,0.7621889663267026,0.7575788368716156
2023_05_CHI_WAS,2023,5,WAS,CHI,0,0.6560347411568717,0.6453597498811651,0.6388599854454822
2023_05_CIN_ARI,2023,5,ARI,CIN,0,0.5291714150532422,0.519776385019114,0.5130250881225284
2023_05_DAL_SF,2023,5,SF,DAL,1,0.5971581694215183,0.5866203911917587,0.5801944967467184
2023_05_GB_LV,2023,5,LV,GB,1,0.45335927186967956,0.48047677906685254,0.4745867030514421
2023_05_HOU_ATL,2023,5,ATL,HOU,1,0.5577383357933312,0.5474019175184089,0.5406933445555938
2023_05_JAX_BUF,2023,5,BUF,JAX,0,0.7967290061910396,0.7115369317826018,0.707087686357668
2023_05_KC_MIN,2023,5,MIN,KC,0,0.30631727023077987,0.30117337698706387,0.29553710365811003
2023_05_NO_NE,2023,5,NE,NO,0,0.4578102315136761,0.44877924717024953,0.4420255991485505
2023_05_NYG_MIA,2023,5,MIA,NYG,1,0.8189143753725355,0.7944619543586263,0.790392003159568
2023_05_NYJ_DEN,2023,5,DEN,NYJ,0,0.6117621533891476,0.6010060145587409,0.5946241067307723
2023_05_PHI_LA,2023,5,LA,PHI,0,0.3906773586148653,0.3831051655209114,0.3767027405887647
2023_05_TEN_IND,2023,5,IND,TEN,1,0.49491154496103734,0.48814278155940694,0.5001066341020234
2023_06_ARI_LA,2023,6,LA,ARI,1,0.6446242781309395,0.6336583898289675,0.6446050363411044
2023_06_BAL_TEN,2023,6,TEN,BAL,0,0.3402423743463204,0.24802057369585293,0.24369211567982824
2023_06_CAR_MIA,2023,6,MIA,CAR,1,0.8391283552589194,0.8312160215338069,0.8277197100177879
2023_06_DAL_LAC,2023,6,LAC,DAL,0,0.4943728193200009,0.5396060944091617,0.5326897471434393
2023_06_DEN_KC,2023,6,KC,DEN,1,0.8218423201059798,0.8132630933385666,0.8202518181528397
2023_06_DET_TB,2023,6,TB,DET,0,0.43152224154769275,0.4802861147977202,0.47377121570208564
2023_06_IND_JAX,2023,6,JAX,IND,1,0.6264158199512468,0.616183110289383,0.6273623545787651
2023_06_MIN_CHI,2023,6,CHI,MIN,0,0.40241729991356995,0.444593110998079,0.4558132089669221
2023_06_NE_LV,2023,6,LV,NE,1,0.6328088603041591,0.6466301344458767,0.6401748371943647
2023_06_NO_HOU,2023,6,HOU,NO,1,0.38442455155452404,0.3773976859102309,0.371060637498152
2023_06_NYG_BUF,2023,6,BUF,NYG,1,0.8729589849205671,0.8668055357097326,0.8639932363601764
2023_06_PHI_NYJ,2023,6,NYJ,PHI,1,0.21797504242124946,0.21454106975793413,0.20983776608552815
2023_06_SEA_CIN,2023,6,CIN,SEA,1,0.41045610720294673,0.438132654486999,0.4325693127135263
2023_06_SF_CLE,2023,6,CLE,SF,1,0.2346995155664011,0.27120377778881166,0.26536193028503696
2023_06_WAS_ATL,2023,6,ATL,WAS,0,0.562653056153635,0.5891612703956053,0.5835789527753514
2023_07_ARI_SEA,2023,7,SEA,ARI,1,0.7371107614765973,0.726730166425909,0.7361629227760589
2023_07_ATL_TB,2023,7,TB,ATL,0,0.5553244154944679,0.5471042480520449,0.5590436077247302
2023_07_BUF_NE,2023,7,NE,BUF,1,0.16371944357090984,0.1609022464415643,0.16713005519759508
2023_07_CLE_IND,2023,7,IND,CLE,0,0.4088096789526115,0.40237588542584873,0.3961267940351843
2023_07_DET_BAL,2023,7,BAL,DET,1,0.494439211973127,0.48565388664062936,0.4789096646411471
2023_07_GB_DEN,2023,7,DEN,GB,1,0.40126939279884144,0.47752624125816245,0.4715001439023633
2023_07_JAX_NO,2023,7,NO,JAX,0,0.5536526839550123,0.5428638630746001,0.5357088871720829
2023_07_LAC_KC,2023,7,KC,LAC,1,0.6902567467471471,0.7027650956174517,0.7125757848377661
2023_07_LV_CHI,2023,7,CHI,LV,1,0.4581918327902914,0.447165023151569,0.44010499475447673
2023_07_MIA_PHI,2023,7,PHI,MIA,1,0.4267286694002509,0.4185805855930177,0.4119544610085051
2023_07_PIT_LA,2023,7,LA,PIT,0,0.7075730520999364,0.7248988416797725,0.7204191433308031
2023_07_SF_MIN,2023,7,MIN,SF,1,0.2521108956006964,0.24750235262800865,0.24233658024726842
2023_07_WAS_NYG,2023,7,NYG,WAS,1,0.43094516685099693,0.4238179334624853,0.43528427089274685
2023_08_ATL_TEN,2023,8,TEN,ATL,1,0.45685294710201474,0.502756423288285,0.4956695091909029
2023_08_BAL_ARI,2023,8,ARI,BAL,0,0.21685881759715966,0.2131682106618427,0.20838632527721915
2023_08_CHI_LAC,2023,8,LAC,CHI,1,0.6220126560451713,0.6139934522692808,0.608119494498539
2023_08_CIN_SF,2023,8,SF,CIN,0,0.7904480849925729,0.8189845126752429,0.8154441663723513
2023_08_CLE_SEA,2023,8,SEA,CLE,1,0.6423262644332753,0.6319509342146149,0.6258371268240093
2023_08_HOU_CAR,2023,8,CAR,HOU,1,0.46619032943457017,0.5457288306631495,0.5394513236100763
2023_08_JAX_PIT,2023,8,PIT,JAX,0,0.3975366547409725,0.42526433022413057,0.419212187841017
2023_08_KC_DEN,2023,8,DEN,KC,1,0.20043185473835312,0.19626460558682368,0.20337569250912085
2023_08_LA_DAL,2023,8,DAL,LA,1,0.5995575025702933,0.6435793135000349,0.637748628789433
2023_08_LV_DET,2023,8,DET,LV,1,0.7116425250944034,0.7009154703394406,0.6953622873731379
2023_08_MIN_GB,2023,8,GB,MIN,0,0.5219932797620317,0.4858876987871038,0.4974303901220874
2023_08_NE_MIA,2023,8,MIA,NE,1,0.82036960062214,0.8128733463673267,0.8201686240679325
2023_08_NO_IND,2023,8,IND,NO,0,0.40155065269592266,0.42930172815206036,0.42338952632577515
2023_08_NYJ_NYG,2023,8,NYG,NYJ,0,0.5450786596832677,0.5696871038790557,0.5642245829665775
2023_08_PHI_WAS,2023,8,WAS,PHI,0,0.2815584562107956,0.27669728405550764,0.28611140307810806
2023_08_TB_BUF,2023,8,BUF,TB,1,0.7962173541010378,0.7856959010818025,0.7806689442505853
2023_09_ARI_CLE,2023,9,CLE,ARI,1,0.6512406807254252,0.6409392456742747,0.6349599560098945
2023_09_BUF_CIN,2023,9,CIN,BUF,1,0.2763335055020197,0.3016791924827457,0.29654796582056997
2023_09_CHI_NO,2023,9,NO,CHI,1,0.6612623516354224,0.6539436752736694,0.648422577369844
2023_09_DAL_PHI,2023,9,PHI,DAL,1,0.5473253268841799,0.5361256860720617,0.5475871516829733
2023_09_IND_CAR,2023,9,CAR,IND,0,0.45970911076768767,0.45138409808858165,0.4445692717417499
2023_09_LAC_NYJ,2023,9,NYJ,LAC,0,0.34857649472070995,0.3416299877880902,0.33528638466078886
2023_09_LA_GB,2023,9,GB,LA,1,0.4603569211453076,0.45292138068444543,0.44643145700886505
2023_09_MIA_KC,2023,9,KC,MIA,1,0.5072667884661193,0.396776622937227,0.3915193984246965
2023_09_MIN_ATL,2023,9,ATL,MIN,0,0.4672324123004825,0.4583210847433042,0.45168733483388807
2023_09_NYG_LV,2023,9,LV,NYG,1,0.5580440163938986,0.5735435695433796,0.5666379027096022
2023_09_SEA_BAL,2023,9,BAL,SEA,1,0.5840516457300204,0.5755237454941963,0.5691699239020903
2023_09_TB_HOU,2023,9,HOU,TB,1,0.5109244430735086,0.5373435288109938,0.531238571222752
2023_09_TEN_PIT,2023,9,PIT,TEN,1,0.479433549960475,0.4692815791730449,0.46185849655398664
2023_09_WAS_NE,2023,9,NE,WAS,0,0.45588465086146557,0.4473557788496946,0.44067970981524945
2023_10_ATL_ARI,2023,10,ARI,ATL,1,0.3570483507431391,0.35030176434178967,0.34383377388272907
2023_10_CAR_CHI,2023,10,CHI,CAR,1,0.620816376412232,0.6066846118906173,0.5996066619760915
2023_10_CLE_BAL,2023,10,BAL,CLE,0,0.7150521365977736,0.7060287214625892,0.7159643955157257
2023_10_DEN_BUF,2023,10,BUF,DEN,0,0.8318473301281178,0.8430746093736775,0.8402974027745136
2023_10_DET_LAC,2023,10,LAC,DET,0,0.4556564158584869,0.5060677190922988,0.49965849457753586
2023_10_GB_PIT,2023,10,PIT,GB,1,0.44658386555360297,0.49037639591343873,0.4835356196500647
2023_10_HOU_CIN,2023,10,CIN,HOU,0,0.5992744800649712,0.5902205371082767,0.5837330585134083
2023_10_IND_NE,2023,10,NE,IND,0,0.47402132154651155,0.3635856735951831,0.3582218443504135
2023_10_NO_MIN,2023,10,MIN,NO,1,0.4804149419927432,0.4717861775542407,0.46518645034024786
2023_10_NYG_DAL,2023,10,DAL,NYG,1,0.7942841231561492,0.7867082639248868,0.7949090370588505
2023_10_NYJ_LV,2023,10,LV,NYJ,1,0.619808439342903,0.5855268797326905,0.5793208174138341
2023_10_SF_JAX,2023,10,JAX,SF,0,0.31432994953375626,0.3887756955471772,0.38292544763571923
2023_10_TEN_TB,2023,10,TB,TEN,1,0.538525183096197,0.5665720775894442,0.5611378474909924
2023_10_WAS_SEA,2023,10,SEA,WAS,1,0.6141482158781495,0.6045080884357535,0.5980963162572033
2023_11_ARI_HOU,2023,11,HOU,ARI,1,0.6728477602536521,0.6635859714087299,0.6581226971132945
2023_11_CHI_DET,2023,11,DET,CHI,1,0.6919443772661256,0.7144510674370206,0.7249154297301798
2023_11_CIN_BAL,2023,11,BAL,CIN,1,0.6765214416749507,0.6644239825159758,0.6743340489582221
2023_11_DAL_CAR,2023,11,CAR,DAL,0,0.20244068174257707,0.23403559099080304,0.2287862569253553
2023_11_LAC_GB,2023,11,GB,LAC,1,0.4910983054006839,0.48256380912429775,0.4758286437623078
2023_11_LV_MIA,2023,11,MIA,LV,1,0.766922612860561,0.7955430830551006,0.7911426271689178
2023_11_MIN_DEN,2023,11,DEN,MIN,1,0.37986043645202733,0.3951859268637586,0.38780655023273003
2023_11_NYG_WAS,2023,11,WAS,NYG,0,0.6751264047307064,0.6648465016243696,0.6755164688755089
2023_11_NYJ_BUF,2023,11,BUF,NYJ,1,0.8572262787631486,0.8619727651592773,0.8673789420271313
2023_11_PHI_KC,2023,11,KC,PHI,0,0.5535638655769068,0.6312932906357142,0.6259753366310611
2023_11_PIT_CLE,2023,11,CLE,PIT,1,0.6039949976311012,0.5944417387694775,0.6058842262293074
2023_11_SEA_LA,2023,11,LA,SEA,1,0.44956870065858673,0.49645648305845813,0.5079197077762349
2023_11_TB_SF,2023,11,SF,TB,1,0.8108710205549011,0.8024345264749417,0.7982396341740646
2023_11_TEN_JAX,2023,11,JAX,TEN,1,0.6001176544926891,0.5914129254125723,0.6029568357683653
2023_12_BAL_LAC,2023,12,LAC,BAL,0,0.3766912887597765,0.4037806972174165,0.39804454347810003
2023_12_BUF_PHI,2023,12,PHI,BUF,1,0.43688748291583906,0.4532368200099423,0.44594758831302167
2023_12_CAR_TEN,2023,12,TEN,CAR,1,0.614674561999339,0.6037006294290562,0.5974945016603924
2023_12_CHI_MIN,2023,12,MIN,CHI,0,0.6275584397516816,0.6201839987270344,0.6317783444924348
2023_12_CLE_DEN,2023,12,DEN,CLE,1,0.41093298666573363,0.4031891783137701,0.3966847556471016
2023_12_GB_DET,2023,12,DET,GB,0,0.6405025479656921,0.6279343853342727,0.6382767133599186
2023_12_JAX_HOU,2023,12,HOU,JAX,0,0.4952038808252501,0.48684566620104286,0.49874979658832214
2023_12_KC_LV,2023,12,LV,KC,0,0.27800619512114755,0.25234209768331217,0.26109710935818947
2023_12_LA_ARI,2023,12,ARI,LA,0,0.37812099572821395,0.37140540468861,0.3822739059388228
2023_12_MIA_NYJ,2023,12,NYJ,MIA,0,0.2003068307735288,0.19557199456594337,0.20235971278926698
2023_12_NE_NYG,2023,12,NYG,NE,1,0.44519114214974176,0.47167913683709767,0.4659102534244775
2023_12_NO_ATL,2023,12,ATL,NO,1,0.42766484114732983,0.5079216229169204,0.520389474223571
2023_12_PIT_CIN,2023,12,CIN,PIT,0,0.6049864288679687,0.6459219627054817,0.6569217393875826
2023_12_SF_SEA,2023,12,SEA,SF,0,0.28663253309631226,0.2787266816682926,0.2873702730934745
2023_12_TB_IND,2023,12,IND,TB,1,0.49748415932451956,0.5441193545185623,0.5371034059716197
2023_12_WAS_DAL,2023,12,DAL,WAS,1,0.746910844326923,0.7378753436785541,0.7467324667753991
2023_13_ARI_PIT,2023,13,PIT,ARI,0,0.666324145977253,0.6566878864160952,0.6509159154617056
2023_13_ATL_NYJ,2023,13,NYJ,ATL,0,0.3532474647486274,0.34746730301141293,0.3410383460632781
2023_13_CAR_TB,2023,13,TB,CAR,1,0.656486472322412,0.6475350277266888,0.6587758587848517
2023_13_CIN_JAX,2023,13,JAX,CIN,0,0.5241943835484729,0.5145063069509813,0.507897152242606
2023_13_CLE_LA,2023,13,LA,CLE,1,0.5459980164659648,0.5360124969060952,0.5293356540340961
2023_13_DEN_HOU,2023,13,HOU,DEN,1,0.5728190025071263,0.5632867573369176,0.557000785963167
2023_13_DET_NO,2023,13,NO,DET,0,0.4762739264064733,0.5043207559665782,0.49838296807197124
2023_13_IND_TEN,2023,13,TEN,IND,0,0.5119358666195584,0.5006712595955191,0.512286625266718
2023_13_KC_GB,2023,13,GB,KC,1,0.3548246497809391,0.3978428578175889,0.3913794024319874
2023_13_LAC_NE,2023,13,NE,LAC,0,0.43284160826012114,0.4234942367618146,0.4167733037762252
2023_13_MIA_WAS,2023,13,WAS,MIA,0,0.2906645437269716,0.32811397616767884,0.32212677119954325
2023_13_SEA_DAL,2023,13,DAL,SEA,1,0.7033612940797311,0.6956037376111853,0.6903679098570968
2023_13_SF_PHI,2023,13,PHI,SF,0,0.3828638435072016,0.408886473180385,0.40277087579885545
2023_14_BUF_KC,2023,14,KC,BUF,0,0.46409192448359265,0.48983852875483525,0.4841957162924865
2023_14_CAR_NO,2023,14,NO,CAR,1,0.7231656670625345,0.7140231964779247,0.7239187271040461
2023_14_DEN_LAC,2023,14,LAC,DEN,0,0.5972824328120584,0.5882793158773095,0.5999052038212285
2023_14_DET_CHI,2023,14,CHI,DET,1,0.38124867513410227,0.42508312775871976,0.4360690203269956
2023_14_GB_NYG,2023,14,NYG,GB,1,0.3109162091241623,0.35379097610234905,0.3471952257072701
2023_14_HOU_NYJ,2023,14,NYJ,HOU,1,0.3446709207588888,0.3378045556335873,0.3315149553171189
2023_14_IND_CIN,2023,14,CIN,IND,1,0.6059554656794177,0.6192674470222315,0.6124349540218548
2023_14_JAX_CLE,2023,14,CLE,JAX,1,0.4971470274064607,0.46138661255342317,0.45452885374616486
2023_14_LA_BAL,2023,14,BAL,LA,1,0.6690423892789997,0.7075754206012923,0.7020358224027815
2023_14_MIN_LV,2023,14,LV,MIN,0,0.4038076040415121,0.4845918495539102,0.4784492830470713
2023_14_NE_PIT,2023,14,PIT,NE,0,0.5941257033991602,0.583088379289074,0.5760231320549389
2023_14_PHI_DAL,2023,14,DAL,PHI,1,0.6148899140551811,0.6558704341272094,0.6668107747482106
2023_14_SEA_SF,2023,14,SF,SEA,1,0.7832007165009063,0.7993740025720277,0.8075695714629982
2023_14_TB_ATL,2023,14,ATL,TB,0,0.5507726068534946,0.5406601452364362,0.5522192454631509
2023_14_TEN_MIA,2023,14,MIA,TEN,0,0.7693338259768514,0.7615031579882394,0.7569210734611467
2023_15_ATL_CAR,2023,15,CAR,ATL,1,0.37278822171908943,0.3654428847047437,0.3759652918591549
2023_15_BAL_JAX,2023,15,JAX,BAL,0,0.3496342383514985,0.3427888825379825,0.3367349937386362
2023_15_CHI_CLE,2023,15,CLE,CHI,1,0.5591564031055282,0.5509701350326164,0.5445829813428223
2023_15_DAL_BUF,2023,15,BUF,DAL,1,0.5427092571445762,0.5316248716179566,0.5247141293076831
2023_15_DEN_DET,2023,15,DET,DEN,1,0.667034234947774,0.6548259521611559,0.6483577716719487
2023_15_HOU_TEN,2023,15,TEN,HOU,0,0.5383214948785193,0.5525429001113985,0.5634225588773112
2023_15_KC_NE,2023,15,NE,KC,0,0.2636126604387412,0.30052147893337067,0.2946422302104405
2023_15_LAC_LV,2023,15,LV,LAC,1,0.4393009685845961,0.42948206015756335,0.4403449704742006
2023_15_MIN_CIN,2023,15,CIN,MIN,1,0.5236225559302091,0.5120910281259338,0.5046622270462771
2023_15_NYG_NO,2023,15,NO,NYG,1,0.719849988374125,0.6878133782646324,0.6822840035418154
2023_15_NYJ_MIA,2023,15,MIA,NYJ,1,0.8372500262863212,0.8431392566769381,0.8491613620615531
2023_15_PHI_SEA,2023,15,SEA,PHI,1,0.421708366323104,0.4138166622073256,0.4073291010308673
2023_15_PIT_IND,2023,15,IND,PIT,1,0.5093777817153262,0.5252174900095666,0.5182955126899647
2023_15_SF_ARI,2023,15,ARI,SF,0,0.12565782507795328,0.14994116573919733,0.15550269403196423
2023_15_TB_GB,2023,15,GB,TB,0,0.6066978531352163,0.6201798155994273,0.6132325692161966
2023_15_WAS_LA,2023,15,LA,WAS,1,0.6325410133691903,0.6543043188709746,0.649152154460758
2023_16_ARI_CHI,2023,16,CHI,ARI,1,0.6420081205019038,0.6316971566228221,0.6256424987193282
2023_16_BAL_SF,2023,16,SF,BAL,0,0.6717746255064532,0.661928345298979,0.6562043716353274
2023_16_BUF_LAC,2023,16,LAC,BUF,0,0.2501601467031992,0.22789270562077452,0.2230581271022062
2023_16_CIN_PIT,2023,16,PIT,CIN,1,0.42652425290390084,0.4178766635082852,0.4291575791702481
2023_16_CLE_HOU,2023,16,HOU,CLE,0,0.4793405829349075,0.4707242002461614,0.464229942894064
2023_16_DAL_MIA,2023,16,MIA,DAL,1,0.5368120354445437,0.526051440305961,0.5192596684091433
2023_16_DET_MIN,2023,16,MIN,DET,0,0.4480902830492265,0.44081915093304125,0.45255576138777065
2023_16_GB_CAR,2023,16,CAR,GB,0,0.3356956685073567,0.3288698120274481,0.3226107382838957
2023_16_IND_ATL,2023,16,ATL,IND,1,0.5376120952652956,0.5272996930293431,0.5208128454164704
2023_16_JAX_TB,2023,16,TB,JAX,1,0.5140092655420572,0.5058191981457203,0.49941531266719785
2023_16_LV_KC,2023,16,KC,LV,0,0.7558431990253877,0.7726177706315207,0.7814058596353272
2023_16_NE_DEN,2023,16,DEN,NE,0,0.5507624436991776,0.5433368594876168,0.5367770441637248
2023_16_NO_LA,2023,16,LA,NO,1,0.48071058524419685,0.4688452806330801,0.46132004951342104
2023_16_NYG_PHI,2023,16,PHI,NYG,1,0.7833592813605427,0.7739539023095277,0.7823307708891292
2023_16_SEA_TEN,2023,16,TEN,SEA,0,0.4453297723922726,0.41039521267071866,0.4038290845462799
2023_16_WAS_NYJ,2023,16,NYJ,WAS,1,0.39867041236985973,0.39209463831047064,0.3856650456782142
2023_17_ARI_PHI,2023,17,PHI,ARI,0,0.8004796823124154,0.808148171021076,0.8039324877515346
2023_17_ATL_CHI,2023,17,CHI,ATL,1,0.4880459235049405,0.4777566416809602,0.4707117938077794
2023_17_CAR_JAX,2023,17,JAX,CAR,1,0.6528272881252195,0.6432910810564924,0.6374921131329173
2023_17_CIN_KC,2023,17,KC,CIN,1,0.6603684368103669,0.6720960713871964,0.665832402291516
2023_17_DET_DAL,2023,17,DAL,DET,1,0.5902323766047146,0.5800250572671042,0.5730625706423449
2023_17_GB_MIN,2023,17,MIN,GB,0,0.5115202359814546,0.502630069223681,0.5144829604502116
2023_17_LAC_DEN,2023,17,DEN,LAC,1,0.5163586567771565,0.5063303862480406,0.518033014782888
2023_17_LA_NYG,2023,17,NYG,LA,0,0.31536330456100103,0.36464770586845435,0.3584153475500989
2023_17_LV_IND,2023,17,IND,LV,1,0.536578990207178,0.5000999380070572,0.4933585238202186
2023_17_MIA_BAL,2023,17,BAL,MIA,1,0.5047657176499964,0.5210843195059766,0.5137794673179422
2023_17_NE_BUF,2023,17,BUF,NE,1,0.812116386161138,0.8048301968875283,0.8123051674460124
2023_17_NO_TB,2023,17,TB,NO,0,0.4503554397807549,0.4789443040270325,0.4916088277672539
2023_17_NYJ_CLE,2023,17,CLE,NYJ,1,0.7140702743146693,0.7027397201647471,0.6967591532153714
2023_17_PIT_SEA,2023,17,SEA,PIT,0,0.5751808949743681,0.5654499073920017,0.5591049034251102
2023_17_SF_WAS,2023,17,WAS,SF,0,0.19097982539291175,0.17168838145125528,0.16762802868081358
2023_17_TEN_HOU,2023,17,HOU,TEN,1,0.4936107068349997,0.48551760885532674,0.4974301727730392
2023_18_ATL_NO,2023,18,NO,ATL,1,0.5923159226992609,0.5829759155550917,0.5944693539259301
2023_18_BUF_MIA,2023,18,MIA,BUF,0,0.45738645416194534,0.44926660331884055,0.4610572120915102
2023_18_CHI_GB,2023,18,GB,CHI,1,0.618285931403222,0.6101559326196823,0.6217016914991818
2023_18_CLE_CIN,2023,18,CIN,CLE,1,0.5286250293139557,0.5555495840495838,0.5679282829975707
2023_18_DAL_WAS,2023,18,WAS,DAL,0,0.27164286680687216,0.26496509573220706,0.2739154606204075
2023_18_DEN_LV,2023,18,LV,DEN,1,0.5171662036833958,0.5088132140347892,0.5206953869587837
2023_18_HOU_IND,2023,18,IND,HOU,0,0.528945042748013,0.5183228699907528,0.5293876230244524
2023_18_JAX_TEN,2023,18,TEN,JAX,1,0.4572363163380213,0.4479922031350019,0.459530598910666
2023_18_KC_LAC,2023,18,LAC,KC,0,0.30865522874174267,0.30332154290380553,0.31326557308456116
2023_18_LA_SF,2023,18,SF,LA,0,0.7629236929530663,0.7545679638855273,0.7634991526582259
2023_18_MIN_DET,2023,18,DET,MIN,1,0.6373965483881684,0.6276257626253422,0.6385785409792245
2023_18_NYJ_NE,2023,18,NE,NYJ,0,0.6071135097774994,0.6310301395583421,0.6426371765382415
2023_18_PHI_NYG,2023,18,NYG,PHI,1,0.2433643170905199,0.2395570650716458,0.2480261485664992
2023_18_PIT_BAL,2023,18,BAL,PIT,0,0.7319443014061912,0.7218435843293478,0.7309739680756617
2023_18_SEA_ARI,2023,18,ARI,SEA,0,0.35844226873457724,0.3512501281450254,0.36168559150744745
2023_18_TB_CAR,2023,18,CAR,TB,0,0.38311936420619613,0.3746844336213402,0.3851836042965707
2024_01_ARI_BUF,2024,1,BUF,ARI,1,0.772496099436651,0.7682433008636149,0.7680256884579071
2024_01_BAL_KC,2024,1,KC,BAL,1,0.4400169616609778,0.4350504907783159,0.4347351516401419
2024_01_CAR_NO,2024,1,NO,CAR,1,0.7174121271944823,0.71320223393709,0.7136613113479496
2024_01_DAL_CLE,2024,1,CLE,DAL,0,0.3573891695473007,0.3527098884510292,0.35241141910768126
2024_01_DEN_SEA,2024,1,SEA,DEN,1,0.5733116390840326,0.5679834751506582,0.5676741240927098
2024_01_GB_PHI,2024,1,PHI,GB,1,0.5298439492326453,0.407550401114478,0.4073285515098936
2024_01_HOU_IND,2024,1,IND,HOU,0,0.5106769115384487,0.5055204416715658,0.5060610207809161
2024_01_JAX_MIA,2024,1,MIA,JAX,1,0.6815305715687426,0.6766260858335017,0.6763503506952578
2024_01_LA_DET,2024,1,DET,LA,1,0.5606204778393511,0.5561233106457062,0.5558176496999493
2024_01_LV_LAC,2024,1,LAC,LV,1,0.5081229090844761,0.503123000006547,0.5036703904448454
2024_01_MIN_NYG,2024,1,NYG,MIN,0,0.4002811621644179,0.39571363497589945,0.3954085817584872
2024_01_NE_CIN,2024,1,CIN,NE,0,0.6269002928027448,0.6219102889132692,0.6216221252135273
2024_01_NYJ_SF,2024,1,SF,NYJ,1,0.8399966572648256,0.836556249008766,0.8363880632089791
2024_01_PIT_ATL,2024,1,ATL,PIT,0,0.5125714835327314,0.5082012225023631,0.5078950638613252
2024_01_TEN_CHI,2024,1,CHI,TEN,1,0.5758604008170399,0.5702881947126199,0.5699697870361353
2024_01_WAS_TB,2024,1,TB,WAS,1,0.605462022840144,0.6012409849526053,0.6009583004316459
2024_02_ATL_PHI,2024,2,PHI,ATL,0,0.647568406332235,0.6894225775991029,0.6891635135435512
2024_02_BUF_MIA,2024,2,MIA,BUF,0,0.4268318891573342,0.4222654798390229,0.4227973558619197
2024_02_CHI_HOU,2024,2,HOU,CHI,1,0.5916141302784064,0.5872218608836056,0.5869371118818564
2024_02_CIN_KC,2024,2,KC,CIN,1,0.6386433081220696,0.6849962222244655,0.6847479132304857
2024_02_CLE_JAX,2024,2,JAX,CLE,0,0.5521080920748441,0.5483839715503599,0.5480989589238248
2024_02_IND_GB,2024,2,GB,IND,1,0.6316308150974975,0.6331976019500529,0.6329013907225335
2024_02_LAC_CAR,2024,2,CAR,LAC,0,0.2981506037168109,0.2937753139097149,0.29350107643114737
2024_02_LA_ARI,2024,2,ARI,LA,1,0.3415751626536686,0.33766641748534765,0.3381374862272123
2024_02_LV_BAL,2024,2,BAL,LV,0,0.7782936773320549,0.810664131176893,0.8104619409583814
2024_02_NO_DAL,2024,2,DAL,NO,0,0.5075377176369117,0.5023070401828911,0.50198895188103
2024_02_NYG_WAS,2024,2,WAS,NYG,1,0.6585252914906217,0.6534089137704215,0.6538946483949509
2024_02_NYJ_TEN,2024,2,TEN,NYJ,0,0.6055197032928354,0.5734209651878762,0.5731049624660207
2024_02_PIT_DEN,2024,2,DEN,PIT,0,0.4126307937077867,0.4077924758671892,0.4074799552489014
2024_02_SEA_NE,2024,2,NE,SEA,0,0.4249576207372939,0.4208788866044255,0.4205682605766358
2024_02_SF_MIN,2024,2,MIN,SF,1,0.4015799867022209,0.371197913675174,0.3709084924779144
2024_02_TB_DET,2024,2,DET,TB,0,0.5962345307384801,0.5903812180756655,0.5900520384511574
2024_03_BAL_DAL,2024,3,DAL,BAL,0,0.41310980551785864,0.40867647371874133,0.4083786966833655
2024_03_CAR_LV,2024,3,LV,CAR,0,0.7245077837913234,0.721105987975957,0.7208848518456831
2024_03_CHI_IND,2024,3,IND,CHI,1,0.5560122384223708,0.551092716508938,0.5507869475059488
2024_03_DEN_TB,2024,3,TB,DEN,0,0.682821395161167,0.6783546573671096,0.6780973425810695
2024_03_DET_ARI,2024,3,ARI,DET,0,0.4409198284992285,0.4365272483118105,0.4362204784105148
2024_03_GB_TEN,2024,3,TEN,GB,0,0.3912855899985427,0.3862578755158711,0.3859386491738036
2024_03_HOU_MIN,2024,3,MIN,HOU,1,0.5722860274627399,0.5672767235659132,0.5669553914784953
2024_03_JAX_BUF,2024,3,BUF,JAX,1,0.796775280224496,0.8276694014516874,0.8274979864303387
2024_03_KC_ATL,2024,3,ATL,KC,0,0.44919964268865004,0.47142342080684874,0.471101363726701
2024_03_LAC_PIT,2024,3,PIT,LAC,1,0.45162293859368735,0.44718814575113996,0.44687981215733746
2024_03_MIA_SEA,2024,3,SEA,MIA,1,0.5346674465400838,0.5266756739810899,0.5264154710882195
2024_03_NE_NYJ,2024,3,NYJ,NE,1,0.48131995296618096,0.4747488112511848,0.4752822136748774
2024_03_NYG_CLE,2024,3,CLE,NYG,0,0.6588877629611296,0.6533972907411116,0.6531052312039076
2024_03_PHI_NO,2024,3,NO,PHI,0,0.7127050080394687,0.6848523355273469,0.684587024256604
2024_03_SF_LA,2024,3,LA,SF,1,0.3343860998392936,0.3304488359094995,0.33092667260028824
2024_03_WAS_CIN,2024,3,CIN,WAS,0,0.6057930099308625,0.6008688789894427,0.6005794617225609
2024_04_BUF_BAL,2024,4,BAL,BUF,1,0.42090258253423,0.3895655171145193,0.3892525027886742
2024_04_CIN_CAR,2024,4,CAR,CIN,0,0.27172279221778617,0.2472657232049134,0.24702612502822316
2024_04_CLE_LV,2024,4,LV,CLE,1,0.4699361090816289,0.46707965366163384,0.4668077761445833
2024_04_DAL_NYG,2024,4,NYG,DAL,0,0.40319245300075807,0.3981436758139187,0.3986563479940759
2024_04_DEN_NYJ,2024,4,NYJ,DEN,0,0.6101467664143498,0.6583666818559318,0.6581082928299401
2024_04_JAX_HOU,2024,4,HOU,JAX,1,0.6170379863234936,0.5860182117945048,0.5865727125713459
2024_04_KC_LAC,2024,4,LAC,KC,0,0.4345398305221937,0.4304559203762433,0.43099715817432777
2024_04_LA_CHI,2024,4,CHI,LA,1,0.47203068390204367,0.4673030919683573,0.4669839847354716
2024_04_MIN_GB,2024,4,GB,MIN,0,0.4805269521138036,0.47599205482709295,0.4765439362790362
2024_04_NE_SF,2024,4,SF,NE,1,0.8064079313461362,0.8009778088613813,0.8008230952890002
2024_04_NO_ATL,2024,4,ATL,NO,1,0.3115577845803238,0.3088427590091357,0.3093155397684877
2024_04_PHI_TB,2024,4,TB,PHI,1,0.4057307362888039,0.4020614590765527,0.40176963474080285
2024_04_PIT_IND,2024,4,IND,PIT,1,0.42901520910075386,0.4234861991049096,0.42315719516820327
2024_04_SEA_DET,2024,4,DET,SEA,1,0.5798062095243157,0.5748014107327466,0.5744813482412763
2024_04_TEN_MIA,2024,4,MIA,TEN,0,0.620125430247698,0.6158388775513097,0.6155555947467579
2024_04_WAS_ARI,2024,4,ARI,WAS,0,0.4711418425987607,0.4394095094895859,0.43910653893154966
2024_05_ARI_SF,2024,5,SF,ARI,0,0.7960511937052396,0.7922958746129867,0.7926678520025251
2024_05_BAL_CIN,2024,5,CIN,BAL,0,0.34776094387063466,0.3444601291773124,0.34496151312872236
2024_05_BUF_HOU,2024,5,HOU,BUF,1,0.3111727933973057,0.30856816944995535,0.308312675383052
2024_05_CAR_CHI,2024,5,CHI,CAR,1,0.6556447799938535,0.6508190997980952,0.6505343758942063
2024_05_CLE_WAS,2024,5,WAS,CLE,1,0.7198762613381736,0.7152950193007539,0.7150393031093635
2024_05_DAL_PIT,2024,5,PIT,DAL,0,0.5198033997037425,0.5135206410407126,0.5132662826113114
2024_05_GB_LA,2024,5,LA,GB,0,0.4916038706100905,0.48594521295453275,0.4856183403769299
2024_05_IND_JAX,2024,5,JAX,IND,1,0.4445055735786267,0.43943533628413817,0.4399638916490102
2024_05_LV_DEN,2024,5,DEN,LV,1,0.6158736375789362,0.6093628329820249,0.609848502083543
2024_05_MIA_NE,2024,5,NE,MIA,0,0.4084508938295966,0.3774524006559849,0.3779544294321902
2024_05_NO_KC,2024,5,KC,NO,1,0.4854672650984529,0.4808834109498496,0.48056274915464736
2024_05_NYG_SEA,2024,5,SEA,NYG,0,0.7309751112533196,0.7447036251143504,0.7444863502625507
2024_05_NYJ_MIN,2024,5,MIN,NYJ,1,0.6761457128141403,0.5608964421276462,0.5606824413031385
2024_05_TB_ATL,2024,5,ATL,TB,1,0.459442679174762,0.45421921014568206,0.45475347594781734
2024_06_ARI_GB,2024,6,GB,ARI,1,0.6144834859492944,0.6101488029623051,0.6098647181196645
2024_06_ATL_CAR,2024,6,CAR,ATL,0,0.34877383398585693,0.34165296123111977,0.34216322513705144
2024_06_BUF_NYJ,2024,6,NYJ,BUF,0,0.31799076018142475,0.3152581951415094,0.3157413862826309
2024_06_CIN_NYG,2024,6,NYG,CIN,0,0.3764088900011837,0.37230073338771646,0.37200773976394375
2024_06_CLE_PHI,2024,6,PHI,CLE,1,0.7075089005016028,0.7581478503412941,0.757918250912121
2024_06_DET_DAL,2024,6,DAL,DET,0,0.4246523112139304,0.4078022537325998,0.407564547817914
2024_06_HOU_NE,2024,6,NE,HOU,0,0.36624394024266094,0.361945008757062,0.36162688316911623
2024_06_IND_TEN,2024,6,TEN,IND,0,0.439548430060003,0.5018475522658016,0.5023933446661909
2024_06_JAX_CHI,2024,6,CHI,JAX,1,0.6127943924660763,0.4919191617460452,0.4917059138387964
2024_06_LAC_DEN,2024,6,DEN,LAC,0,0.5353559157695366,0.5133612135139078,0.5139555259470775
2024_06_PIT_LV,2024,6,LV,PIT,0,0.3571685480596591,0.353663029717719,0.3533877969525011
2024_06_SF_SEA,2024,6,SEA,SF,0,0.40145308806404456,0.3955971404351582,0.3960922358858434
2024_06_TB_NO,2024,6,NO,TB,0,0.6178438040034766,0.6352895812116529,0.6358288338217589
2024_06_WAS_BAL,2024,6,BAL,WAS,1,0.6729677996683607,0.6681163474205495,0.6678426652122454
2024_07_BAL_TB,2024,7,TB,BAL,0,0.36327834218823396,0.3592740657898962,0.3589856722845522
2024_07_CAR_WAS,2024,7,WAS,CAR,1,0.806584202546234,0.8027328482837993,0.8025355941680727
2024_07_CIN_CLE,2024,7,CLE,CIN,0,0.3288237150916497,0.3243687461262098,0.32483084433920356
2024_07_DEN_NO,2024,7,NO,DEN,0,0.5817100802338815,0.5752783247717004,0.5749613880367715
2024_07_DET_MIN,2024,7,MIN,DET,0,0.4189151396911668,0.4850551604415214,0.4856126970190506
2024_07_HOU_GB,2024,7,GB,HOU,1,0.5881405543225585,0.58356592247958,0.5832523178297074
2024_07_KC_SF,2024,7,SF,KC,0,0.5811456496800128,0.6192512434853501,0.6190394693277652
2024_07_LAC_ARI,2024,7,ARI,LAC,1,0.4555325871581721,0.4500110946943543,0.44967861745986093
2024_07_LV_LA,2024,7,LA,LV,1,0.6932127178306806,0.7446966690797504,0.7444376884876829
2024_07_MIA_IND,2024,7,IND,MIA,1,0.5814387211595328,0.5606475204968706,0.5603998240972732
2024_07_NE_JAX,2024,7,JAX,NE,1,0.6152595710450168,0.49398680059155303,0.49377059924360006
2024_07_NYJ_PIT,2024,7,PIT,NYJ,1,0.6168119361633863,0.58538587820258,0.585074591908063
2024_07_PHI_NYG,2024,7,NYG,PHI,0,0.3528171629879153,0.34973326874674776,0.3502447058102711
2024_07_SEA_ATL,2024,7,ATL,SEA,0,0.53597084726518,0.5292356058146555,0.5289854991906144
2024_07_TEN_BUF,2024,7,BUF,TEN,1,0.7804590976769314,0.7937957914931982,0.7935837067451418
2024_08_ARI_MIA,2024,8,MIA,ARI,0,0.5230125091320355,0.4907396828939713,0.4904420679160671
2024_08_ATL_TB,2024,8,TB,ATL,0,0.5789511035138004,0.5990359658541553,0.5995376436607999
2024_08_BAL_CLE,2024,8,CLE,BAL,1,0.17382623855434076,0.15628484210185545,0.1565654056666521
2024_08_BUF_SEA,2024,8,SEA,BUF,0,0.33658784805358144,0.33343541111181985,0.33316013371687575
2024_08_CAR_DEN,2024,8,DEN,CAR,1,0.7757191389268394,0.8092537679321976,0.8090725564217771
2024_08_CHI_WAS,2024,8,WAS,CHI,1,0.646162476318344,0.6265598968195532,0.6263258659679176
2024_08_DAL_SF,2024,8,SF,DAL,1,0.7326804548768265,0.7156405341445534,0.7154433604057517
2024_08_GB_JAX,2024,8,JAX,GB,0,0.3998333761845796,0.39437122354071213,0.39405311859656367
2024_08_IND_HOU,2024,8,HOU,IND,1,0.5710004443007584,0.56566325720459,0.5662053631079224
2024_08_KC_LV,2024,8,LV,KC,0,0.21787578786066497,0.21616410412966136,0.21654934910034634
2024_08_MIN_LA,2024,8,LA,MIN,1,0.4527739891055196,0.44592475343913285,0.4455868839261428
2024_08_NO_LAC,2024,8,LAC,NO,1,0.5561849719379247,0.5761213750617985,0.5758659978860872
2024_08_NYG_PIT,2024,8,PIT,NYG,1,0.7086955997248359,0.7046625481781696,0.7044037346963554
2024_08_NYJ_NE,2024,8,NE,NYJ,1,0.3849492057551662,0.38060085023320644,0.3810989431973439
2024_08_PHI_CIN,2024,8,CIN,PHI,0,0.46042356437487486,0.45710449844036055,0.456816697276737
2024_08_TEN_DET,2024,8,DET,TEN,1,0.8115472059498742,0.8077610546680812,0.8075734411756736
2024_09_CHI_ARI,2024,9,ARI,CHI,1,0.4919072034834491,0.48744104610373995,0.4871273314819852
2024_09_DAL_ATL,2024,9,ATL,DAL,1,0.6394068493578988,0.6352595187650697,0.6349771994927274
2024_09_DEN_BAL,2024,9,BAL,DEN,1,0.739301816046199,0.7351630961168667,0.7349257191069501
2024_09_DET_GB,2024,9,GB,DET,0,0.3827580599149146,0.37915971008165394,0.3796780252134036
2024_09_HOU_NYJ,2024,9,NYJ,HOU,1,0.48731851712849755,0.4810338466384243,0.4806965313547354
2024_09_IND_MIN,2024,9,MIN,IND,1,0.6622062707738431,0.7070577922084753,0.7068150393332612
2024_09_JAX_PHI,2024,9,PHI,JAX,1,0.7016588746955802,0.6964594657025922,0.696188020926237
2024_09_LAC_CLE,2024,9,CLE,LAC,0,0.4084948486288626,0.40314099336914183,0.4028184445806075
2024_09_LA_SEA,2024,9,SEA,LA,0,0.4892951928502951,0.48259095617305836,0.48319910242884506
2024_09_LV_CIN,2024,9,CIN,LV,1,0.7093071890860755,0.7039296107694206,0.7036587953144948
2024_09_MIA_BUF,2024,9,BUF,MIA,1,0.7979419233705095,0.7933843726584648,0.7937365439731267
2024_09_NE_TEN,2024,9,TEN,NE,1,0.5920510387792463,0.5867524384342533,0.5864443115308882
2024_09_NO_CAR,2024,9,CAR,NO,1,0.3328517037967007,0.32927122932818,0.32974673233866797
2024_09_TB_KC,2024,9,KC,TB,1,0.6391109105351716,0.6340538117358749,0.6337535323432019
2024_09_WAS_NYG,2024,9,NYG,WAS,0,0.2666415973598322,0.2844538447064102,0.2848851072586662
2024_10_ATL_NO,2024,10,NO,ATL,1,0.44315378123943805,0.4373913668392245,0.4379098333696416
2024_10_BUF_IND,2024,10,IND,BUF,0,0.2463854400378646,0.24398141859785485,0.24374961402382356
2024_10_CIN_BAL,2024,10,BAL,CIN,1,0.759675074123294,0.7540717513092431,0.7544597303208515
2024_10_DEN_KC,2024,10,KC,DEN,1,0.7097743819720821,0.726776984667754,0.7271991784550632
2024_10_DET_HOU,2024,10,HOU,DET,0,0.3208234586056596,0.36863072542772074,0.36835630902357663
2024_10_MIA_LA,2024,10,LA,MIA,0,0.5952420981444361,0.5898541528997852,0.5895440652158778
2024_10_MIN_JAX,2024,10,JAX,MIN,0,0.36238773787562506,0.3573319886998944,0.35702791579091775
2024_10_NE_CHI,2024,10,CHI,NE,0,0.6795310277650523,0.6743816605011524,0.6741087919359783
2024_10_NYG_CAR,2024,10,CAR,NYG,1,0.4219004157195769,0.30918328319987015,0.3089912618489151
2024_10_NYJ_ARI,2024,10,ARI,NYJ,1,0.5376387939196894,0.530316350389309,0.5300399597687575
2024_10_PHI_DAL,2024,10,DAL,PHI,0,0.34582889926592175,0.3423909805697124,0.3428889680364003
2024_10_PIT_WAS,2024,10,WAS,PIT,0,0.6419610124116634,0.6247100529710059,0.6244672973979016
2024_10_SF_TB,2024,10,TB,SF,0,0.4056057051937474,0.411712844209835,0.4114565398075512
2024_10_TEN_LAC,2024,10,LAC,TEN,1,0.6407155851804913,0.6365485732617484,0.6362760120364339
2024_11_ATL_DEN,2024,11,DEN,ATL,1,0.44826309023283634,0.44290045165212955,0.4425757219978558
2024_11_BAL_PIT,2024,11,PIT,BAL,1,0.289668282078186,0.2846243487700494,0.2851104069291032
2024_11_CIN_LAC,2024,11,LAC,CIN,1,0.5290084051606793,0.5217792724796897,0.5215175470325236
2024_11_CLE_NO,2024,11,NO,CLE,1,0.6254021776811425,0.6052510951641719,0.6050185153944165
2024_11_GB_CHI,2024,11,CHI,GB,0,0.41263482259166284,0.39213672726990995,0.39270797988882883
2024_11_HOU_DAL,2024,11,DAL,HOU,0,0.45390659080494944,0.44889235513727604,0.4485702497276928
2024_11_IND_NYJ,2024,11,NYJ,IND,0,0.5762399403409606,0.5708199241979581,0.5705170087241678
2024_11_JAX_DET,2024,11,DET,JAX,1,0.7864672896483489,0.7825384867908997,0.7823299569813227
2024_11_KC_BUF,2024,11,BUF,KC,1,0.6025427527342587,0.5971618784441286,0.5968577351721036
2024_11_LA_NE,2024,11,NE,LA,0,0.3676318230198911,0.3377324633302293,0.3374355888183864
2024_11_LV_MIA,2024,11,MIA,LV,1,0.7019434711617512,0.7056900433859168,0.7054621823041677
2024_11_MIN_TEN,2024,11,TEN,MIN,0,0.31813686762219484,0.31366305806071754,0.3133779043075361
2024_11_SEA_SF,2024,11,SF,SEA,0,0.7520578342148011,0.7350548153649183,0.7355269916094894
2024_11_WAS_PHI,2024,11,PHI,WAS,1,0.5443584399471387,0.5377831917574152,0.53830903697317
2024_12_ARI_SEA,2024,12,SEA,ARI,1,0.4700549237570926,0.4500677631647756,0.4506884145348984
2024_12_BAL_LAC,2024,12,LAC,BAL,0,0.2821569459453221,0.27902280715123084,0.27877168368369726
2024_12_DAL_WAS,2024,12,WAS,DAL,0,0.7468585638518577,0.7640813847876682,0.764483591365538
2024_12_DEN_LV,2024,12,LV,DEN,0,0.2995813984958303,0.2972422889947652,0.29771503532643173
2024_12_DET_IND,2024,12,IND,DET,0,0.21383078451998538,0.21152788889624913,0.21131501576950057
2024_12_KC_CAR,2024,12,CAR,KC,0,0.20140398268660628,0.24776633957273783,0.24752481575394797
2024_12_MIN_CHI,2024,12,CHI,MIN,0,0.38665836682540816,0.3811159150918819,0.38161022139579603
2024_12_NE_MIA,2024,12,MIA,NE,1,0.6588548040915029,0.654670884833004,0.6551834854084067
2024_12_PHI_LA,2024,12,LA,PHI,0,0.40614894077401636,0.40045588672017396,0.40021862813859316
2024_12_PIT_CLE,2024,12,CLE,PIT,1,0.3821924185499399,0.3758758029558815,0.3763615429856465
2024_12_SF_GB,2024,12,GB,SF,1,0.3921902017307693,0.3883129667257695,0.38801395604616395
2024_12_TB_NYG,2024,12,NYG,TB,0,0.36816770147153094,0.4156063011417358,0.4153575042478382
2024_12_TEN_HOU,2024,12,HOU,TEN,0,0.6475332616341221,0.6666517675723547,0.6671336979700528
2024_13_ARI_MIN,2024,13,MIN,ARI,1,0.6216678801209595,0.6173988945541607,0.6171150621917707
2024_13_CHI_DET,2024,13,DET,CHI,1,0.7993476035233239,0.7948353534424067,0.7951919038279229
2024_13_CLE_DEN,2024,13,DEN,CLE,1,0.6745636818377561,0.6680514337514739,0.6678285951742424
2024_13_HOU_JAX,2024,13,JAX,HOU,0,0.39552393765519456,0.45999718077309676,0.4605283634743062
2024_13_IND_NE,2024,13,NE,IND,0,0.48767562516927815,0.4824580386534803,0.4821309092022069
2024_13_LAC_ATL,2024,13,ATL,LAC,0,0.5596023644436402,0.596934569088137,0.5966375180108013
2024_13_LA_NO,2024,13,NO,LA,0,0.49966275410015765,0.5643576305544008,0.5640384517156031
2024_13_LV_KC,2024,13,KC,LV,1,0.8355004455654726,0.8304046074221288,0.8306905504648482
2024_13_MIA_GB,2024,13,GB,MIA,1,0.6038012311948533,0.5968282559148511,0.5964968485206431
2024_13_NYG_DAL,2024,13,DAL,NYG,1,0.5599796465802415,0.5537990425833781,0.5543307148138228
2024_13_PHI_BAL,2024,13,BAL,PHI,0,0.634799203689964,0.6545968081990869,0.6543081878017275
2024_13_PIT_CIN,2024,13,CIN,PIT,0,0.5450226706593903,0.6068133066936663,0.6073930108841491
2024_13_SEA_NYJ,2024,13,NYJ,SEA,0,0.5014868651333562,0.566474216524017,0.5661630318507938
2024_13_SF_BUF,2024,13,BUF,SF,1,0.5794160025029692,0.6414312473610956,0.6411381365178325
2024_13_TB_CAR,2024,13,CAR,TB,0,0.27621223292765873,0.27237125445374627,0.2727871391858431
2024_13_TEN_WAS,2024,13,WAS,TEN,1,0.7176583952062371,0.7127170031960042,0.7124564287943965
2024_14_ATL_MIN,2024,14,MIN,ATL,1,0.6049079543508615,0.5999255492507319,0.5996226735452997
2024_14_BUF_LA,2024,14,LA,BUF,1,0.34266536285659466,0.33924925010237883,0.3389732797262405
2024_14_CAR_PHI,2024,14,PHI,CAR,1,0.8176320875150394,0.8138093002554381,0.8136197748124182
2024_14_CHI_SF,2024,14,SF,CHI,1,0.6874699123842839,0.6808995490064583,0.6806841180692763
2024_14_CIN_DAL,2024,14,DAL,CIN,0,0.4208046878381373,0.4721404532784117,0.4718358767749331
2024_14_CLE_PIT,2024,14,PIT,CLE,1,0.6656790167435822,0.6361412409739526,0.6366598399705187
2024_14_GB_DET,2024,14,DET,GB,1,0.6947998806526424,0.6896849275551766,0.6901508397025087
2024_14_JAX_TEN,2024,14,TEN,JAX,0,0.527535032781222,0.5226758190968986,0.5232206619123971
2024_14_LAC_KC,2024,14,KC,LAC,1,0.6748108186498419,0.6756482024006955,0.6761122400264481
2024_14_LV_TB,2024,14,TB,LV,1,0.7491198701481282,0.7389005506063654,0.7386527823682172
2024_14_NO_NYG,2024,14,NYG,NO,0,0.409447579449543,0.461216616382791,0.46091547622969653
2024_14_NYJ_MIA,2024,14,MIA,NYJ,1,0.6177643849644486,0.6662696903227421,0.6667805741631699
2024_14_SEA_ARI,2024,14,ARI,SEA,0,0.5605813384878069,0.5551784472030157,0.5557037654365277
2024_15_ATL_LV,2024,15,LV,ATL,0,0.3392953091397049,0.33593751076237427,0.33566376092223804
2024_15_BAL_NYG,2024,15,NYG,BAL,0,0.18839444824981272,0.17663034689776796,0.1764786742767043
2024_15_BUF_DET,2024,15,DET,BUF,0,0.5538232911494877,0.6050306510095477,0.604756185705126
2024_15_CHI_MIN,2024,15,MIN,CHI,1,0.6815422813341526,0.6776961646267629,0.6781929231598214
2024_15_CIN_TEN,2024,15,TEN,CIN,0,0.3782207079082161,0.3480631381979571,0.3477643733142841
2024_15_DAL_CAR,2024,15,CAR,DAL,0,0.45509040960541325,0.42282458911096754,0.42250609174391573
2024_15_GB_SEA,2024,15,SEA,GB,0,0.43678178786569183,0.4298609852998192,0.42960812121659137
2024_15_IND_DEN,2024,15,DEN,IND,1,0.6478194682376063,0.6883291814874949,0.6881207539507755
2024_15_KC_CLE,2024,15,CLE,KC,0,0.29475568387326523,0.2911737226402027,0.2909098932054057
2024_15_LA_SF,2024,15,SF,LA,0,0.6350406498014396,0.6285117627456676,0.6290044379434855
2024_15_MIA_HOU,2024,15,HOU,MIA,1,0.48848458513301785,0.5533630372376492,0.5530418151658572
2024_15_NE_ARI,2024,15,ARI,NE,1,0.6443177847195117,0.6245219397344538,0.624291836277457
2024_15_NYJ_JAX,2024,15,JAX,NYJ,0,0.47900246700806126,0.4740097926272403,0.4736867414470775
2024_15_PIT_PHI,2024,15,PHI,PIT,1,0.6660256064256673,0.6600455271782737,0.6597453476799112
2024_15_TB_LAC,2024,15,LAC,TB,0,0.4447315081317366,0.44002582592373235,0.4397182123168589
2024_15_WAS_NO,2024,15,NO,WAS,0,0.39795911212770446,0.37853608269128153,0.37830641335283527
2024_16_ARI_CAR,2024,16,CAR,ARI,1,0.3434579509353018,0.33922775927387755,0.3389397123591834
2024_16_CLE_CIN,2024,16,CIN,CLE,1,0.6741218055542307,0.6698332160354915,0.6703306944551118
2024_16_DEN_LAC,2024,16,LAC,DEN,1,0.45991532829347326,0.45414078550902987,0.4546725902812678
2024_16_DET_CHI,2024,16,CHI,DET,0,0.25110862641188875,0.2681472470599496,0.26854833900928254
2024_16_HOU_KC,2024,16,KC,HOU,1,0.6810413575229716,0.6746005598218063,0.6742990609089435
2024_16_JAX_LV,2024,16,LV,JAX,1,0.45225322832164355,0.47511757858880593,0.4748049587038434
2024_16_LA_NYJ,2024,16,NYJ,LA,0,0.4258576481233332,0.4191217814837848,0.4188684822480314
2024_16_MIN_SEA,2024,16,SEA,MIN,0,0.39566952270425637,0.3647924161980657,0.3644954365120344
2024_16_NE_BUF,2024,16,BUF,NE,1,0.822588758946808,0.8186441434569947,0.8189691356224748
2024_16_NO_GB,2024,16,GB,NO,1,0.6527843394826581,0.6485912632653283,0.6483129076973951
2024_16_NYG_ATL,2024,16,ATL,NYG,1,0.6960607685300649,0.7140695396063453,0.7138108886621971
2024_16_PHI_WAS,2024,16,WAS,PHI,1,0.4763216005000361,0.4715669302985213,0.4721090006003666
2024_16_PIT_BAL,2024,16,BAL,PIT,1,0.7770132282096789,0.7715146078868059,0.7718864605195386
2024_16_SF_MIA,2024,16,MIA,SF,1,0.42703947514779944,0.42150064010480787,0.4212635148886979
2024_16_TB_DAL,2024,16,DAL,TB,1,0.3802827423581212,0.3754693750985721,0.3751674629345274
2024_16_TEN_IND,2024,16,IND,TEN,1,0.5594877359323924,0.5547670739009485,0.5553112691452202
2024_17_ARI_LA,2024,17,LA,ARI,1,0.5810914516250854,0.5749760386954407,0.5755031967369018
2024_17_ATL_WAS,2024,17,WAS,ATL,1,0.6140073022521279,0.6079024172454938,0.6075861062186246
2024_17_BAL_HOU,2024,17,HOU,BAL,0,0.24537343544251008,0.24175744046689218,0.24151762371282848
2024_17_CAR_TB,2024,17,TB,CAR,1,0.7719717868352439,0.7683627774357142,0.7687636530421966
2024_17_DAL_PHI,2024,17,PHI,DAL,1,0.7385199928358934,0.7337706499932054,0.734188461815602
2024_17_DEN_CIN,2024,17,CIN,DEN,1,0.5480908246106189,0.5628671284209125,0.5625554637536998
2024_17_DET_SF,2024,17,SF,DET,0,0.417239034631274,0.4125077796097874,0.41219740168615204
2024_17_GB_MIN,2024,17,MIN,GB,1,0.5067657244318614,0.4745611756914251,0.475113106458033
2024_17_IND_NYG,2024,17,NYG,IND,1,0.4402803690693176,0.4353762009705487,0.4350597085587929
2024_17_KC_PIT,2024,17,PIT,KC,0,0.37525426891562513,0.37037933939136847,0.3700775538922018
2024_17_LAC_NE,2024,17,NE,LAC,0,0.45563548080417565,0.4702981116883155,0.4699597584091243
2024_17_LV_NO,2024,17,NO,LV,0,0.6402769361889317,0.6581166248679533,0.65779990739731
2024_17_MIA_CLE,2024,17,CLE,MIA,0,0.35950114358207536,0.35428070265288675,0.35396650238788435
2024_17_NYJ_BUF,2024,17,BUF,NYJ,1,0.7862670191091168,0.7818471458769549,0.7822113891965979
2024_17_SEA_CHI,2024,17,CHI,SEA,0,0.4758138856685736,0.4691356656179369,0.4687931493772777
2024_17_TEN_JAX,2024,17,JAX,TEN,1,0.552460436167842,0.5473348704677464,0.5478770288173378
2024_18_BUF_NE,2024,18,NE,BUF,1,0.20441481851648766,0.20441691517881663,0.20476701179366566
2024_18_CAR_ATL,2024,18,ATL,CAR,0,0.7275462174682902,0.7237462251178726,0.7241980092925215
2024_18_CHI_GB,2024,18,GB,CHI,0,0.7148983023867118,0.7088018788443022,0.7093072587891461
2024_18_CIN_PIT,2024,18,PIT,CIN,0,0.4471089444693655,0.499390332252482,0.4999449681295641
2024_18_CLE_BAL,2024,18,BAL,CLE,1,0.8727291343294798,0.882592849122202,0.882831710887788
2024_18_HOU_TEN,2024,18,TEN,HOU,0,0.46748364581734225,0.45664587852602834,0.45723017198589283
2024_18_JAX_IND,2024,18,IND,JAX,1,0.5420449870872343,0.5373983730195964,0.5379417019401115
2024_18_KC_DEN,2024,18,DEN,KC,1,0.4074801994535749,0.4010571287895111,0.40163294790337034
2024_18_LAC_LV,2024,18,LV,LAC,0,0.38812021169717376,0.38121278987249546,0.38173671455202624
2024_18_MIA_NYJ,2024,18,NYJ,MIA,1,0.41750980138105936,0.412252475591368,0.41276697820552766
2024_18_MIN_DET,2024,18,DET,MIN,1,0.6620362526683788,0.6798634553823981,0.6803174148449646
2024_18_NO_TB,2024,18,TB,NO,1,0.7029102115162745,0.6988479172295029,0.6993165093235034
2024_18_NYG_PHI,2024,18,PHI,NYG,1,0.8174694059767462,0.8135125095654114,0.8138430803917632
2024_18_SEA_LA,2024,18,LA,SEA,0,0.6024120604566559,0.5982560103351612,0.598827980050657
2024_18_SF_ARI,2024,18,ARI,SF,1,0.4064727180514484,0.3787796292899546,0.3792821728467541
2024_18_WAS_DAL,2024,18,DAL,WAS,0,0.34453429245300377,0.3410093110076972,0.34151000561549383
