model,evaluation_season,c_value,inner_brier,inner_games
V4-A,2022,0.01,0.22868673924788183,271
V4-A,2022,0.1,0.23165900705405362,271
V4-A,2022,1.0,0.23413453504779697,271
V4-A,2022,10.0,0.2348530483753954,271
V4-A,2022,0.001,0.23692279689774645,271
V4-D,2022,0.01,0.23113181196128108,271
V4-D,2022,0.001,0.23723744751750955,271
V4-D,2022,0.1,0.23740266073014457,271
V4-D,2022,1.0,0.2408514058845524,271
V4-D,2022,10.0,0.2415886516687188,271
V4-D+,2022,0.01,0.23116143152509158,271
V4-D+,2022,0.001,0.23724313040290637,271
V4-D+,2022,0.1,0.2374615799054512,271
V4-D+,2022,1.0,0.24095519230513884,271
V4-D+,2022,10.0,0.24167761520141368,271
V4-A,2023,0.01,0.22686986860634917,540
V4-A,2023,0.1,0.2287136103130324,540
V4-A,2023,1.0,0.2307083190590011,540
V4-A,2023,10.0,0.23122288733896668,540
V4-A,2023,0.001,0.23529166018945397,540
V4-D,2023,0.01,0.22780178473304538,540
V4-D,2023,0.1,0.2316085623782757,540
V4-D,2023,1.0,0.23419692800613479,540
V4-D,2023,10.0,0.2347528574431649,540
V4-D,2023,0.001,0.23523634236900975,540
V4-D+,2023,0.01,0.22782831666027992,540
V4-D+,2023,0.1,0.2316484538226338,540
V4-D+,2023,1.0,0.2342506262519883,540
V4-D+,2023,10.0,0.23480026954603359,540
V4-D+,2023,0.001,0.2352508333794702,540
V4-A,2024,0.01,0.22893579459335836,812
V4-A,2024,0.1,0.23065621942438083,812
V4-A,2024,1.0,0.23209174915480596,812
V4-A,2024,10.0,0.23246351203093993,812
V4-A,2024,0.001,0.23487391884002704,812
V4-D,2024,0.01,0.2296852385535815,812
V4-D,2024,0.1,0.23276701080969817,812
V4-D,2024,1.0,0.23462966983342362,812
V4-D,2024,0.001,0.2348920635467668,812
V4-D,2024,10.0,0.23504017865384907,812
V4-D+,2024,0.01,0.2299855656961475,812
V4-D+,2024,0.1,0.23322832775079175,812
V4-D+,2024,0.001,0.2349547169601089,812
V4-D+,2024,1.0,0.23513516725429698,812
V4-D+,2024,10.0,0.23554532820427015,812
