game_id,season,week,home_team,away_team,home_win,predicted_home_win,elo_home_win_probability,selected_probability,equal_weight_probability,selected_v3_weight,selected_elo_weight
2023_01_ARI_WAS,2023,1,WAS,ARI,1,0.5769374743628153,0.6370925599562557,0.5889684914815033,0.6070150171595354,0.8,0.19999999999999996
2023_01_BUF_NYJ,2023,1,NYJ,BUF,1,0.3154949209317027,0.403233543464087,0.3330426454381796,0.3593642321978949,0.8,0.19999999999999996
2023_01_CAR_ATL,2023,1,ATL,CAR,1,0.529660468724657,0.6000005273678485,0.5437284804532952,0.5648304980462527,0.8,0.19999999999999996
2023_01_CIN_CLE,2023,1,CLE,CIN,1,0.4264227496782537,0.5043626733607205,0.4420107344147471,0.46539271151948713,0.8,0.19999999999999996
2023_01_DAL_NYG,2023,1,NYG,DAL,0,0.47621226027567054,0.4973706356024643,0.48044393534102925,0.4867914479390674,0.8,0.19999999999999996
2023_01_DET_KC,2023,1,KC,DET,0,0.6821783562561557,0.7368754927891673,0.693117783562758,0.7095269245226615,0.8,0.19999999999999996
2023_01_GB_CHI,2023,1,CHI,GB,0,0.4336355921325947,0.44213630157067485,0.43533573402021075,0.4378859468516348,0.8,0.19999999999999996
2023_01_HOU_BAL,2023,1,BAL,HOU,1,0.7217867902666693,0.7154358557107093,0.7205166033554773,0.7186113229886892,0.8,0.19999999999999996
2023_01_JAX_IND,2023,1,IND,JAX,0,0.30832610689456696,0.5774385407275364,0.3621485936611608,0.4428823238110517,0.8,0.19999999999999996
2023_01_LA_SEA,2023,1,SEA,LA,0,0.6117052628384464,0.6259206677176972,0.6145483438142966,0.6188129652780718,0.8,0.19999999999999996
2023_01_LV_DEN,2023,1,DEN,LV,0,0.46056534565669954,0.5428252098975974,0.4770173185048791,0.5016952777771485,0.8,0.19999999999999996
2023_01_MIA_LAC,2023,1,LAC,MIA,0,0.4820529358985773,0.6020277269095657,0.5060478941007749,0.5420403314040715,0.8,0.19999999999999996
2023_01_PHI_NE,2023,1,NE,PHI,0,0.3667084210184706,0.533474935474952,0.40006172390976685,0.45009167824671126,0.8,0.19999999999999996
2023_01_SF_PIT,2023,1,PIT,SF,0,0.3777882160756639,0.540438320782687,0.4103182370170685,0.45911326842917544,0.8,0.19999999999999996
2023_01_TB_MIN,2023,1,MIN,TB,0,0.5355923238769973,0.6299877544855017,0.5544714099986982,0.5827900391812495,0.8,0.19999999999999996
2023_01_TEN_NO,2023,1,NO,TEN,1,0.5746806449120412,0.5928177353962601,0.5783080630088849,0.5837491901541507,0.8,0.19999999999999996
2023_02_BAL_CIN,2023,2,CIN,BAL,0,0.4441204677402512,0.6149049490156596,0.4782773639953329,0.5295127083779554,0.8,0.19999999999999996
2023_02_CHI_TB,2023,2,TB,CHI,1,0.645631810771526,0.7363277556279405,0.6637709997428088,0.6909797831997333,0.8,0.19999999999999996
2023_02_CLE_PIT,2023,2,PIT,CLE,1,0.3656443549849082,0.6170179321007657,0.41591907040807974,0.49133114354283697,0.8,0.19999999999999996
2023_02_GB_ATL,2023,2,ATL,GB,1,0.43658271505390034,0.4997267813503666,0.44921152831319355,0.46815474820213343,0.8,0.19999999999999996
2023_02_IND_HOU,2023,2,HOU,IND,0,0.5093718471190227,0.5509585037723516,0.5176891784496885,0.5301651754456871,0.8,0.19999999999999996
2023_02_KC_JAX,2023,2,JAX,KC,0,0.4416643470692842,0.451970578605424,0.4437255933765122,0.44681746283735413,0.8,0.19999999999999996
2023_02_LAC_TEN,2023,2,TEN,LAC,1,0.4039135266337335,0.5772863853673443,0.43858809838045565,0.4905999560005389,0.8,0.19999999999999996
2023_02_LV_BUF,2023,2,BUF,LV,1,0.5937738968862404,0.6928334619120489,0.6135858098914021,0.6433036793991447,0.8,0.19999999999999996
2023_02_MIA_NE,2023,2,NE,MIA,0,0.35437620081013277,0.5595559526688311,0.3954121511818724,0.4569660767394819,0.8,0.19999999999999996
2023_02_MIN_PHI,2023,2,PHI,MIN,1,0.6567039421635077,0.6283498045146777,0.6510331146337417,0.6425268733390928,0.8,0.19999999999999996
2023_02_NO_CAR,2023,2,CAR,NO,0,0.4306196701454423,0.5153835170973071,0.44757243953581527,0.4730015936213747,0.8,0.19999999999999996
2023_02_NYG_ARI,2023,2,ARI,NYG,0,0.5212990968771672,0.5629696311045072,0.5296332037226352,0.5421343639908371,0.8,0.19999999999999996
2023_02_NYJ_DAL,2023,2,DAL,NYJ,1,0.7052597553814374,0.7155292541471361,0.7073136551345771,0.7103945047642868,0.8,0.19999999999999996
2023_02_SEA_DET,2023,2,DET,SEA,0,0.6701810412337201,0.5924877665117712,0.6546423862893304,0.6313344038727456,0.8,0.19999999999999996
2023_02_SF_LA,2023,2,LA,SF,0,0.3325581502401254,0.47983526019102885,0.36201357223030606,0.40619670521557716,0.8,0.19999999999999996
2023_02_WAS_DEN,2023,2,DEN,WAS,0,0.5080309095774088,0.5090111166959089,0.5082269510011088,0.5085210131366589,0.8,0.19999999999999996
2023_03_ATL_DET,2023,3,DET,ATL,1,0.5086489610834127,0.5894555089985922,0.5248102706664486,0.5490522350410025,0.8,0.19999999999999996
2023_03_BUF_WAS,2023,3,WAS,BUF,0,0.30253655054171197,0.49221609695675356,0.3404724598247203,0.39737632374923276,0.8,0.19999999999999996
2023_03_CAR_SEA,2023,3,SEA,CAR,1,0.6699318860460395,0.6766422508325877,0.6712739590033491,0.6732870684393135,0.8,0.19999999999999996
2023_03_CHI_KC,2023,3,KC,CHI,1,0.8354950039837551,0.8004443755989906,0.8284848783068022,0.8179696897913729,0.8,0.19999999999999996
2023_03_DAL_ARI,2023,3,ARI,DAL,1,0.25037465665389763,0.4149465160982235,0.28328902854276283,0.33266058637606055,0.8,0.19999999999999996
2023_03_DEN_MIA,2023,3,MIA,DEN,1,0.7339240886335222,0.7258634118323652,0.7323119532732909,0.7298937502329437,0.8,0.19999999999999996
2023_03_HOU_JAX,2023,3,JAX,HOU,0,0.6718467688225057,0.6791907860845704,0.6733155722749187,0.675518777453538,0.8,0.19999999999999996
2023_03_IND_BAL,2023,3,BAL,IND,0,0.7382790032915949,0.6953375124636807,0.7296907051260121,0.7168082578776378,0.8,0.19999999999999996
2023_03_LAC_MIN,2023,3,MIN,LAC,0,0.45517979473588793,0.6355364581698194,0.4912511274226742,0.5453581264528536,0.8,0.19999999999999996
2023_03_LA_CIN,2023,3,CIN,LA,1,0.48938805121886947,0.6495003242852481,0.5214105058321452,0.5694441877520587,0.8,0.19999999999999996
2023_03_NE_NYJ,2023,3,NYJ,NE,0,0.4113195582232372,0.5503307373699013,0.43912179405257,0.48082514779656926,0.8,0.19999999999999996
2023_03_NO_GB,2023,3,GB,NO,1,0.5582017081217856,0.6090415384664811,0.5683696741907247,0.5836216232941334,0.8,0.19999999999999996
2023_03_NYG_SF,2023,3,SF,NYG,1,0.7910983249500677,0.7252204342242096,0.7779227468048961,0.7581593795871386,0.8,0.19999999999999996
2023_03_PHI_TB,2023,3,TB,PHI,0,0.45149353478281085,0.5492969830648493,0.4710542244392185,0.5003952589238301,0.8,0.19999999999999996
2023_03_PIT_LV,2023,3,LV,PIT,0,0.6369667741829284,0.5413649576026998,0.6178464108668826,0.5891658658928141,0.8,0.19999999999999996
2023_03_TEN_CLE,2023,3,CLE,TEN,1,0.6325583138381,0.5792852800538665,0.6219037070812533,0.6059217969459832,0.8,0.19999999999999996
2023_04_ARI_SF,2023,4,SF,ARI,1,0.791874144857258,0.7659102632006116,0.7866813685259287,0.7788922040289348,0.8,0.19999999999999996
2023_04_ATL_JAX,2023,4,JAX,ATL,1,0.4798823780361445,0.5661183227446516,0.4971295669778459,0.523000350390398,0.8,0.19999999999999996
2023_04_BAL_CLE,2023,4,CLE,BAL,0,0.5201181549015569,0.5594641332454887,0.5279873505703432,0.5397911440735228,0.8,0.19999999999999996
2023_04_CIN_TEN,2023,4,TEN,CIN,1,0.39731582681035776,0.5309149159888855,0.4240356446460633,0.46411537139962167,0.8,0.19999999999999996
2023_04_DEN_CHI,2023,4,CHI,DEN,0,0.44631245292791294,0.5741820588125297,0.4718863741048363,0.5102472558702214,0.8,0.19999999999999996
2023_04_DET_GB,2023,4,GB,DET,0,0.5271494469376107,0.6557566811746796,0.5528708937850244,0.5914530640561451,0.8,0.19999999999999996
2023_04_KC_NYJ,2023,4,NYJ,KC,0,0.12672765684026985,0.38237114470767364,0.17785635441375058,0.25454940077397176,0.8,0.19999999999999996
2023_04_LA_IND,2023,4,IND,LA,0,0.39453522893092957,0.5827340110446322,0.43217498535367005,0.4886346199877809,0.8,0.19999999999999996
2023_04_LV_LAC,2023,4,LAC,LV,1,0.6938181335165376,0.6333453477256903,0.6817235763583681,0.663581740621114,0.8,0.19999999999999996
2023_04_MIA_BUF,2023,4,BUF,MIA,1,0.4893774782470478,0.6593381443320931,0.5233696114640568,0.5743578112895704,0.8,0.19999999999999996
2023_04_MIN_CAR,2023,4,CAR,MIN,0,0.44662642377353473,0.48441484911118016,0.45418410884106386,0.4655206364423574,0.8,0.19999999999999996
2023_04_NE_DAL,2023,4,DAL,NE,1,0.7158328699400097,0.6648570623627658,0.7056377084245609,0.6903449661513877,0.8,0.19999999999999996
2023_04_PIT_HOU,2023,4,HOU,PIT,1,0.5038261867767301,0.4292956254087325,0.4889200745031306,0.46656090609273126,0.8,0.19999999999999996
2023_04_SEA_NYG,2023,4,NYG,SEA,0,0.3289631693490025,0.5385264067769372,0.3708758168345894,0.43374478806296984,0.8,0.19999999999999996
2023_04_TB_NO,2023,4,NO,TB,0,0.5322463190736109,0.5722423207427677,0.5402455194074423,0.5522443199081892,0.8,0.19999999999999996
2023_04_WAS_PHI,2023,4,PHI,WAS,1,0.7963213620103874,0.6994713237583985,0.7769513543599896,0.747896342884393,0.8,0.19999999999999996
2023_05_BAL_PIT,2023,5,PIT,BAL,1,0.2540209432016408,0.5777850065668868,0.31877375587469,0.4159029748842638,0.8,0.19999999999999996
2023_05_CAR_DET,2023,5,DET,CAR,1,0.7433719524826821,0.693770834687296,0.7334517289236048,0.718571393584989,0.8,0.19999999999999996
2023_05_CHI_WAS,2023,5,WAS,CHI,0,0.6464984211088055,0.7132312475138106,0.6598449863898065,0.6798648343113081,0.8,0.19999999999999996
2023_05_CIN_ARI,2023,5,ARI,CIN,0,0.5763640640539085,0.47601901327218754,0.5562950538975643,0.526191538663048,0.8,0.19999999999999996
2023_05_DAL_SF,2023,5,SF,DAL,1,0.6204073665888129,0.6435294429502706,0.6250317818611044,0.6319684047695417,0.8,0.19999999999999996
2023_05_GB_LV,2023,5,LV,GB,1,0.41048684655381595,0.5133425125661172,0.4310579797562762,0.46191467955996657,0.8,0.19999999999999996
2023_05_HOU_ATL,2023,5,ATL,HOU,1,0.5029671921419673,0.6424807399963812,0.5308699017128501,0.5727239660691743,0.8,0.19999999999999996
2023_05_JAX_BUF,2023,5,BUF,JAX,0,0.8396701275667442,0.7500361290976663,0.8217433278729286,0.7948531283322052,0.8,0.19999999999999996
2023_05_KC_MIN,2023,5,MIN,KC,0,0.2610145894568884,0.482050712729234,0.3052218141113575,0.3715326510930612,0.8,0.19999999999999996
2023_05_NO_NE,2023,5,NE,NO,0,0.45942255159044226,0.5787037399089787,0.4832787892541496,0.5190631457497105,0.8,0.19999999999999996
2023_05_NYG_MIA,2023,5,MIA,NYG,1,0.8805323557635618,0.6790449272182253,0.8402348700544946,0.7797886414908936,0.8,0.19999999999999996
2023_05_NYJ_DEN,2023,5,DEN,NYJ,0,0.6401020546210554,0.5871862468917373,0.6295188930751918,0.6136441507563963,0.8,0.19999999999999996
2023_05_PHI_LA,2023,5,LA,PHI,0,0.40838093551673066,0.45967314755395783,0.4186393779241761,0.4340270415353442,0.8,0.19999999999999996
2023_05_TEN_IND,2023,5,IND,TEN,1,0.4715898041428311,0.5349144030183768,0.4842547239179402,0.5032521035806039,0.8,0.19999999999999996
2023_06_ARI_LA,2023,6,LA,ARI,1,0.6268963081341884,0.6556426070603115,0.632645567919413,0.64126945759725,0.8,0.19999999999999996
2023_06_BAL_TEN,2023,6,TEN,BAL,0,0.3952136576029032,0.5451525230880593,0.42520143069993444,0.4701830903454812,0.8,0.19999999999999996
2023_06_CAR_MIA,2023,6,MIA,CAR,1,0.8624253420764558,0.7377437368916818,0.8374890210395011,0.8000845394840688,0.8,0.19999999999999996
2023_06_DAL_LAC,2023,6,LAC,DAL,0,0.4980700401447602,0.5422729895618305,0.5069106300281743,0.5201715148532953,0.8,0.19999999999999996
2023_06_DEN_KC,2023,6,KC,DEN,1,0.8403849717195426,0.8116558232594885,0.8346391420275319,0.8260203974895155,0.8,0.19999999999999996
2023_06_DET_TB,2023,6,TB,DET,0,0.43781210924303243,0.6279887156715235,0.47584743052873063,0.5329004124572779,0.8,0.19999999999999996
2023_06_IND_JAX,2023,6,JAX,IND,1,0.5881576703324115,0.6094894451658676,0.5924240252991027,0.5988235577491395,0.8,0.19999999999999996
2023_06_MIN_CHI,2023,6,CHI,MIN,0,0.43338596512347766,0.44690085660157053,0.4360889434190962,0.44014341086252406,0.8,0.19999999999999996
2023_06_NE_LV,2023,6,LV,NE,1,0.6470150496869892,0.5944215215797813,0.6364963440655476,0.6207182856333853,0.8,0.19999999999999996
2023_06_NO_HOU,2023,6,HOU,NO,1,0.4412667235895948,0.46931974653842023,0.4468773281793599,0.45529323506400754,0.8,0.19999999999999996
2023_06_NYG_BUF,2023,6,BUF,NYG,1,0.9038576334904915,0.7435691501457968,0.8717999368215525,0.8237133918181442,0.8,0.19999999999999996
2023_06_PHI_NYJ,2023,6,NYJ,PHI,1,0.2154570315380553,0.3873062650519763,0.2498268782408395,0.3013816482950158,0.8,0.19999999999999996
2023_06_SEA_CIN,2023,6,CIN,SEA,1,0.3873116675107035,0.6079846610275628,0.4314462662140754,0.49764816426913316,0.8,0.19999999999999996
2023_06_SF_CLE,2023,6,CLE,SF,1,0.18590481029795133,0.4304516732123751,0.23481418288083605,0.30817824175516323,0.8,0.19999999999999996
2023_06_WAS_ATL,2023,6,ATL,WAS,0,0.5779983227458207,0.5923065314314991,0.5808599644829564,0.5851524270886599,0.8,0.19999999999999996
2023_07_ARI_SEA,2023,7,SEA,ARI,1,0.7137115228296754,0.7076048664214186,0.7124901915480241,0.710658194625547,0.8,0.19999999999999996
2023_07_ATL_TB,2023,7,TB,ATL,0,0.610892065501791,0.6728514949014959,0.623283951381732,0.6418717802016434,0.8,0.19999999999999996
2023_07_BUF_NE,2023,7,NE,BUF,1,0.12579202126253078,0.43090575879412446,0.1868147687688495,0.27834889002832763,0.8,0.19999999999999996
2023_07_CLE_IND,2023,7,IND,CLE,0,0.47136813057578564,0.5396099044939257,0.48501648535941366,0.5054890175348556,0.8,0.19999999999999996
2023_07_DET_BAL,2023,7,BAL,DET,1,0.433620564603712,0.6104570845416228,0.46898786859129415,0.5220388245726675,0.8,0.19999999999999996
2023_07_GB_DEN,2023,7,DEN,GB,1,0.3891066262643623,0.452278648401706,0.4017410306918311,0.4206926373330342,0.8,0.19999999999999996
2023_07_JAX_NO,2023,7,NO,JAX,0,0.5576085479935823,0.6068054875269604,0.5674479359002579,0.5822070177602714,0.8,0.19999999999999996
2023_07_LAC_KC,2023,7,KC,LAC,1,0.7008029229167442,0.7327998375231971,0.7072023058380348,0.7168013802199706,0.8,0.19999999999999996
2023_07_LV_CHI,2023,7,CHI,LV,1,0.4462330449440794,0.4708010314718346,0.4511466422496304,0.458517038207957,0.8,0.19999999999999996
2023_07_MIA_PHI,2023,7,PHI,MIA,1,0.3790779198923672,0.6459697942930439,0.4324562947725026,0.5125238570927055,0.8,0.19999999999999996
2023_07_PIT_LA,2023,7,LA,PIT,0,0.7144993603970887,0.5311332397859578,0.6778261362748625,0.6228163000915232,0.8,0.19999999999999996
2023_07_SF_MIN,2023,7,MIN,SF,1,0.21669409868835507,0.4953721002176357,0.2724296989942112,0.3560330994529954,0.8,0.19999999999999996
2023_07_WAS_NYG,2023,7,NYG,WAS,1,0.4105833781953742,0.5434527438810475,0.4371572513325089,0.47701806103821087,0.8,0.19999999999999996
2023_08_ATL_TEN,2023,8,TEN,ATL,1,0.5182536717530294,0.597555174674367,0.534113972337297,0.5579044232136983,0.8,0.19999999999999996
2023_08_BAL_ARI,2023,8,ARI,BAL,0,0.2520522542015318,0.4185080599037426,0.285343415341974,0.33528015705263725,0.8,0.19999999999999996
2023_08_CHI_LAC,2023,8,LAC,CHI,1,0.664197534932492,0.703761991819763,0.6721104263099462,0.6839797633761275,0.8,0.19999999999999996
2023_08_CIN_SF,2023,8,SF,CIN,0,0.8094040166524129,0.6425683158066209,0.7760368764832546,0.7259861662295168,0.8,0.19999999999999996
2023_08_CLE_SEA,2023,8,SEA,CLE,1,0.6765645586583078,0.6090555529324878,0.6630627575131438,0.6428100557953977,0.8,0.19999999999999996
2023_08_HOU_CAR,2023,8,CAR,HOU,1,0.4201023562558588,0.5657790168639939,0.4492376883774858,0.49294068655992634,0.8,0.19999999999999996
2023_08_JAX_PIT,2023,8,PIT,JAX,0,0.4167532271972184,0.6471418667527731,0.4628309551083294,0.5319475469749957,0.8,0.19999999999999996
2023_08_KC_DEN,2023,8,DEN,KC,1,0.17899433448304308,0.3266146161235773,0.20851839081114992,0.2528044753033102,0.8,0.19999999999999996
2023_08_LA_DAL,2023,8,DAL,LA,1,0.5967984264471656,0.7007031094812536,0.6175793630539832,0.6487507679642096,0.8,0.19999999999999996
2023_08_LV_DET,2023,8,DET,LV,1,0.7325415223116974,0.644876184362046,0.7150084547217672,0.6887088533368717,0.8,0.19999999999999996
2023_08_MIN_GB,2023,8,GB,MIN,0,0.527331496216715,0.5537603734332588,0.5326172716600238,0.5405459348249869,0.8,0.19999999999999996
2023_08_NE_MIA,2023,8,MIA,NE,1,0.8610453317087653,0.6636438091611302,0.8215650271992383,0.7623445704349477,0.8,0.19999999999999996
2023_08_NO_IND,2023,8,IND,NO,0,0.4276913550408504,0.5402272502399394,0.4501985340806682,0.4839593026403949,0.8,0.19999999999999996
2023_08_NYJ_NYG,2023,8,NYG,NYJ,0,0.506817982103291,0.5944610797316385,0.5243466016289605,0.5506395309174648,0.8,0.19999999999999996
2023_08_PHI_WAS,2023,8,WAS,PHI,0,0.26162344914599994,0.4365275985355462,0.2966042790239092,0.34907552384077306,0.8,0.19999999999999996
2023_08_TB_BUF,2023,8,BUF,TB,1,0.7895083466808369,0.6738782583736371,0.766382329019397,0.731693302527237,0.8,0.19999999999999996
2023_09_ARI_CLE,2023,9,CLE,ARI,1,0.6078184828794994,0.7078791221040059,0.6278306107244007,0.6578488024917526,0.8,0.19999999999999996
2023_09_BUF_CIN,2023,9,CIN,BUF,1,0.25640842072003,0.5613609922249815,0.3173989350210203,0.40888470647250574,0.8,0.19999999999999996
2023_09_CHI_NO,2023,9,NO,CHI,1,0.6702931296871427,0.7119462872081482,0.6786237611913437,0.6911197084476455,0.8,0.19999999999999996
2023_09_DAL_PHI,2023,9,PHI,DAL,1,0.5366078916852025,0.6334130695059993,0.5559689272493619,0.5850104805956009,0.8,0.19999999999999996
2023_09_IND_CAR,2023,9,CAR,IND,0,0.43983551834605045,0.5707126352664897,0.4660109417301383,0.5052740768062701,0.8,0.19999999999999996
2023_09_LAC_NYJ,2023,9,NYJ,LAC,0,0.2931125303840474,0.5481553323133254,0.34412109076990294,0.4206339313486864,0.8,0.19999999999999996
2023_09_LA_GB,2023,9,GB,LA,1,0.45065430902639664,0.6222469699601899,0.4849728412131553,0.5364506394932933,0.8,0.19999999999999996
2023_09_MIA_KC,2023,9,KC,MIA,1,0.48583763232555083,0.6782303367810204,0.5243161732166448,0.5820339845532856,0.8,0.19999999999999996
2023_09_MIN_ATL,2023,9,ATL,MIN,0,0.40422321880042605,0.48712962551745076,0.420804500143831,0.44567642215893843,0.8,0.19999999999999996
2023_09_NYG_LV,2023,9,LV,NYG,1,0.5596474725895179,0.6193711703780862,0.5715922121472314,0.5895093214838021,0.8,0.19999999999999996
2023_09_SEA_BAL,2023,9,BAL,SEA,1,0.5768720325816659,0.6232764077565816,0.586152907616649,0.6000742201691237,0.8,0.19999999999999996
2023_09_TB_HOU,2023,9,HOU,TB,1,0.4999041113180294,0.48181764149573253,0.49628681735357005,0.490860876406881,0.8,0.19999999999999996
2023_09_TEN_PIT,2023,9,PIT,TEN,1,0.45096989898338785,0.647266715560138,0.49022926229873787,0.5491183072717629,0.8,0.19999999999999996
2023_09_WAS_NE,2023,9,NE,WAS,0,0.4397511161372776,0.5989317083633052,0.4715872345824831,0.5193414122502914,0.8,0.19999999999999996
2023_10_ATL_ARI,2023,10,ARI,ATL,1,0.38359767425938224,0.5190557262039227,0.41068928464829035,0.45132670023165244,0.8,0.19999999999999996
2023_10_CAR_CHI,2023,10,CHI,CAR,1,0.6131618895209651,0.575112739199607,0.6055520594566934,0.594137314360286,0.8,0.19999999999999996
2023_10_CLE_BAL,2023,10,BAL,CLE,0,0.7317002537800086,0.6620427715942393,0.7177687573428547,0.6968715126871239,0.8,0.19999999999999996
2023_10_DEN_BUF,2023,10,BUF,DEN,0,0.8332211003896792,0.7520448419264509,0.8169858486970336,0.7926329711580651,0.8,0.19999999999999996
2023_10_DET_LAC,2023,10,LAC,DET,0,0.48687470108685665,0.5817443057464267,0.5058486220187707,0.5343095034166416,0.8,0.19999999999999996
2023_10_GB_PIT,2023,10,PIT,GB,1,0.4470164858087872,0.6406277548200533,0.4857387396110404,0.5438221203144202,0.8,0.19999999999999996
2023_10_HOU_CIN,2023,10,CIN,HOU,0,0.5626364745438845,0.7523457149823584,0.6005783226315793,0.6574910947631214,0.8,0.19999999999999996
2023_10_IND_NE,2023,10,NE,IND,0,0.4114644273139736,0.6072363438081203,0.45061881061280296,0.509350385561047,0.8,0.19999999999999996
2023_10_NO_MIN,2023,10,MIN,NO,1,0.5208954092598522,0.6573953078904515,0.5481953889859721,0.5891453585751518,0.8,0.19999999999999996
2023_10_NYG_DAL,2023,10,DAL,NYG,1,0.8317320960581664,0.7400058846332852,0.8133868537731902,0.7858689903457259,0.8,0.19999999999999996
2023_10_NYJ_LV,2023,10,LV,NYJ,1,0.622030491282445,0.6142467603495394,0.620473745095864,0.6181386258159922,0.8,0.19999999999999996
2023_10_SF_JAX,2023,10,JAX,SF,0,0.28896180541290967,0.5182653218118212,0.3348225086926919,0.40361356361236544,0.8,0.19999999999999996
2023_10_TEN_TB,2023,10,TB,TEN,1,0.5570475101861913,0.6087675832518892,0.5673915247993309,0.5829075467190402,0.8,0.19999999999999996
2023_10_WAS_SEA,2023,10,SEA,WAS,1,0.6407205785770612,0.6476021470002571,0.6420968922617004,0.6441613627886591,0.8,0.19999999999999996
2023_11_ARI_HOU,2023,11,HOU,ARI,1,0.7157743518650673,0.6394397602555661,0.7005074335431671,0.6776070560603167,0.8,0.19999999999999996
2023_11_CHI_DET,2023,11,DET,CHI,1,0.7332811766880882,0.7487677988842446,0.7363785011273195,0.7410244877861665,0.8,0.19999999999999996
2023_11_CIN_BAL,2023,11,BAL,CIN,1,0.6569622909109947,0.5881922115715819,0.6432082750431121,0.6225772512412883,0.8,0.19999999999999996
2023_11_DAL_CAR,2023,11,CAR,DAL,0,0.1879081537204328,0.3672157641240754,0.2237696758011613,0.2775619589222541,0.8,0.19999999999999996
2023_11_LAC_GB,2023,11,GB,LAC,1,0.44792651231763486,0.5794063909730595,0.47422248804871975,0.5136664516453472,0.8,0.19999999999999996
2023_11_LV_MIA,2023,11,MIA,LV,1,0.812552312929312,0.659004237316084,0.7818426978066664,0.735778275122698,0.8,0.19999999999999996
2023_11_MIN_DEN,2023,11,DEN,MIN,1,0.36862431577185123,0.4455130312960223,0.3840020588766855,0.4070686735339368,0.8,0.19999999999999996
2023_11_NYG_WAS,2023,11,WAS,NYG,0,0.693115197438002,0.6432013472676638,0.6831324274039343,0.6681582723528329,0.8,0.19999999999999996
2023_11_NYJ_BUF,2023,11,BUF,NYJ,1,0.8681241663226109,0.7217942222255163,0.838858177503192,0.7949591942740636,0.8,0.19999999999999996
2023_11_PHI_KC,2023,11,KC,PHI,0,0.56177609732261,0.6035405983853186,0.5701289975351518,0.5826583478539643,0.8,0.19999999999999996
2023_11_PIT_CLE,2023,11,CLE,PIT,1,0.5987999898509896,0.561179689556987,0.5912759297921891,0.5799898397039883,0.8,0.19999999999999996
2023_11_SEA_LA,2023,11,LA,SEA,1,0.4583070541957935,0.49966208173098664,0.4665780597028321,0.47898456796339006,0.8,0.19999999999999996
2023_11_TB_SF,2023,11,SF,TB,1,0.7822492636080273,0.6925511775255762,0.7643096463915371,0.7374002205668018,0.8,0.19999999999999996
2023_11_TEN_JAX,2023,11,JAX,TEN,1,0.5477407133066206,0.6340686552702632,0.5650063016993491,0.5909046842884419,0.8,0.19999999999999996
2023_12_BAL_LAC,2023,12,LAC,BAL,0,0.43018575440908846,0.5069796150623693,0.44554452653974463,0.4685826847357289,0.8,0.19999999999999996
2023_12_BUF_PHI,2023,12,PHI,BUF,1,0.44528948416156583,0.6674023933904907,0.48971206600735084,0.5563459387760282,0.8,0.19999999999999996
2023_12_CAR_TEN,2023,12,TEN,CAR,1,0.6456844793455367,0.6841142432164744,0.6533704321197242,0.6648993612810056,0.8,0.19999999999999996
2023_12_CHI_MIN,2023,12,MIN,CHI,0,0.6565447638225038,0.7692948558882986,0.6790947822356628,0.7129198098554013,0.8,0.19999999999999996
2023_12_CLE_DEN,2023,12,DEN,CLE,1,0.4434490620677876,0.5038157165217895,0.455522392958588,0.47363238929478857,0.8,0.19999999999999996
2023_12_GB_DET,2023,12,DET,GB,0,0.6497369567778952,0.6426049161453077,0.6483105486513777,0.6461709364616015,0.8,0.19999999999999996
2023_12_JAX_HOU,2023,12,HOU,JAX,0,0.5487976426516359,0.5174974918877544,0.5425376124988596,0.5331475672696951,0.8,0.19999999999999996
2023_12_KC_LV,2023,12,LV,KC,0,0.2388285310973339,0.4192472429974025,0.2749122734773476,0.3290378870473682,0.8,0.19999999999999996
2023_12_LA_ARI,2023,12,ARI,LA,0,0.3728545800947899,0.5012472868157922,0.39853312143899033,0.43705093345529106,0.8,0.19999999999999996
2023_12_MIA_NYJ,2023,12,NYJ,MIA,0,0.16110303280728072,0.45967286059913326,0.22081699836565122,0.310387946703207,0.8,0.19999999999999996
2023_12_NE_NYG,2023,12,NYG,NE,1,0.46987239370592,0.5923063521548668,0.49435918539570933,0.5310893729303934,0.8,0.19999999999999996
2023_12_NO_ATL,2023,12,ATL,NO,1,0.4154376843800851,0.5244685934624166,0.4372438661965514,0.46995313892125085,0.8,0.19999999999999996
2023_12_PIT_CIN,2023,12,CIN,PIT,0,0.6190921961552531,0.6016952889242378,0.61561281470905,0.6103937425397454,0.8,0.19999999999999996
2023_12_SF_SEA,2023,12,SEA,SF,0,0.28120752718637354,0.5010126463068537,0.3251685510104696,0.3911100867466136,0.8,0.19999999999999996
2023_12_TB_IND,2023,12,IND,TB,1,0.4707372569113411,0.5480365497896947,0.48619711548701183,0.509386903350518,0.8,0.19999999999999996
2023_12_WAS_DAL,2023,12,DAL,WAS,1,0.7872950963958893,0.7324478135106535,0.7763256398188422,0.7598714549532715,0.8,0.19999999999999996
2023_13_ARI_PIT,2023,13,PIT,ARI,0,0.6657100808728983,0.7719594548770229,0.6869599556737231,0.7188347678749606,0.8,0.19999999999999996
2023_13_ATL_NYJ,2023,13,NYJ,ATL,0,0.3373514184282411,0.5639310799505198,0.38266735073269686,0.4506412491893805,0.8,0.19999999999999996
2023_13_CAR_TB,2023,13,TB,CAR,1,0.6943240665889342,0.7154209635997526,0.698543445991098,0.7048725150943433,0.8,0.19999999999999996
2023_13_CIN_JAX,2023,13,JAX,CIN,0,0.49867050139602304,0.5823280123204665,0.5154020035809117,0.5404992568582447,0.8,0.19999999999999996
2023_13_CLE_LA,2023,13,LA,CLE,1,0.5739803534877682,0.541679014869088,0.5675200857640322,0.557829684178428,0.8,0.19999999999999996
2023_13_DEN_HOU,2023,13,HOU,DEN,1,0.5964494461639835,0.5515850963305072,0.5874765761972882,0.5740172712472453,0.8,0.19999999999999996
2023_13_DET_NO,2023,13,NO,DET,0,0.4477391523103028,0.5387350266464103,0.46593832717752426,0.49323708947835654,0.8,0.19999999999999996
2023_13_IND_TEN,2023,13,TEN,IND,0,0.509749008149341,0.592702966218515,0.5263397997631758,0.551225987183928,0.8,0.19999999999999996
2023_13_KC_GB,2023,13,GB,KC,1,0.3543945377440498,0.4597001400422916,0.37545565820369814,0.4070473388931707,0.8,0.19999999999999996
2023_13_LAC_NE,2023,13,NE,LAC,0,0.3422895654164744,0.5322771075311844,0.3802870738394164,0.4372833364738294,0.8,0.19999999999999996
2023_13_MIA_WAS,2023,13,WAS,MIA,0,0.23415958861652228,0.4583130492992897,0.27899028075307575,0.34623631895790596,0.8,0.19999999999999996
2023_13_SEA_DAL,2023,13,DAL,SEA,1,0.7413086771750348,0.6821404011001669,0.7294750219600612,0.7117245391376008,0.8,0.19999999999999996
2023_13_SF_PHI,2023,13,PHI,SF,0,0.3723956508792794,0.6318203709875677,0.42428059490093706,0.5021080109334235,0.8,0.19999999999999996
2023_14_BUF_KC,2023,14,KC,BUF,0,0.4660089203950672,0.6520163241600727,0.5032104011480683,0.55901262227757,0.8,0.19999999999999996
2023_14_CAR_NO,2023,14,NO,CAR,1,0.719519797610002,0.7117429497639783,0.7179644280407972,0.7156313736869901,0.8,0.19999999999999996
2023_14_DEN_LAC,2023,14,LAC,DEN,0,0.6349834116135572,0.6287667630403866,0.6337400818989231,0.6318750873269718,0.8,0.19999999999999996
2023_14_DET_CHI,2023,14,CHI,DET,1,0.34663413020181394,0.4253050515818988,0.3623683144778309,0.38596959089185634,0.8,0.19999999999999996
2023_14_GB_NYG,2023,14,NYG,GB,1,0.27713786913453353,0.49623349051558135,0.3209569934107431,0.3866856798250574,0.8,0.19999999999999996
2023_14_HOU_NYJ,2023,14,NYJ,HOU,1,0.2819595309419316,0.5502800253515676,0.3356236298238588,0.4161197781467496,0.8,0.19999999999999996
2023_14_IND_CIN,2023,14,CIN,IND,1,0.6028484180469819,0.6679217566287654,0.6158630857633386,0.6353850873378737,0.8,0.19999999999999996
2023_14_JAX_CLE,2023,14,CLE,JAX,1,0.4778649501317849,0.5931219060933206,0.5009163413240921,0.5354934281125527,0.8,0.19999999999999996
2023_14_LA_BAL,2023,14,BAL,LA,1,0.6589614688358104,0.6871123249766851,0.6645916400639853,0.6730368969062477,0.8,0.19999999999999996
2023_14_MIN_LV,2023,14,LV,MIN,0,0.3793461740116525,0.5022297364343583,0.4039228864961937,0.4407879552230054,0.8,0.19999999999999996
2023_14_NE_PIT,2023,14,PIT,NE,0,0.6275598543070819,0.72108203381769,0.6462642902092035,0.674320944062386,0.8,0.19999999999999996
2023_14_PHI_DAL,2023,14,DAL,PHI,1,0.6368979979853358,0.5551782651361026,0.6205540514154891,0.5960381315607192,0.8,0.19999999999999996
2023_14_SEA_SF,2023,14,SF,SEA,1,0.7933940970995502,0.7249177261381333,0.7796988229072668,0.7591559116188418,0.8,0.19999999999999996
2023_14_TB_ATL,2023,14,ATL,TB,0,0.4873093535766735,0.5623916716927196,0.5023258171998827,0.5248505126346965,0.8,0.19999999999999996
2023_14_TEN_MIA,2023,14,MIA,TEN,0,0.7804470092787673,0.7192472515728935,0.7682070577375926,0.7498471304258304,0.8,0.19999999999999996
2023_15_ATL_CAR,2023,15,CAR,ATL,1,0.37590045341898576,0.47896493489301023,0.3965133497137907,0.427432694155998,0.8,0.19999999999999996
2023_15_BAL_JAX,2023,15,JAX,BAL,0,0.34884843711043023,0.4944097901778619,0.37796070772391654,0.42162911364414607,0.8,0.19999999999999996
2023_15_CHI_CLE,2023,15,CLE,CHI,1,0.5337048611648711,0.706853051098226,0.5683344991515421,0.6202789561315486,0.8,0.19999999999999996
2023_15_DAL_BUF,2023,15,BUF,DAL,1,0.5201410921828642,0.5558772564696665,0.5272883250402246,0.5380091743262654,0.8,0.19999999999999996
2023_15_DEN_DET,2023,15,DET,DEN,1,0.6728926016282522,0.652270766810518,0.6687682346647053,0.662581684219385,0.8,0.19999999999999996
2023_15_HOU_TEN,2023,15,TEN,HOU,0,0.5233689479101169,0.6292935557435623,0.544553869476806,0.5763312518268395,0.8,0.19999999999999996
2023_15_KC_NE,2023,15,NE,KC,0,0.23317059555566153,0.39584996096133884,0.265706468636797,0.3145102782585002,0.8,0.19999999999999996
2023_15_LAC_LV,2023,15,LV,LAC,1,0.3910036067225633,0.5601992884444092,0.4248427430669325,0.47560144758348627,0.8,0.19999999999999996
2023_15_MIN_CIN,2023,15,CIN,MIN,1,0.5475071384853203,0.5987009271879,0.5577458962258361,0.5731040328366102,0.8,0.19999999999999996
2023_15_NYG_NO,2023,15,NO,NYG,1,0.7210163308760617,0.6130143155871465,0.6994159278182787,0.6670153232316041,0.8,0.19999999999999996
2023_15_NYJ_MIA,2023,15,MIA,NYJ,1,0.8616679570872758,0.7308523472564975,0.8355048351211203,0.7962601521718866,0.8,0.19999999999999996
2023_15_PHI_SEA,2023,15,SEA,PHI,1,0.4124869851168308,0.4448532850892593,0.4189602451113165,0.4286701351030451,0.8,0.19999999999999996
2023_15_PIT_IND,2023,15,IND,PIT,1,0.5425697338797494,0.5374452219139132,0.5415448314865822,0.5400074778968313,0.8,0.19999999999999996
2023_15_SF_ARI,2023,15,ARI,SF,0,0.12008799603060678,0.31943481747909935,0.15995736032030528,0.21976140675485306,0.8,0.19999999999999996
2023_15_TB_GB,2023,15,GB,TB,0,0.5888856408679031,0.6098057756180261,0.5930696678179277,0.5993457082429645,0.8,0.19999999999999996
2023_15_WAS_LA,2023,15,LA,WAS,1,0.6749838578306532,0.6465278532544676,0.6692926569154161,0.6607558555425603,0.8,0.19999999999999996
2023_16_ARI_CHI,2023,16,CHI,ARI,1,0.632747877878386,0.6149301190100414,0.6291843261047172,0.6238389984442136,0.8,0.19999999999999996
2023_16_BAL_SF,2023,16,SF,BAL,0,0.6999181763188437,0.6428077195908352,0.688496084973242,0.6713629479548394,0.8,0.19999999999999996
2023_16_BUF_LAC,2023,16,LAC,BUF,0,0.2504933718863779,0.44796285376331607,0.2899872682617655,0.349228112824847,0.8,0.19999999999999996
2023_16_CIN_PIT,2023,16,PIT,CIN,1,0.3835342281448279,0.5244128890958462,0.41170996033503154,0.45397355862033706,0.8,0.19999999999999996
2023_16_CLE_HOU,2023,16,HOU,CLE,0,0.5383975456366343,0.5017233868983891,0.5310627138889853,0.5200604662675117,0.8,0.19999999999999996
2023_16_DAL_MIA,2023,16,MIA,DAL,1,0.5364945173274204,0.5461761937326949,0.5384308526084753,0.5413353555300576,0.8,0.19999999999999996
2023_16_DET_MIN,2023,16,MIN,DET,0,0.4256747379856024,0.596221279625499,0.4597840463135817,0.5109480088055507,0.8,0.19999999999999996
2023_16_GB_CAR,2023,16,CAR,GB,0,0.3065987317208507,0.43067095799787836,0.3314131769762562,0.36863484485936454,0.8,0.19999999999999996
2023_16_IND_ATL,2023,16,ATL,IND,1,0.5021444147352615,0.5381768932407391,0.509350910436357,0.5201606539880004,0.8,0.19999999999999996
2023_16_JAX_TB,2023,16,TB,JAX,1,0.559045604403472,0.6238833401933008,0.5720131515614377,0.5914644722983864,0.8,0.19999999999999996
2023_16_LV_KC,2023,16,KC,LV,0,0.7725877052298794,0.7476712432065438,0.7676044128252123,0.7601294742182116,0.8,0.19999999999999996
2023_16_NE_DEN,2023,16,DEN,NE,0,0.592652164663652,0.6419333669104837,0.6025084051130184,0.6172927657870679,0.8,0.19999999999999996
2023_16_NO_LA,2023,16,LA,NO,1,0.5155861884610835,0.5969161789587771,0.5318521865606222,0.5562511837099303,0.8,0.19999999999999996
2023_16_NYG_PHI,2023,16,PHI,NYG,1,0.8029089697348778,0.7537169567794797,0.7930705671437982,0.7783129632571788,0.8,0.19999999999999996
2023_16_SEA_TEN,2023,16,TEN,SEA,0,0.4686809001198214,0.5278038381646587,0.4805054877287888,0.49824236914224007,0.8,0.19999999999999996
2023_16_WAS_NYJ,2023,16,NYJ,WAS,1,0.4071454965178486,0.580086133713941,0.4417336239570671,0.4936158151158948,0.8,0.19999999999999996
2023_17_ARI_PHI,2023,17,PHI,ARI,0,0.7931377542282412,0.8157418918417799,0.797658581750949,0.8044398230350105,0.8,0.19999999999999996
2023_17_ATL_CHI,2023,17,CHI,ATL,1,0.5167966810791126,0.5572527095180846,0.524887886766907,0.5370246952985986,0.8,0.19999999999999996
2023_17_CAR_JAX,2023,17,JAX,CAR,1,0.6566374154974071,0.72510521586574,0.6703309755710736,0.6908713156815736,0.8,0.19999999999999996
2023_17_CIN_KC,2023,17,KC,CIN,1,0.6530791794773999,0.6347292047584259,0.6494091845336051,0.6439041921179129,0.8,0.19999999999999996
2023_17_DET_DAL,2023,17,DAL,DET,1,0.603772270085347,0.6332679904008445,0.6096714141484465,0.6185201302430957,0.8,0.19999999999999996
2023_17_GB_MIN,2023,17,MIN,GB,0,0.4913437333793111,0.6077744167356047,0.5146298700505698,0.5495590750574579,0.8,0.19999999999999996
2023_17_LAC_DEN,2023,17,DEN,LAC,1,0.49533472275576296,0.5876981277077054,0.5138074037461514,0.5415164252317342,0.8,0.19999999999999996
2023_17_LA_NYG,2023,17,NYG,LA,0,0.2932656745049212,0.5264776103589635,0.3399080616757296,0.4098716424319423,0.8,0.19999999999999996
2023_17_LV_IND,2023,17,IND,LV,1,0.5562384762352841,0.5849740048916954,0.5619855819665663,0.5706062405634897,0.8,0.19999999999999996
2023_17_MIA_BAL,2023,17,BAL,MIA,1,0.4765396948220207,0.6392249921288072,0.5090767542833781,0.557882343475414,0.8,0.19999999999999996
2023_17_NE_BUF,2023,17,BUF,NE,1,0.8394080376172739,0.7580264001511223,0.8231317101240436,0.7987172188841981,0.8,0.19999999999999996
2023_17_NO_TB,2023,17,TB,NO,0,0.5212110458274505,0.6467115536715325,0.5463111473962668,0.5839612997494915,0.8,0.19999999999999996
2023_17_NYJ_CLE,2023,17,CLE,NYJ,1,0.7201344314891082,0.7156770275961147,0.7192429507105095,0.7179057295426114,0.8,0.19999999999999996
2023_17_PIT_SEA,2023,17,SEA,PIT,0,0.6011631817294261,0.5951413329127172,0.5999588119660842,0.5981522573210716,0.8,0.19999999999999996
2023_17_SF_WAS,2023,17,WAS,SF,0,0.1616913382753583,0.34856437058660905,0.19906594473760844,0.2551278544309837,0.8,0.19999999999999996
2023_17_TEN_HOU,2023,17,HOU,TEN,1,0.49565120062018964,0.5907473208320162,0.514670424662555,0.5431992607261029,0.8,0.19999999999999996
2023_18_ATL_NO,2023,18,NO,ATL,1,0.6017965888311173,0.655266429869784,0.6124905570388506,0.6285315093504507,0.8,0.19999999999999996
2023_18_BUF_MIA,2023,18,MIA,BUF,0,0.464985779719501,0.540901861407948,0.48016899605719043,0.5029438205637246,0.8,0.19999999999999996
2023_18_CHI_GB,2023,18,GB,CHI,1,0.6277491963047771,0.7002797579741794,0.6422553086386575,0.6640144771394783,0.8,0.19999999999999996
2023_18_CLE_CIN,2023,18,CIN,CLE,1,0.569807272704852,0.5899861072470907,0.5738430396132997,0.5798966899759713,0.8,0.19999999999999996
2023_18_DAL_WAS,2023,18,WAS,DAL,0,0.22579182421387295,0.37076727164943524,0.2547869137009854,0.2982795479316541,0.8,0.19999999999999996
2023_18_DEN_LV,2023,18,LV,DEN,1,0.5186411172398858,0.5999733349891859,0.5349075607897458,0.5593072261145359,0.8,0.19999999999999996
2023_18_HOU_IND,2023,18,IND,HOU,0,0.5235011680685878,0.6294143586979872,0.5446838061944677,0.5764577633832875,0.8,0.19999999999999996
2023_18_JAX_TEN,2023,18,TEN,JAX,1,0.47365191946756774,0.5269378563601089,0.484309106846076,0.5002948879138384,0.8,0.19999999999999996
2023_18_KC_LAC,2023,18,LAC,KC,0,0.31577174431257526,0.410481505746086,0.3347136965992774,0.36312662502933063,0.8,0.19999999999999996
2023_18_LA_SF,2023,18,SF,LA,0,0.7671993754444864,0.7205980790647295,0.757879116168535,0.7438987272546079,0.8,0.19999999999999996
2023_18_MIN_DET,2023,18,DET,MIN,1,0.6547489840533113,0.6279965032574589,0.6493984878941408,0.6413727436553851,0.8,0.19999999999999996
2023_18_NYJ_NE,2023,18,NE,NYJ,0,0.6099762437597611,0.6089229763212091,0.6097655902720507,0.6094496100404851,0.8,0.19999999999999996
2023_18_PHI_NYG,2023,18,NYG,PHI,1,0.23287969628148197,0.4028506668166383,0.2668738903885132,0.3178651815490601,0.8,0.19999999999999996
2023_18_PIT_BAL,2023,18,BAL,PIT,0,0.741621695352775,0.6876462117694864,0.7308265986361173,0.7146339535611307,0.8,0.19999999999999996
2023_18_SEA_ARI,2023,18,ARI,SEA,0,0.36019843778808375,0.4646672574217888,0.3810922017148247,0.41243284760493626,0.8,0.19999999999999996
2023_18_TB_CAR,2023,18,CAR,TB,0,0.32570616522305845,0.40196621054502923,0.3409581742874526,0.3638361878840438,0.8,0.19999999999999996
2024_01_ARI_BUF,2024,1,BUF,ARI,1,0.7546710775447454,0.7525610543242,0.7538270682565272,0.7536160659344726,0.6,0.4
2024_01_BAL_KC,2024,1,KC,BAL,1,0.45756814528080725,0.5973611518164661,0.5134853478950708,0.5274646485486367,0.6,0.4
2024_01_CAR_NO,2024,1,NO,CAR,1,0.7290153559819555,0.7097171682994317,0.721296080908946,0.7193662621406935,0.6,0.4
2024_01_DAL_CLE,2024,1,CLE,DAL,0,0.3340768683373399,0.538937269109397,0.41602102864616275,0.4365070687233684,0.6,0.4
2024_01_DEN_SEA,2024,1,SEA,DEN,1,0.5862819099183004,0.6423708404784657,0.6087174821423665,0.6143263751983831,0.6,0.4
2024_01_GB_PHI,2024,1,PHI,GB,1,0.5016147202036906,0.6256973306584842,0.551247764385608,0.5636560254310874,0.6,0.4
2024_01_HOU_IND,2024,1,IND,HOU,0,0.5114343899561598,0.5941810293436647,0.5445330457111617,0.5528077096499122,0.6,0.4
2024_01_JAX_MIA,2024,1,MIA,JAX,1,0.6845632315711908,0.6474623582933584,0.6697228822600578,0.6660127949322746,0.6,0.4
2024_01_LA_DET,2024,1,DET,LA,1,0.5643065255022146,0.6085222101020722,0.5819927993421576,0.5864143678021434,0.6,0.4
2024_01_LV_LAC,2024,1,LAC,LV,1,0.5160584288880772,0.5598016736872189,0.5335557268077339,0.537930051287648,0.6,0.4
2024_01_MIN_NYG,2024,1,NYG,MIN,0,0.4042705573798038,0.5484359875857998,0.4619367294622022,0.4763532724828018,0.6,0.4
2024_01_NE_CIN,2024,1,CIN,NE,0,0.6566247401465004,0.6924454311913948,0.6709530165644582,0.6745350856689476,0.6,0.4
2024_01_NYJ_SF,2024,1,SF,NYJ,1,0.8444208098265958,0.7230284510596529,0.7958638663198185,0.7837246304431243,0.6,0.4
2024_01_PIT_ATL,2024,1,ATL,PIT,0,0.5059603944551131,0.4966105132020903,0.502220441953904,0.5012854538286017,0.6,0.4
2024_01_TEN_CHI,2024,1,CHI,TEN,1,0.5528301491882979,0.5758507197621592,0.5620383774178423,0.5643404344752285,0.6,0.4
2024_01_WAS_TB,2024,1,TB,WAS,1,0.6630845790362501,0.6818954415336638,0.6706089240352155,0.6724900102849569,0.6,0.4
2024_02_ATL_PHI,2024,2,PHI,ATL,0,0.6778153278268433,0.7217968768834402,0.6954079474494821,0.6998061023551417,0.6,0.4
2024_02_BUF_MIA,2024,2,MIA,BUF,0,0.481628969416594,0.5404096433168911,0.5051412389767129,0.5110193063667425,0.6,0.4
2024_02_CHI_HOU,2024,2,HOU,CHI,1,0.6136633176816259,0.6300854249141188,0.620232160574623,0.6218743712978723,0.6,0.4
2024_02_CIN_KC,2024,2,KC,CIN,1,0.6926967022321723,0.6628799436261115,0.680769998789748,0.6777883229291419,0.6,0.4
2024_02_CLE_JAX,2024,2,JAX,CLE,0,0.5439981514421666,0.5490879242615748,0.5460340605699299,0.5465430378518707,0.6,0.4
2024_02_IND_GB,2024,2,GB,IND,1,0.6450722327288504,0.6496878362944494,0.64691847415509,0.6473800345116498,0.6,0.4
2024_02_LAC_CAR,2024,2,CAR,LAC,0,0.2698281332156385,0.49490023379519615,0.3598569734474616,0.38236418350541734,0.6,0.4
2024_02_LA_ARI,2024,2,ARI,LA,1,0.39953732176172413,0.4831527027768715,0.43298347416778304,0.4413450122692978,0.6,0.4
2024_02_LV_BAL,2024,2,BAL,LV,0,0.7463187844750512,0.6858769052672167,0.7221420327919175,0.7160978448711339,0.6,0.4
2024_02_NO_DAL,2024,2,DAL,NO,0,0.5032059849252624,0.6760742333754748,0.5723532843053474,0.5896401091503686,0.6,0.4
2024_02_NYG_WAS,2024,2,WAS,NYG,1,0.6624959572591382,0.5615716490341811,0.6221262339691553,0.6120338031466597,0.6,0.4
2024_02_NYJ_TEN,2024,2,TEN,NYJ,0,0.6252146296951879,0.5953659783408505,0.6132751691534529,0.6102903040180192,0.6,0.4
2024_02_PIT_DEN,2024,2,DEN,PIT,0,0.40999845510706656,0.49068598457998786,0.4422734668962351,0.4503422198435272,0.6,0.4
2024_02_SEA_NE,2024,2,NE,SEA,0,0.4152193331009005,0.523293181691752,0.4584488725372411,0.46925625739632626,0.6,0.4
2024_02_SF_MIN,2024,2,MIN,SF,1,0.4042767390245038,0.5104768641140482,0.44675678906032157,0.457376801569276,0.6,0.4
2024_02_TB_DET,2024,2,DET,TB,0,0.5583056690488911,0.6188764888146602,0.5825339969551987,0.5885910789317756,0.6,0.4
2024_03_BAL_DAL,2024,3,DAL,BAL,0,0.44603821086597456,0.6200667188223449,0.5156496140485227,0.5330524648441597,0.6,0.4
2024_03_CAR_LV,2024,3,LV,CAR,0,0.751973112842748,0.7185206558712529,0.73859213005415,0.7352468843570005,0.6,0.4
2024_03_CHI_IND,2024,3,IND,CHI,1,0.5879988955773933,0.5999199699885437,0.5927673253418534,0.5939594327829685,0.6,0.4
2024_03_DEN_TB,2024,3,TB,DEN,0,0.719747926632281,0.6893146530023077,0.7075746171802917,0.7045312898172944,0.6,0.4
2024_03_DET_ARI,2024,3,ARI,DET,0,0.5068151492012658,0.4765833131643143,0.4947224147864852,0.49169923118279,0.6,0.4
2024_03_GB_TEN,2024,3,TEN,GB,0,0.3580077616256549,0.4909599669399081,0.4111886437513562,0.4244838642827815,0.6,0.4
2024_03_HOU_MIN,2024,3,MIN,HOU,1,0.548981353304579,0.6236640131229751,0.5788544172319374,0.5863226832137771,0.6,0.4
2024_03_JAX_BUF,2024,3,BUF,JAX,1,0.8013680321797116,0.7362735408168366,0.7753302356345616,0.7688207864982741,0.6,0.4
2024_03_KC_ATL,2024,3,ATL,KC,0,0.3967554429595235,0.4341213809162774,0.41170181814222506,0.41543841193790043,0.6,0.4
2024_03_LAC_PIT,2024,3,PIT,LAC,1,0.4647866587413002,0.6779721792891724,0.5500608669604491,0.5713794190152364,0.6,0.4
2024_03_MIA_SEA,2024,3,SEA,MIA,1,0.540540896601995,0.5988267666340468,0.5638552446148157,0.5696838316180208,0.6,0.4
2024_03_NE_NYJ,2024,3,NYJ,NE,1,0.4782995152106115,0.6080967998319602,0.530218429059151,0.5431981575212859,0.6,0.4
2024_03_NYG_CLE,2024,3,CLE,NYG,0,0.6694604176026123,0.6856757836681173,0.6759465640288143,0.6775681006353649,0.6,0.4
2024_03_PHI_NO,2024,3,NO,PHI,0,0.7480495565036289,0.5693717416415656,0.6765784305588036,0.6587106490725972,0.6,0.4
2024_03_SF_LA,2024,3,LA,SF,1,0.31441508330439744,0.5052875220127386,0.3907640587877339,0.40985130265856806,0.6,0.4
2024_03_WAS_CIN,2024,3,CIN,WAS,0,0.5703027457839056,0.6775055775356825,0.6131838784846164,0.623904161659794,0.6,0.4
2024_04_BUF_BAL,2024,4,BAL,BUF,1,0.37114166426992884,0.5378719837787634,0.43783379207346274,0.45450682402434617,0.6,0.4
2024_04_CIN_CAR,2024,4,CAR,CIN,0,0.2797459800705495,0.46802465274035737,0.3550574491384727,0.3738853164054534,0.6,0.4
2024_04_CLE_LV,2024,4,LV,CLE,1,0.505077874137311,0.5515811020144794,0.5236791652881784,0.5283294880758952,0.6,0.4
2024_04_DAL_NYG,2024,4,NYG,DAL,0,0.41001413839297,0.479397051467317,0.43776730362270877,0.4447055949301435,0.6,0.4
2024_04_DEN_NYJ,2024,4,NYJ,DEN,0,0.5963492205511384,0.6021043096461488,0.5986512561891426,0.5992267650986436,0.6,0.4
2024_04_JAX_HOU,2024,4,HOU,JAX,1,0.6764950534014927,0.6320415964946712,0.6587136706387641,0.654268324948082,0.6,0.4
2024_04_KC_LAC,2024,4,LAC,KC,0,0.4571690387654417,0.43857702118903685,0.44973223173487975,0.44787302997723927,0.6,0.4
2024_04_LA_CHI,2024,4,CHI,LA,1,0.48214385830760914,0.5075205031111244,0.4922945162290152,0.49483218070936674,0.6,0.4
2024_04_MIN_GB,2024,4,GB,MIN,0,0.5602997552139987,0.5909609400636455,0.5725642291538574,0.575630347638822,0.6,0.4
2024_04_NE_SF,2024,4,SF,NE,1,0.8077702670176788,0.7214607794280062,0.7732464719818097,0.7646155232228425,0.6,0.4
2024_04_NO_ATL,2024,4,ATL,NO,1,0.2651558199750419,0.517892552095794,0.36625051282334276,0.39152418603541794,0.6,0.4
2024_04_PHI_TB,2024,4,TB,PHI,1,0.4343233702700448,0.5473669310842207,0.4795407945957152,0.49084515067713275,0.6,0.4
2024_04_PIT_IND,2024,4,IND,PIT,1,0.427586860481684,0.47356523674597634,0.4459782109874009,0.45057604861383016,0.6,0.4
2024_04_SEA_DET,2024,4,DET,SEA,1,0.5584543132402384,0.5897966324989222,0.5709912409437119,0.5741254728695804,0.6,0.4
2024_04_TEN_MIA,2024,4,MIA,TEN,0,0.620272065130626,0.6941167156092571,0.6498099253220785,0.6571943903699415,0.6,0.4
2024_04_WAS_ARI,2024,4,ARI,WAS,0,0.5094404081689741,0.5557307510152948,0.5279565453075024,0.5325855795921344,0.6,0.4
2024_05_ARI_SF,2024,5,SF,ARI,0,0.7846646062634378,0.7583633110210739,0.7741440881664923,0.7715139586422559,0.6,0.4
2024_05_BAL_CIN,2024,5,CIN,BAL,0,0.365799696744757,0.5191532872158864,0.42714113293320877,0.4424764919803217,0.6,0.4
2024_05_BUF_HOU,2024,5,HOU,BUF,1,0.31787990189171755,0.48083641101800495,0.38306250554223253,0.3993581564548613,0.6,0.4
2024_05_CAR_CHI,2024,5,CHI,CAR,1,0.6675913044615449,0.6714688843184967,0.6691423364043256,0.6695300943900209,0.6,0.4
2024_05_CLE_WAS,2024,5,WAS,CLE,1,0.7393781021801441,0.5536017436536331,0.6650675587695397,0.6464899229168886,0.6,0.4
2024_05_DAL_PIT,2024,5,PIT,DAL,0,0.5159751461775786,0.5788890024276854,0.5411406886776213,0.547432074302632,0.6,0.4
2024_05_GB_LA,2024,5,LA,GB,0,0.3974016386356313,0.5675563458450397,0.4654635215193947,0.4824789922403355,0.6,0.4
2024_05_IND_JAX,2024,5,JAX,IND,1,0.3864451660480691,0.5566614263215394,0.4545316701574572,0.47155329618480424,0.6,0.4
2024_05_LV_DEN,2024,5,DEN,LV,1,0.6118650555953948,0.5854990967741623,0.6013186720669018,0.5986820761847786,0.6,0.4
2024_05_MIA_NE,2024,5,NE,MIA,0,0.4142022159395344,0.5120148933308124,0.4533272868960456,0.4631085546351734,0.6,0.4
2024_05_NO_KC,2024,5,KC,NO,1,0.4315793469187244,0.7143864002509923,0.5447021682516315,0.5729828735848583,0.6,0.4
2024_05_NYG_SEA,2024,5,SEA,NYG,0,0.6984606738455111,0.6886663129459608,0.6945429294856911,0.693563493395736,0.6,0.4
2024_05_NYJ_MIN,2024,5,MIN,NYJ,1,0.6736328278376512,0.6930529650312343,0.6814008827150845,0.6833428964344428,0.6,0.4
2024_05_TB_ATL,2024,5,ATL,TB,1,0.42490858396661424,0.5082847929119938,0.45825906754476603,0.466596688439304,0.6,0.4
2024_06_ARI_GB,2024,6,GB,ARI,1,0.6536168766878676,0.7101613124691111,0.676234651000365,0.6818890945784893,0.6,0.4
2024_06_ATL_CAR,2024,6,CAR,ATL,0,0.3108609306772147,0.4749452216428507,0.37649464706346913,0.3929030761600327,0.6,0.4
2024_06_BUF_NYJ,2024,6,NYJ,BUF,0,0.26255583137482913,0.4380123739472094,0.33273844840378125,0.3502841026610193,0.6,0.4
2024_06_CIN_NYG,2024,6,NYG,CIN,0,0.3648076128563295,0.554434628586128,0.4406584191482489,0.45962112072122874,0.6,0.4
2024_06_CLE_PHI,2024,6,PHI,CLE,1,0.7080012149794289,0.6591826905541286,0.6884738052093088,0.6835919527667788,0.6,0.4
2024_06_DET_DAL,2024,6,DAL,DET,0,0.44674882856998605,0.6235636797089303,0.5174747690255638,0.5351562541394582,0.6,0.4
2024_06_HOU_NE,2024,6,NE,HOU,0,0.30930945308782665,0.4850898760075418,0.3796216222557127,0.3971996645476842,0.6,0.4
2024_06_IND_TEN,2024,6,TEN,IND,0,0.3882282320940937,0.5635930122130783,0.45837414414168753,0.47591062215358604,0.6,0.4
2024_06_JAX_CHI,2024,6,CHI,JAX,1,0.6301414995063574,0.593995222350107,0.6156829886438573,0.6120683609282322,0.6,0.4
2024_06_LAC_DEN,2024,6,DEN,LAC,0,0.5076406593704241,0.6234041412069795,0.5539460521050463,0.5655224002887018,0.6,0.4
2024_06_PIT_LV,2024,6,LV,PIT,0,0.34761896469046527,0.5174116558459323,0.4155360411526521,0.4325153102681988,0.6,0.4
2024_06_SF_SEA,2024,6,SEA,SF,0,0.3745986683856049,0.5543048539143022,0.4464811425970838,0.46445176114995357,0.6,0.4
2024_06_TB_NO,2024,6,NO,TB,0,0.632995175635068,0.561790151519804,0.6045131659889624,0.597392663577436,0.6,0.4
2024_06_WAS_BAL,2024,6,BAL,WAS,1,0.6218194337720311,0.707263132515988,0.655996913269614,0.6645412831440096,0.6,0.4
2024_07_BAL_TB,2024,7,TB,BAL,0,0.4040590239777148,0.5255526779539164,0.45265648556819543,0.4648058509658156,0.6,0.4
2024_07_CAR_WAS,2024,7,WAS,CAR,1,0.8432926927536009,0.7093676019788272,0.7897226564436914,0.7763301473662141,0.6,0.4
2024_07_CIN_CLE,2024,7,CLE,CIN,0,0.29326186503997753,0.5588139064893243,0.39948268161971623,0.4260378857646509,0.6,0.4
2024_07_DEN_NO,2024,7,NO,DEN,0,0.616318112232878,0.5982094736110384,0.6090746567841422,0.6072637929219582,0.6,0.4
2024_07_DET_MIN,2024,7,MIN,DET,0,0.3841123445231092,0.5830089569936737,0.463670989511335,0.4835606507583915,0.6,0.4
2024_07_HOU_GB,2024,7,GB,HOU,1,0.6139442986018037,0.6125979587953105,0.6134057626792064,0.613271128698557,0.6,0.4
2024_07_KC_SF,2024,7,SF,KC,0,0.6357468485461049,0.5256799160823463,0.5917200755606015,0.5807133823142256,0.6,0.4
2024_07_LAC_ARI,2024,7,ARI,LAC,1,0.4535975304169639,0.5234559404077108,0.48154089441326264,0.4885267354123374,0.6,0.4
2024_07_LV_LA,2024,7,LA,LV,1,0.6701757070769878,0.6187964995264559,0.649624024056775,0.6444861033017218,0.6,0.4
2024_07_MIA_IND,2024,7,IND,MIA,1,0.6421578965568422,0.5530696134814069,0.6065225833266681,0.5976137550191245,0.6,0.4
2024_07_NE_JAX,2024,7,JAX,NE,1,0.6510827834947084,0.6357194142317464,0.6449374357895236,0.6434010988632274,0.6,0.4
2024_07_NYJ_PIT,2024,7,PIT,NYJ,1,0.6239224520814027,0.7116947970038598,0.6590313900503856,0.6678086245426313,0.6,0.4
2024_07_PHI_NYG,2024,7,NYG,PHI,0,0.37158181734267187,0.466251847582999,0.4094498294388027,0.4189168324628354,0.6,0.4
2024_07_SEA_ATL,2024,7,ATL,SEA,0,0.5538194613089827,0.5679490725233624,0.5594713057947346,0.5608842669161725,0.6,0.4
2024_07_TEN_BUF,2024,7,BUF,TEN,1,0.8102599075262219,0.7604273022787452,0.7903268654272313,0.7853436049024836,0.6,0.4
2024_08_ARI_MIA,2024,8,MIA,ARI,0,0.4738213329010424,0.6741095824944361,0.5539366327383999,0.5739654576977392,0.6,0.4
2024_08_ATL_TB,2024,8,TB,ATL,0,0.6040933349231958,0.649503111375978,0.6222572455043087,0.626798223149587,0.6,0.4
2024_08_BAL_CLE,2024,8,CLE,BAL,1,0.17832312146819512,0.4315763945326518,0.2796244306939778,0.30494975800042345,0.6,0.4
2024_08_BUF_SEA,2024,8,SEA,BUF,0,0.3105413059450235,0.497453861500148,0.38530632816707333,0.40399758372258576,0.6,0.4
2024_08_CAR_DEN,2024,8,DEN,CAR,1,0.7917724607022619,0.7348173680210924,0.7689904236297942,0.7632949143616772,0.6,0.4
2024_08_CHI_WAS,2024,8,WAS,CHI,1,0.6658848753455633,0.6006174989416248,0.6397779247839879,0.633251187143594,0.6,0.4
2024_08_DAL_SF,2024,8,SF,DAL,1,0.7464743903177353,0.5774030089518509,0.6788458377713815,0.6619386996347931,0.6,0.4
2024_08_GB_JAX,2024,8,JAX,GB,0,0.32340354446100605,0.48115164293110807,0.38650278384904685,0.4022775936960571,0.6,0.4
2024_08_IND_HOU,2024,8,HOU,IND,1,0.5666347038639404,0.6189000978790451,0.5875408614699823,0.5927674008714927,0.6,0.4
2024_08_KC_LV,2024,8,LV,KC,0,0.23090840202181032,0.38187551055862134,0.29129524543653473,0.3063919562902158,0.6,0.4
2024_08_MIN_LA,2024,8,LA,MIN,1,0.4035274718557097,0.5349209384987947,0.4560848585129437,0.4692242051772522,0.6,0.4
2024_08_NO_LAC,2024,8,LAC,NO,1,0.5777125829767278,0.5933976556851907,0.5839866120601129,0.5855551193309592,0.6,0.4
2024_08_NYG_PIT,2024,8,PIT,NYG,1,0.7382431219740647,0.7210282651224734,0.7313571792334282,0.7296356935482691,0.6,0.4
2024_08_NYJ_NE,2024,8,NE,NYJ,1,0.3656768919811952,0.5543487759514757,0.44114564556930735,0.4600128339663354,0.6,0.4
2024_08_PHI_CIN,2024,8,CIN,PHI,0,0.5028750771198184,0.5395886761226302,0.517560516720943,0.5212318766212243,0.6,0.4
2024_08_TEN_DET,2024,8,DET,TEN,1,0.8290658715225216,0.7550752895317783,0.7994696387262243,0.79207058052715,0.6,0.4
2024_09_CHI_ARI,2024,9,ARI,CHI,1,0.5000692705869555,0.5771303503932506,0.5308937025094735,0.5385998104901031,0.6,0.4
2024_09_DAL_ATL,2024,9,ATL,DAL,1,0.6345011557422103,0.511567812057661,0.5853278182683906,0.5730344838999357,0.6,0.4
2024_09_DEN_BAL,2024,9,BAL,DEN,1,0.736341325759048,0.6943720760226182,0.7195536258644761,0.715356700890833,0.6,0.4
2024_09_DET_GB,2024,9,GB,DET,0,0.43086953689679636,0.5648532018788149,0.48446300288960376,0.4978613693878057,0.6,0.4
2024_09_HOU_NYJ,2024,9,NYJ,HOU,1,0.4516935628227459,0.4730354679682526,0.46023032488094856,0.4623645153954993,0.6,0.4
2024_09_IND_MIN,2024,9,MIN,IND,1,0.6065545130589323,0.6492402843441056,0.6236288215730017,0.627897398701519,0.6,0.4
2024_09_JAX_PHI,2024,9,PHI,JAX,1,0.7191145547540342,0.7346279498530036,0.725319912793622,0.7268712523035189,0.6,0.4
2024_09_LAC_CLE,2024,9,CLE,LAC,0,0.3673831865051195,0.5976525778582856,0.45949094304638594,0.48251788218170255,0.6,0.4
2024_09_LA_SEA,2024,9,SEA,LA,0,0.543590681993576,0.5916652921560157,0.5628205260585519,0.5676279870747958,0.6,0.4
2024_09_LV_CIN,2024,9,CIN,LV,1,0.7639726946786376,0.6643125285110125,0.7241086282115876,0.7141426115948251,0.6,0.4
2024_09_MIA_BUF,2024,9,BUF,MIA,1,0.842862532979551,0.7230551924607508,0.794939596772031,0.7829588627201509,0.6,0.4
2024_09_NE_TEN,2024,9,TEN,NE,1,0.5741000400815484,0.5985898908174561,0.5838959803759114,0.5863449654495022,0.6,0.4
2024_09_NO_CAR,2024,9,CAR,NO,1,0.2933522527478573,0.4648882046486947,0.36196663350819225,0.379120228698276,0.6,0.4
2024_09_TB_KC,2024,9,KC,TB,1,0.5953471640141493,0.7372841829209688,0.6521219715768771,0.666315673467559,0.6,0.4
2024_09_WAS_NYG,2024,9,NYG,WAS,0,0.23805909720667665,0.5285034638529594,0.3542368438651898,0.383281280529818,0.6,0.4
2024_10_ATL_NO,2024,10,NO,ATL,1,0.4615391790496198,0.5284606588903484,0.4883077709859112,0.4949999189699841,0.6,0.4
2024_10_BUF_IND,2024,10,IND,BUF,0,0.25174565325759996,0.42359325923201213,0.3204846956473648,0.33766945624480604,0.6,0.4
2024_10_CIN_BAL,2024,10,BAL,CIN,1,0.7214592348381779,0.6792854748188297,0.7045897308304385,0.7003723548285038,0.6,0.4
2024_10_DEN_KC,2024,10,KC,DEN,1,0.6830126388184943,0.7579705465881086,0.71299580192634,0.7204915927033014,0.6,0.4
2024_10_DET_HOU,2024,10,HOU,DET,0,0.3246753981270538,0.48759879660071925,0.38984475751652,0.40613709736388653,0.6,0.4
2024_10_MIA_LA,2024,10,LA,MIA,0,0.5908713191589714,0.6373979511520692,0.6094819719562106,0.6141346351555204,0.6,0.4
2024_10_MIN_JAX,2024,10,JAX,MIN,0,0.37170108518363365,0.4711760899422995,0.4114910870871,0.4214385875629666,0.6,0.4
2024_10_NE_CHI,2024,10,CHI,NE,0,0.7008067966790553,0.6453899190418136,0.6786400456241587,0.6730983578604345,0.6,0.4
2024_10_NYG_CAR,2024,10,CAR,NYG,1,0.3854971842747347,0.5237520466166226,0.4407991292114899,0.45462461544567867,0.6,0.4
2024_10_NYJ_ARI,2024,10,ARI,NYJ,1,0.5472418849119803,0.6160601041372569,0.5747691726020909,0.5816509945246187,0.6,0.4
2024_10_PHI_DAL,2024,10,DAL,PHI,0,0.3299149488057179,0.5399095241373754,0.4139127789383809,0.43491223647154664,0.6,0.4
2024_10_PIT_WAS,2024,10,WAS,PIT,0,0.6497671523337285,0.5138502937967319,0.5954004089189299,0.5818087230652302,0.6,0.4
2024_10_SF_TB,2024,10,TB,SF,0,0.41240581089957756,0.518468434747674,0.45483086043881615,0.4654371228236258,0.6,0.4
2024_10_TEN_LAC,2024,10,LAC,TEN,1,0.7097922670151727,0.6626356890169874,0.6909296358158986,0.6862139780160801,0.6,0.4
2024_11_ATL_DEN,2024,11,DEN,ATL,1,0.46629323280241447,0.5885693607649605,0.5152036839874329,0.5274312967836875,0.6,0.4
2024_11_BAL_PIT,2024,11,PIT,BAL,1,0.3258246817776335,0.562135337222523,0.4203489439555893,0.4439800095000782,0.6,0.4
2024_11_CIN_LAC,2024,11,LAC,CIN,1,0.5419133215535377,0.5792372719226686,0.55684290170119,0.5605752967381031,0.6,0.4
2024_11_CLE_NO,2024,11,NO,CLE,1,0.6558562927484771,0.5785081217454069,0.624917024347249,0.617182207246942,0.6,0.4
2024_11_GB_CHI,2024,11,CHI,GB,0,0.35574763846994123,0.45589536870400044,0.3958067305635649,0.40582150358697083,0.6,0.4
2024_11_HOU_DAL,2024,11,DAL,HOU,0,0.3934925166595853,0.6256610497509941,0.48635992989614885,0.5095767832052898,0.6,0.4
2024_11_IND_NYJ,2024,11,NYJ,IND,0,0.5234327979653177,0.5488729186913567,0.5336088462557333,0.5361528583283373,0.6,0.4
2024_11_JAX_DET,2024,11,DET,JAX,1,0.8006192522711505,0.7779591219398989,0.7915552001386499,0.7892891871055248,0.6,0.4
2024_11_KC_BUF,2024,11,BUF,KC,1,0.6654538944757475,0.5607374089720926,0.6235673002742856,0.6130956517239201,0.6,0.4
2024_11_LA_NE,2024,11,NE,LA,0,0.39592228199549284,0.4890508243511075,0.4331736989377387,0.4424865531733002,0.6,0.4
2024_11_LV_MIA,2024,11,MIA,LV,1,0.6990547701453061,0.6592509824074695,0.6831332550501714,0.6791528762763879,0.6,0.4
2024_11_MIN_TEN,2024,11,TEN,MIN,0,0.3199590478688705,0.43384992510628817,0.3655153987638376,0.37690448648757935,0.6,0.4
2024_11_SEA_SF,2024,11,SF,SEA,0,0.7567862977360597,0.6825940764407725,0.7271094092179449,0.719690187088416,0.6,0.4
2024_11_WAS_PHI,2024,11,PHI,WAS,1,0.5278670616396371,0.7142527097243552,0.6024213208735243,0.6210598856819962,0.6,0.4
2024_12_ARI_SEA,2024,12,SEA,ARI,1,0.4594890461759329,0.6400987457658884,0.531732926011915,0.5497938959709107,0.6,0.4
2024_12_BAL_LAC,2024,12,LAC,BAL,0,0.3293342363804051,0.49208290956345124,0.39443370565362357,0.4107085729719282,0.6,0.4
2024_12_DAL_WAS,2024,12,WAS,DAL,0,0.7803925376825936,0.5522721986731032,0.6891444020787975,0.6663323681778484,0.6,0.4
2024_12_DEN_LV,2024,12,LV,DEN,0,0.29022055408053904,0.5175584746761505,0.3811557223187836,0.40388951437834475,0.6,0.4
2024_12_DET_IND,2024,12,IND,DET,0,0.233210626031103,0.4267632674766746,0.31063168260933166,0.3299869467538888,0.6,0.4
2024_12_KC_CAR,2024,12,CAR,KC,0,0.20062143991555487,0.2839386739667848,0.23394833353604683,0.24228005694116983,0.6,0.4
2024_12_MIN_CHI,2024,12,CHI,MIN,0,0.4085808593705189,0.42623126817866974,0.41564102289377924,0.4174060637745943,0.6,0.4
2024_12_NE_MIA,2024,12,MIA,NE,1,0.6586213613811172,0.6994176369983103,0.6749398716279944,0.6790194991897137,0.6,0.4
2024_12_PHI_LA,2024,12,LA,PHI,0,0.3623527593187686,0.48675987250290015,0.41211560459242125,0.42455631591083437,0.6,0.4
2024_12_PIT_CLE,2024,12,CLE,PIT,1,0.34391873928283295,0.4353500871054002,0.38049127841185987,0.38963441319411657,0.6,0.4
2024_12_SF_GB,2024,12,GB,SF,1,0.44253299848719607,0.5960413407699309,0.50393633540029,0.5192871696285635,0.6,0.4
2024_12_TB_NYG,2024,12,NYG,TB,0,0.3403538185733977,0.49990730265193817,0.4041752122048139,0.42013056061266796,0.6,0.4
2024_12_TEN_HOU,2024,12,HOU,TEN,0,0.6888638814464676,0.7072321390967301,0.6962111845065726,0.6980480102715989,0.6,0.4
2024_13_ARI_MIN,2024,13,MIN,ARI,1,0.597148397160499,0.7172568325138524,0.6451917713018404,0.6572026148371757,0.6,0.4
2024_13_CHI_DET,2024,13,DET,CHI,1,0.8000560879888948,0.8023361969521012,0.8009681315741775,0.8011961424704981,0.6,0.4
2024_13_CLE_DEN,2024,13,DEN,CLE,1,0.6990112796996579,0.6324255868281311,0.6723770025510472,0.6657184332638946,0.6,0.4
2024_13_HOU_JAX,2024,13,JAX,HOU,0,0.3601453237485797,0.5036035205570812,0.4175286024719803,0.43187442215283045,0.6,0.4
2024_13_IND_NE,2024,13,NE,IND,0,0.42719678997909305,0.5123661778157569,0.4612645451137586,0.46978148389742497,0.6,0.4
2024_13_LAC_ATL,2024,13,ATL,LAC,0,0.4946735763858055,0.5681217955553579,0.5240528640536265,0.5313976859705817,0.6,0.4
2024_13_LA_NO,2024,13,NO,LA,0,0.5480038100862903,0.5437104614152442,0.5462864706178718,0.5458571357507672,0.6,0.4
2024_13_LV_KC,2024,13,KC,LV,1,0.8241606643907985,0.8169110060343223,0.8212608010482081,0.8205358352125605,0.6,0.4
2024_13_MIA_GB,2024,13,GB,MIA,1,0.6686065385462721,0.6573740944642826,0.6641135609134763,0.6629903165052773,0.6,0.4
2024_13_NYG_DAL,2024,13,DAL,NYG,1,0.5500813270766495,0.7318676739387089,0.6227958658214732,0.6409745005076792,0.6,0.4
2024_13_PHI_BAL,2024,13,BAL,PHI,0,0.6123799987935089,0.5771111533933692,0.598272460633453,0.594745576093439,0.6,0.4
2024_13_PIT_CIN,2024,13,CIN,PIT,0,0.559962090537044,0.5036236215316161,0.5374267029348729,0.5317928560343301,0.6,0.4
2024_13_SEA_NYJ,2024,13,NYJ,SEA,0,0.49419998286391853,0.47024197217581676,0.4846167785886778,0.48222097751986764,0.6,0.4
2024_13_SF_BUF,2024,13,BUF,SF,1,0.6154189744333765,0.691246947526424,0.6457501636705956,0.6533329609799002,0.6,0.4
2024_13_TB_CAR,2024,13,CAR,TB,0,0.24123031014892946,0.4353527503430534,0.318879286226579,0.3382915302459914,0.6,0.4
2024_13_TEN_WAS,2024,13,WAS,TEN,1,0.7349089844561149,0.6383181546956574,0.6962726525519318,0.6866135695758862,0.6,0.4
2024_14_ATL_MIN,2024,14,MIN,ATL,1,0.6113789043386371,0.7193211209275884,0.6545557909742176,0.6653500126331127,0.6,0.4
2024_14_BUF_LA,2024,14,LA,BUF,1,0.27901079171416265,0.4426073786125182,0.34444942647350485,0.3608090851633404,0.6,0.4
2024_14_CAR_PHI,2024,14,PHI,CAR,1,0.8466146498252078,0.8456844802958373,0.8462425820134597,0.8461495650605226,0.6,0.4
2024_14_CHI_SF,2024,14,SF,CHI,1,0.6822364779521073,0.7320678412786353,0.7021690232827185,0.7071521596153714,0.6,0.4
2024_14_CIN_DAL,2024,14,DAL,CIN,0,0.3570441753050029,0.6445619531670241,0.4720512864498114,0.5008030642360135,0.6,0.4
2024_14_CLE_PIT,2024,14,PIT,CLE,1,0.704808020405645,0.7268463200449254,0.7136233402613572,0.7158271702252852,0.6,0.4
2024_14_GB_DET,2024,14,DET,GB,1,0.6521920517471631,0.6530945089449148,0.6525530346262638,0.6526432803460389,0.6,0.4
2024_14_JAX_TEN,2024,14,TEN,JAX,0,0.5301430933412429,0.5999609761424323,0.5580702464617187,0.5650520347418375,0.6,0.4
2024_14_LAC_KC,2024,14,KC,LAC,1,0.6148178272170612,0.7439074375133315,0.6664536713355693,0.6793626323651965,0.6,0.4
2024_14_LV_TB,2024,14,TB,LV,1,0.7710486564504673,0.6977099114738463,0.7417131584598189,0.7343792839621568,0.6,0.4
2024_14_NO_NYG,2024,14,NYG,NO,0,0.3717596789622018,0.5195287356247721,0.43086730162722997,0.44564420729348697,0.6,0.4
2024_14_NYJ_MIA,2024,14,MIA,NYJ,1,0.6206720421823492,0.7024593941266232,0.6533869829600587,0.6615657181544862,0.6,0.4
2024_14_SEA_ARI,2024,14,ARI,SEA,0,0.5652161306727356,0.5007466135340208,0.5394283238172497,0.5329813721033783,0.6,0.4
2024_15_ATL_LV,2024,15,LV,ATL,0,0.357879356550322,0.5327372947114677,0.42782253181478025,0.44530832563089484,0.6,0.4
2024_15_BAL_NYG,2024,15,NYG,BAL,0,0.17435105855953872,0.34238751541016177,0.24156564129978797,0.25836928698485023,0.6,0.4
2024_15_BUF_DET,2024,15,DET,BUF,0,0.5100180322596484,0.6027022827506412,0.5470917324560455,0.5563601575051448,0.6,0.4
2024_15_CHI_MIN,2024,15,MIN,CHI,1,0.6703419199847899,0.779404237973134,0.7139668471801275,0.7248730789789619,0.6,0.4
2024_15_CIN_TEN,2024,15,TEN,CIN,0,0.34455122507322405,0.4735365672040937,0.3961453619255719,0.4090438961386589,0.6,0.4
2024_15_DAL_CAR,2024,15,CAR,DAL,0,0.4561700125167775,0.3953460534211746,0.43184042887853635,0.4257580329689761,0.6,0.4
2024_15_GB_SEA,2024,15,SEA,GB,0,0.3887607610353485,0.5577847933830815,0.4563703739744417,0.473272777209215,0.6,0.4
2024_15_IND_DEN,2024,15,DEN,IND,1,0.6252412298306907,0.6311170627307318,0.6275915629907072,0.6281791462807113,0.6,0.4
2024_15_KC_CLE,2024,15,CLE,KC,0,0.30444447829347093,0.350479078556118,0.32285831839852974,0.32746177842479446,0.6,0.4
2024_15_LA_SF,2024,15,SF,LA,0,0.6701872056932533,0.6089077384578243,0.6456754187990817,0.6395474720755387,0.6,0.4
2024_15_MIA_HOU,2024,15,HOU,MIA,1,0.541512153774547,0.5914170695979636,0.5614741201039136,0.5664646116862553,0.6,0.4
2024_15_NE_ARI,2024,15,ARI,NE,1,0.6628040327833569,0.650491235201556,0.6578789137506366,0.6566476339924565,0.6,0.4
2024_15_NYJ_JAX,2024,15,JAX,NYJ,0,0.49581407972866004,0.6263437191693764,0.5480259355049466,0.5610788994490182,0.6,0.4
2024_15_PIT_PHI,2024,15,PHI,PIT,1,0.6582988819283369,0.6404619196228415,0.6511640970061388,0.6493804007755892,0.6,0.4
2024_15_TB_LAC,2024,15,LAC,TB,0,0.4773189500472453,0.5790745850990368,0.5180212040679618,0.528196767573141,0.6,0.4
2024_15_WAS_NO,2024,15,NO,WAS,0,0.40240595185499917,0.5790852087762506,0.4730776546234997,0.4907455803156249,0.6,0.4
2024_16_ARI_CAR,2024,16,CAR,ARI,1,0.310850021154303,0.4676564625623508,0.37357259771752216,0.3892532418583269,0.6,0.4
2024_16_CLE_CIN,2024,16,CIN,CLE,1,0.7356554723726841,0.6689778725714448,0.7089844324521883,0.7023166724720644,0.6,0.4
2024_16_DEN_LAC,2024,16,LAC,DEN,1,0.48987779670188786,0.554880415413224,0.5158788441864223,0.5223791060575559,0.6,0.4
2024_16_DET_CHI,2024,16,CHI,DET,0,0.24845308387045612,0.3263087559164573,0.2795953526888566,0.2873809198934567,0.6,0.4
2024_16_HOU_KC,2024,16,KC,HOU,1,0.6279697616382085,0.7484805333144011,0.6761740703086856,0.6882251474763048,0.6,0.4
2024_16_JAX_LV,2024,16,LV,JAX,1,0.43803580226938954,0.5712127995808157,0.49130660119395997,0.5046243009251026,0.6,0.4
2024_16_LA_NYJ,2024,16,NYJ,LA,0,0.45964314795315286,0.43076270241739073,0.448090969738848,0.4452029251852718,0.6,0.4
2024_16_MIN_SEA,2024,16,SEA,MIN,0,0.41147149766897406,0.5148073155880927,0.4528058248366215,0.46313940662853337,0.6,0.4
2024_16_NE_BUF,2024,16,BUF,NE,1,0.8592304653231737,0.8395811353298295,0.851370733325836,0.8494058003265016,0.6,0.4
2024_16_NO_GB,2024,16,GB,NO,1,0.6820007847331989,0.7338204958895482,0.7027286691957386,0.7079106403113735,0.6,0.4
2024_16_NYG_ATL,2024,16,ATL,NYG,1,0.6833417351392197,0.7008524869735463,0.6903460358729503,0.6920971110563829,0.6,0.4
2024_16_PHI_WAS,2024,16,WAS,PHI,1,0.45958534851290966,0.40842027178061746,0.4391193178199928,0.43400281014676356,0.6,0.4
2024_16_PIT_BAL,2024,16,BAL,PIT,1,0.7612922217003466,0.6092798697143088,0.7004872809059315,0.6852860457073278,0.6,0.4
2024_16_SF_MIA,2024,16,MIA,SF,1,0.4007225713607686,0.55654228830505,0.46305045813848117,0.4786324298329093,0.6,0.4
2024_16_TB_DAL,2024,16,DAL,TB,1,0.3425431953736401,0.5902636682430619,0.4416313845214088,0.466403431808351,0.6,0.4
2024_16_TEN_IND,2024,16,IND,TEN,1,0.594646666795871,0.6799460965726194,0.6287664387065703,0.6372963816842452,0.6,0.4
2024_17_ARI_LA,2024,17,LA,ARI,1,0.5438048294434135,0.7236804650599948,0.6157550836900461,0.6337426472517041,0.6,0.4
2024_17_ATL_WAS,2024,17,WAS,ATL,1,0.6395373744216631,0.6242267198259173,0.6334131125833649,0.6318820471237903,0.6,0.4
2024_17_BAL_HOU,2024,17,HOU,BAL,0,0.27624793313271545,0.4798110181341977,0.3576731671333083,0.37802947563345657,0.6,0.4
2024_17_CAR_TB,2024,17,TB,CAR,1,0.7893806268404737,0.7622256342785816,0.7785186298157168,0.7758031305595277,0.6,0.4
2024_17_DAL_PHI,2024,17,PHI,DAL,1,0.7667325353329024,0.693856501455536,0.7375821217819558,0.7302945183942192,0.6,0.4
2024_17_DEN_CIN,2024,17,CIN,DEN,1,0.572851012086159,0.6048107762945694,0.5856349177695231,0.5888308941903642,0.6,0.4
2024_17_DET_SF,2024,17,SF,DET,0,0.4201316962847832,0.4586959358382594,0.43555739210617367,0.4394138160615213,0.6,0.4
2024_17_GB_MIN,2024,17,MIN,GB,1,0.45086167265825366,0.6099946398957522,0.514514859553253,0.5304281562770029,0.6,0.4
2024_17_IND_NYG,2024,17,NYG,IND,1,0.3848464566066114,0.4536559030627061,0.41237023518904925,0.41925117983465876,0.6,0.4
2024_17_KC_PIT,2024,17,PIT,KC,0,0.41966532981887156,0.47372124553272127,0.44128769610441143,0.4466932876757964,0.6,0.4
2024_17_LAC_NE,2024,17,NE,LAC,0,0.3956241296297332,0.44275054923089574,0.4144746974701982,0.4191873394303145,0.6,0.4
2024_17_LV_NO,2024,17,NO,LV,0,0.6689143338909164,0.6390076316016716,0.6569516529752185,0.653960982746294,0.6,0.4
2024_17_MIA_CLE,2024,17,CLE,MIA,0,0.3486179123845699,0.504822551213596,0.4110997679161803,0.4267202317990829,0.6,0.4
2024_17_NYJ_BUF,2024,17,BUF,NYJ,1,0.8103525685051004,0.8279033962665595,0.8173728996096841,0.81912798238583,0.6,0.4
2024_17_SEA_CHI,2024,17,CHI,SEA,0,0.48003284271554175,0.44323907259406053,0.4653153346669493,0.46163595765480114,0.6,0.4
2024_17_TEN_JAX,2024,17,JAX,TEN,1,0.556020970636331,0.6108942731136217,0.5779702916272473,0.5834576218749763,0.6,0.4
2024_18_BUF_NE,2024,18,NE,BUF,1,0.16110018467309187,0.2661002408580055,0.20310020714705732,0.2136002127655487,0.6,0.4
2024_18_CAR_ATL,2024,18,ATL,CAR,0,0.7124495729897709,0.7183908008977467,0.7148260641529611,0.7154201869437588,0.6,0.4
2024_18_CHI_GB,2024,18,GB,CHI,0,0.7458538551052403,0.7929562950416468,0.764694831079803,0.7694050750734436,0.6,0.4
2024_18_CIN_PIT,2024,18,PIT,CIN,0,0.4322225200783634,0.6290181929059466,0.5109407892093967,0.530620356492155,0.6,0.4
2024_18_CLE_BAL,2024,18,BAL,CLE,1,0.8854990310571429,0.7870280454529346,0.8461106368154596,0.8362635382550387,0.6,0.4
2024_18_HOU_TEN,2024,18,TEN,HOU,0,0.422747057217157,0.4406583676937352,0.4299115814077883,0.4317027124554461,0.6,0.4
2024_18_JAX_IND,2024,18,IND,JAX,1,0.5680018817169835,0.6553452172925354,0.6029392159472042,0.6116735495047594,0.6,0.4
2024_18_KC_DEN,2024,18,DEN,KC,1,0.4405468269057818,0.3750753976982088,0.4143582552227526,0.4078111123019953,0.6,0.4
2024_18_LAC_LV,2024,18,LV,LAC,0,0.3384817638238752,0.4809000009444027,0.39544905867208624,0.409690882384139,0.6,0.4
2024_18_MIA_NYJ,2024,18,NYJ,MIA,1,0.4228802531066366,0.4406217253606643,0.4299768420082477,0.43175098923365046,0.6,0.4
2024_18_MIN_DET,2024,18,DET,MIN,1,0.6758498312509986,0.6273003806375367,0.6564300510056138,0.6515751059442676,0.6,0.4
2024_18_NO_TB,2024,18,TB,NO,1,0.7066551083438649,0.6987891234175699,0.7035087143733469,0.7027221158807174,0.6,0.4
2024_18_NYG_PHI,2024,18,PHI,NYG,1,0.839132537359366,0.8367713530294312,0.8381880636273921,0.8379519451943986,0.6,0.4
2024_18_SEA_LA,2024,18,LA,SEA,0,0.5804750415639107,0.6363430910679884,0.6028222613655417,0.6084090663159496,0.6,0.4
2024_18_SF_ARI,2024,18,ARI,SF,1,0.40209401713628,0.49471178306567704,0.4391411235080388,0.4484029001009785,0.6,0.4
2024_18_WAS_DAL,2024,18,DAL,WAS,0,0.32743024433513557,0.6130317096748967,0.44167083047104005,0.47023097700501615,0.6,0.4
