evaluation_season,v3_weight,elo_weight,selection_games,selection_accuracy,selection_brier,selection_log_loss
2023,0.8,0.19999999999999996,269,0.6394052044609665,0.22563370561412743,0.6425210610775327
2023,0.7,0.30000000000000004,269,0.6319702602230484,0.2256620288559664,0.6426012845748541
2023,0.9,0.09999999999999998,269,0.6282527881040892,0.22589081368090785,0.6430428396679435
2023,0.6,0.4,269,0.620817843866171,0.2259757834064247,0.6432722978879265
2023,1.0,0.0,269,0.6245353159851301,0.22643335305630763,0.6441846266340513
2023,0.5,0.5,269,0.6022304832713755,0.2265749692655024,0.6445290561814746
2023,0.4,0.6,269,0.6133828996282528,0.22745958643319952,0.6463723984366604
2023,0.3,0.7,269,0.6133828996282528,0.22862963490951596,0.6488090810370195
2023,0.2,0.8,269,0.6133828996282528,0.23008511469445178,0.6518521503773481
2023,0.1,0.9,269,0.6096654275092936,0.23182602578800696,0.6555217359434949
2023,0.0,1.0,269,0.5910780669144982,0.23385236819018157,0.6598464409376642
2024,0.6,0.4,541,0.6173752310536045,0.22913352051758448,0.6500257282050086
2024,0.7,0.30000000000000004,541,0.6266173752310537,0.22918690825409124,0.650156205732083
2024,0.5,0.5,541,0.5970425138632163,0.22937493605788017,0.6505446296972621
2024,0.8,0.19999999999999996,541,0.6210720887245841,0.22953509926740034,0.6509626080676555
2024,0.4,0.6,541,0.6062846580406654,0.2299111548749783,0.6516970065569485
2024,0.9,0.09999999999999998,541,0.6192236598890942,0.2301780935575119,0.6524855121597841
2024,0.3,0.7,541,0.6044362292051756,0.23074217696887875,0.6534757654285676
2024,1.0,0.0,541,0.6155268022181146,0.23111589112442582,0.6547859845170799
2024,0.2,0.8,541,0.6044362292051756,0.23186800233958163,0.6558817256649436
2024,0.1,0.9,541,0.600739371534196,0.23328863098708694,0.6589233993325521
2024,0.0,1.0,541,0.5859519408502772,0.23500406291139464,0.6626173908679395
