game_id,season,week,home_team,away_team,home_score,away_score,home_win,prob
2025_01_ARI_NO,2025,1,NO,ARI,13,20,0,0.4150151893292777
2025_03_ARI_SF,2025,3,SF,ARI,16,15,1,0.562520444928656
2025_06_ARI_IND,2025,6,IND,ARI,31,27,1,0.6608878636448878
2025_09_ARI_DAL,2025,9,DAL,ARI,17,27,0,0.5385478792562441
2025_10_ARI_SEA,2025,10,SEA,ARI,44,22,1,0.5839687886316139
2025_13_ARI_TB,2025,13,TB,ARI,20,17,1,0.5641181863550648
2025_15_ARI_HOU,2025,15,HOU,ARI,40,20,1,0.6079291212944458
2025_17_ARI_CIN,2025,17,CIN,ARI,37,14,1,0.4669540703295638
2025_18_ARI_LA,2025,18,LA,ARI,37,20,1,0.7168387859649518
2025_02_ATL_MIN,2025,2,MIN,ATL,6,22,0,0.5257608574585961
2025_03_ATL_CAR,2025,3,CAR,ATL,30,0,1,0.30658194651009324
2025_07_ATL_SF,2025,7,SF,ATL,20,10,1,0.5202818789594047
2025_09_ATL_NE,2025,9,NE,ATL,24,23,1,0.6855575293803937
2025_10_ATL_IND,2025,10,IND,ATL,31,25,1,0.7501910881668976
2025_12_ATL_NO,2025,12,NO,ATL,10,24,0,0.40979061348789136
2025_13_ATL_NYJ,2025,13,NYJ,ATL,27,24,1,0.41605805545385754
2025_15_ATL_TB,2025,15,TB,ATL,28,29,0,0.595357431394406
2025_16_ATL_ARI,2025,16,ARI,ATL,19,26,0,0.5237331656513463
2025_01_BAL_BUF,2025,1,BUF,BAL,41,40,1,0.47909810102050115
2025_04_BAL_KC,2025,4,KC,BAL,37,20,1,0.38898753975989603
2025_09_BAL_MIA,2025,9,MIA,BAL,6,28,0,0.4194392519194201
2025_10_BAL_MIN,2025,10,MIN,BAL,19,27,0,0.3769076869058939
2025_11_BAL_CLE,2025,11,CLE,BAL,16,23,0,0.28426336019126525
2025_15_BAL_CIN,2025,15,CIN,BAL,0,24,0,0.37556548582463706
2025_17_BAL_GB,2025,17,GB,BAL,24,41,0,0.6346237935973094
2025_18_BAL_PIT,2025,18,PIT,BAL,26,24,1,0.44297871429543634
2025_02_BUF_NYJ,2025,2,NYJ,BUF,10,30,0,0.38761896260451933
2025_06_BUF_ATL,2025,6,ATL,BUF,24,14,1,0.321431420735241
2025_08_BUF_CAR,2025,8,CAR,BUF,9,40,0,0.2852188309564032
2025_10_BUF_MIA,2025,10,MIA,BUF,30,13,1,0.21792758125404738
2025_12_BUF_HOU,2025,12,HOU,BUF,23,19,1,0.3788376702675229
2025_13_BUF_PIT,2025,13,PIT,BUF,7,26,0,0.35429165371555427
2025_15_BUF_NE,2025,15,NE,BUF,31,35,0,0.4482841688597185
2025_16_BUF_CLE,2025,16,CLE,BUF,20,23,0,0.16977622159906722
2025_01_CAR_JAX,2025,1,JAX,CAR,26,10,1,0.5723954449734934
2025_02_CAR_ARI,2025,2,ARI,CAR,27,22,1,0.7524743213168926
2025_04_CAR_NE,2025,4,NE,CAR,42,13,1,0.5915018520197759
2025_07_CAR_NYJ,2025,7,NYJ,CAR,6,13,0,0.4786553288181466
2025_09_CAR_GB,2025,9,GB,CAR,13,16,0,0.8212981048871756
2025_11_CAR_ATL,2025,11,ATL,CAR,27,30,0,0.6338480528720044
2025_12_CAR_SF,2025,12,SF,CAR,20,9,1,0.6998523718310994
2025_15_CAR_NO,2025,15,NO,CAR,20,17,1,0.5110638866371862
2025_18_CAR_TB,2025,18,TB,CAR,16,14,1,0.6775872267966215
2025_02_CHI_DET,2025,2,DET,CHI,52,21,1,0.6887497389963673
2025_04_CHI_LV,2025,4,LV,CHI,24,25,0,0.43159912850634696
2025_06_CHI_WAS,2025,6,WAS,CHI,24,25,0,0.7274968854436464
2025_08_CHI_BAL,2025,8,BAL,CHI,30,16,1,0.5119484796363448
2025_09_CHI_CIN,2025,9,CIN,CHI,42,47,0,0.38154821164549374
2025_11_CHI_MIN,2025,11,MIN,CHI,17,19,0,0.38196496628293475
2025_13_CHI_PHI,2025,13,PHI,CHI,15,24,0,0.6028267785405177
2025_14_CHI_GB,2025,14,GB,CHI,28,21,1,0.6819913785086024
2025_17_CHI_SF,2025,17,SF,CHI,42,38,1,0.5639102398154131
2025_01_CIN_CLE,2025,1,CLE,CIN,16,17,0,0.29080549086453455
2025_03_CIN_MIN,2025,3,MIN,CIN,48,10,1,0.41310823061152374
2025_04_CIN_DEN,2025,4,DEN,CIN,28,3,1,0.7467614535353233
2025_06_CIN_GB,2025,6,GB,CIN,27,18,1,0.8486474236399919
2025_11_CIN_PIT,2025,11,PIT,CIN,34,12,1,0.6215086001528511
2025_13_CIN_BAL,2025,13,BAL,CIN,14,32,0,0.7401066116800188
2025_14_CIN_BUF,2025,14,BUF,CIN,39,34,1,0.8012094928301723
2025_16_CIN_MIA,2025,16,MIA,CIN,21,45,0,0.625287299780046
2025_02_CLE_BAL,2025,2,BAL,CLE,41,17,1,0.8567578285093332
2025_04_CLE_DET,2025,4,DET,CLE,34,10,1,0.8736706601652909
2025_06_CLE_PIT,2025,6,PIT,CLE,23,9,1,0.7219101329720168
2025_08_CLE_NE,2025,8,NE,CLE,32,13,1,0.7736749214779064
2025_10_CLE_NYJ,2025,10,NYJ,CLE,27,20,1,0.6200912630868763
2025_12_CLE_LV,2025,12,LV,CLE,10,24,0,0.4822059705848044
2025_15_CLE_CHI,2025,15,CHI,CLE,31,3,1,0.742126459460698
2025_18_CLE_CIN,2025,18,CIN,CLE,18,20,0,0.6765246279842176
2025_01_DAL_PHI,2025,1,PHI,DAL,24,20,1,0.7910055757615315
2025_03_DAL_CHI,2025,3,CHI,DAL,31,14,1,0.48825847978160136
2025_05_DAL_NYJ,2025,5,NYJ,DAL,22,37,0,0.5238355164362344
2025_06_DAL_CAR,2025,6,CAR,DAL,30,27,1,0.4217079631881417
2025_08_DAL_DEN,2025,8,DEN,DAL,44,24,1,0.6098525760002325
2025_11_DAL_LV,2025,11,LV,DAL,16,33,0,0.29108790194959344
2025_14_DAL_DET,2025,14,DET,DAL,44,30,1,0.6672805148167927
2025_17_DAL_WAS,2025,17,WAS,DAL,23,30,0,0.5104660761018394
2025_18_DAL_NYG,2025,18,NYG,DAL,34,17,1,0.4527761085193725
2025_02_DEN_IND,2025,2,IND,DEN,29,28,1,0.5211721673039229
2025_03_DEN_LAC,2025,3,LAC,DEN,23,20,1,0.5774159945133723
2025_05_DEN_PHI,2025,5,PHI,DEN,17,21,0,0.5241845954415526
2025_06_DEN_NYJ,2025,6,NYJ,DEN,11,13,0,0.31974266705452864
2025_09_DEN_HOU,2025,9,HOU,DEN,15,18,0,0.440329515871109
2025_13_DEN_WAS,2025,13,WAS,DEN,26,27,0,0.43216872342098206
2025_14_DEN_LV,2025,14,LV,DEN,17,24,0,0.18448831415213937
2025_17_DEN_KC,2025,17,KC,DEN,13,20,0,0.5121819099868812
2025_01_DET_GB,2025,1,GB,DET,27,13,1,0.44947793222915094
2025_03_DET_BAL,2025,3,BAL,DET,30,38,0,0.6036990983974806
2025_05_DET_CIN,2025,5,CIN,DET,24,37,0,0.15807716608228445
2025_06_DET_KC,2025,6,KC,DET,30,17,1,0.4104468484932623
2025_10_DET_WAS,2025,10,WAS,DET,22,44,0,0.34436884848901433
2025_11_DET_PHI,2025,11,PHI,DET,16,9,1,0.43174671780922097
2025_15_DET_LA,2025,15,LA,DET,41,34,1,0.5305197218718097
2025_17_DET_MIN,2025,17,MIN,DET,23,10,1,0.29135079237360345
2025_18_DET_CHI,2025,18,CHI,DET,16,19,0,0.45220178507684367
2025_03_GB_CLE,2025,3,CLE,GB,13,10,1,0.18909172933079488
2025_07_GB_ARI,2025,7,ARI,GB,23,27,0,0.3774151417911411
2025_08_GB_PIT,2025,8,PIT,GB,25,35,0,0.4096431954243852
2025_11_GB_NYG,2025,11,NYG,GB,20,27,0,0.2719587909394847
2025_13_GB_DET,2025,13,DET,GB,24,31,0,0.5137824405819003
2025_15_GB_DEN,2025,15,DEN,GB,34,26,1,0.44706231936380564
2025_16_GB_CHI,2025,16,CHI,GB,22,16,1,0.39339956889922156
2025_18_GB_MIN,2025,18,MIN,GB,16,3,1,0.29390399562723674
2025_01_HOU_LA,2025,1,LA,HOU,14,9,1,0.545530661384967
2025_03_HOU_JAX,2025,3,JAX,HOU,17,10,1,0.6413479218656748
2025_05_HOU_BAL,2025,5,BAL,HOU,10,44,0,0.70429498874574
2025_07_HOU_SEA,2025,7,SEA,HOU,27,19,1,0.5119353549681569
2025_11_HOU_TEN,2025,11,TEN,HOU,13,16,0,0.19296699627600658
2025_13_HOU_IND,2025,13,IND,HOU,16,20,0,0.6612548375605549
2025_14_HOU_KC,2025,14,KC,HOU,10,20,0,0.6514924390399818
2025_17_HOU_LAC,2025,17,LAC,HOU,16,20,0,0.543501804091433
2025_03_IND_TEN,2025,3,TEN,IND,20,41,0,0.24794059227482312
2025_04_IND_LA,2025,4,LA,IND,27,20,1,0.4435817046000652
2025_07_IND_LAC,2025,7,LAC,IND,24,38,0,0.4033573666503148
2025_09_IND_PIT,2025,9,PIT,IND,27,20,1,0.31639525418581316
2025_12_IND_KC,2025,12,KC,IND,23,20,1,0.5125916961783128
2025_14_IND_JAX,2025,14,JAX,IND,36,19,1,0.37477635134312076
2025_15_IND_SEA,2025,15,SEA,IND,18,16,1,0.5187997474992082
2025_18_IND_HOU,2025,18,HOU,IND,38,30,1,0.5047923130841752
2025_02_JAX_CIN,2025,2,CIN,JAX,31,27,1,0.5408068572007386
2025_04_JAX_SF,2025,4,SF,JAX,21,26,0,0.5943017632808236
2025_09_JAX_LV,2025,9,LV,JAX,29,30,0,0.29039127167654327
2025_10_JAX_HOU,2025,10,HOU,JAX,36,29,1,0.5771934449812354
2025_12_JAX_ARI,2025,12,ARI,JAX,24,27,0,0.5267724955565013
2025_13_JAX_TEN,2025,13,TEN,JAX,3,25,0,0.2664052943397498
2025_16_JAX_DEN,2025,16,DEN,JAX,20,34,0,0.6130000813964802
2025_17_JAX_IND,2025,17,IND,JAX,17,23,0,0.5709005024958672
2025_01_KC_LAC,2025,1,LAC,KC,27,21,1,0.5329220729632514
2025_03_KC_NYG,2025,3,NYG,KC,9,22,0,0.3735655138389014
2025_05_KC_JAX,2025,5,JAX,KC,31,28,1,0.4479091280717512
2025_09_KC_BUF,2025,9,BUF,KC,28,21,1,0.5302808164757877
2025_11_KC_DEN,2025,11,DEN,KC,22,19,1,0.4409922747727166
2025_13_KC_DAL,2025,13,DAL,KC,31,28,1,0.3637950507521961
2025_16_KC_TEN,2025,16,TEN,KC,26,9,1,0.1855006807243453
2025_18_KC_LV,2025,18,LV,KC,14,12,1,0.2079959695866515
2025_02_LA_TEN,2025,2,TEN,LA,19,33,0,0.3373492928029774
2025_03_LA_PHI,2025,3,PHI,LA,33,26,1,0.5867161707878987
2025_06_LA_BAL,2025,6,BAL,LA,3,17,0,0.5062815756255865
2025_07_LA_JAX,2025,7,JAX,LA,7,35,0,0.45128272163774136
2025_10_LA_SF,2025,10,SF,LA,26,42,0,0.41783186972777003
2025_13_LA_CAR,2025,13,CAR,LA,31,28,1,0.24076082441431165
2025_14_LA_ARI,2025,14,ARI,LA,17,45,0,0.3656871380775829
2025_16_LA_SEA,2025,16,SEA,LA,38,37,1,0.4607867248772799
2025_17_LA_ATL,2025,17,ATL,LA,27,24,1,0.3312527472036191
2025_02_LAC_LV,2025,2,LV,LAC,9,20,0,0.343655988273094
2025_04_LAC_NYG,2025,4,NYG,LAC,21,18,1,0.2545982921282878
2025_06_LAC_MIA,2025,6,MIA,LAC,27,29,0,0.4238732026878813
2025_09_LAC_TEN,2025,9,TEN,LAC,20,27,0,0.18998017545176307
2025_11_LAC_JAX,2025,11,JAX,LAC,35,6,1,0.41082094061769353
2025_15_LAC_KC,2025,15,KC,LAC,13,16,0,0.6338959156347279
2025_16_LAC_DAL,2025,16,DAL,LAC,17,34,0,0.4880437279405898
2025_18_LAC_DEN,2025,18,DEN,LAC,19,3,1,0.5977575142942222
2025_01_LV_NE,2025,1,NE,LV,13,20,0,0.5590718017912332
2025_03_LV_WAS,2025,3,WAS,LV,41,24,1,0.7587209570790605
2025_05_LV_IND,2025,5,IND,LV,40,6,1,0.7697442717523302
2025_07_LV_KC,2025,7,KC,LV,31,0,1,0.8100853925366389
2025_10_LV_DEN,2025,10,DEN,LV,10,7,1,0.8353044430497576
2025_13_LV_LAC,2025,13,LAC,LV,31,14,1,0.7846017343704359
2025_15_LV_PHI,2025,15,PHI,LV,31,0,1,0.8299080230975088
2025_16_LV_HOU,2025,16,HOU,LV,23,21,1,0.8269138903200466
2025_01_MIA_IND,2025,1,IND,MIA,33,8,1,0.49746141769036567
2025_03_MIA_BUF,2025,3,BUF,MIA,31,21,1,0.8087954207925399
2025_05_MIA_CAR,2025,5,CAR,MIA,27,24,1,0.4683094012897756
2025_07_MIA_CLE,2025,7,CLE,MIA,31,6,1,0.3682774855285577
2025_08_MIA_ATL,2025,8,ATL,MIA,10,34,0,0.65846613701373
2025_14_MIA_NYJ,2025,14,NYJ,MIA,10,34,0,0.45126599445122906
2025_15_MIA_PIT,2025,15,PIT,MIA,28,15,1,0.5371033419961301
2025_18_MIA_NE,2025,18,NE,MIA,38,10,1,0.7045344370968973
2025_01_MIN_CHI,2025,1,CHI,MIN,24,27,0,0.3924216822735763
2025_04_MIN_PIT,2025,4,PIT,MIN,24,21,1,0.478774273687006
2025_05_MIN_CLE,2025,5,CLE,MIN,17,21,0,0.3074339422737511
2025_08_MIN_LAC,2025,8,LAC,MIN,37,10,1,0.571396804791326
2025_09_MIN_DET,2025,9,DET,MIN,24,27,0,0.7937053630868083
2025_12_MIN_GB,2025,12,GB,MIN,23,6,1,0.7842321603822705
2025_13_MIN_SEA,2025,13,SEA,MIN,26,0,1,0.7407524486094745
2025_15_MIN_DAL,2025,15,DAL,MIN,26,34,0,0.6443218221016047
2025_16_MIN_NYG,2025,16,NYG,MIN,13,16,0,0.5324470456417573
2025_02_NE_MIA,2025,2,MIA,NE,27,33,0,0.517939769850776
2025_05_NE_BUF,2025,5,BUF,NE,20,23,0,0.7423707418175628
2025_06_NE_NO,2025,6,NO,NE,19,25,0,0.4142602577943324
2025_07_NE_TEN,2025,7,TEN,NE,13,31,0,0.2242974324865475
2025_10_NE_TB,2025,10,TB,NE,23,28,0,0.5221926314807396
2025_12_NE_CIN,2025,12,CIN,NE,20,26,0,0.2786122825951822
2025_16_NE_BAL,2025,16,BAL,NE,24,28,0,0.48232068734030764
2025_17_NE_NYJ,2025,17,NYJ,NE,10,42,0,0.23981705873647882
2025_03_NO_SEA,2025,3,SEA,NO,44,13,1,0.5599330783313448
2025_04_NO_BUF,2025,4,BUF,NO,31,19,1,0.8243228241002554
2025_07_NO_CHI,2025,7,CHI,NO,26,14,1,0.6120385091921731
2025_09_NO_LA,2025,9,LA,NO,34,10,1,0.7768968079759858
2025_10_NO_CAR,2025,10,CAR,NO,7,17,0,0.6253604122887806
2025_13_NO_MIA,2025,13,MIA,NO,21,17,1,0.629948780505184
2025_14_NO_TB,2025,14,TB,NO,20,24,0,0.7124613714944631
2025_17_NO_TEN,2025,17,TEN,NO,26,34,0,0.40226596360027567
2025_18_NO_ATL,2025,18,ATL,NO,19,17,1,0.6016780839220198
2025_01_NYG_WAS,2025,1,WAS,NYG,21,6,1,0.7668334889195887
2025_02_NYG_DAL,2025,2,DAL,NYG,40,37,1,0.6050834774412133
2025_05_NYG_NO,2025,5,NO,NYG,26,14,1,0.5642406828349532
2025_07_NYG_DEN,2025,7,DEN,NYG,33,32,1,0.7658800445788476
2025_08_NYG_PHI,2025,8,PHI,NYG,38,20,1,0.7259578488454357
2025_10_NYG_CHI,2025,10,CHI,NYG,24,20,1,0.6821387042591897
2025_12_NYG_DET,2025,12,DET,NYG,34,27,1,0.775388396060073
2025_13_NYG_NE,2025,13,NE,NYG,33,15,1,0.7175376450328689
2025_17_NYG_LV,2025,17,LV,NYG,10,34,0,0.370142705173142
2025_03_NYJ_TB,2025,3,TB,NYJ,29,27,1,0.7309942053185227
2025_04_NYJ_MIA,2025,4,MIA,NYJ,27,21,1,0.5252749263510555
2025_08_NYJ_CIN,2025,8,CIN,NYJ,38,39,0,0.52138167903239
2025_11_NYJ_NE,2025,11,NE,NYJ,27,14,1,0.7541042425766173
2025_12_NYJ_BAL,2025,12,BAL,NYJ,23,10,1,0.7326121515405573
2025_15_NYJ_JAX,2025,15,JAX,NYJ,48,20,1,0.7053014762284525
2025_16_NYJ_NO,2025,16,NO,NYJ,29,6,1,0.5822260495436957
2025_18_NYJ_BUF,2025,18,BUF,NYJ,35,8,1,0.8470646578760469
2025_02_PHI_KC,2025,2,KC,PHI,17,20,0,0.4308656135995662
2025_04_PHI_TB,2025,4,TB,PHI,25,31,0,0.5328447198340265
2025_06_PHI_NYG,2025,6,NYG,PHI,34,17,1,0.2474979695907438
2025_07_PHI_MIN,2025,7,MIN,PHI,22,28,0,0.4769936098845488
2025_10_PHI_GB,2025,10,GB,PHI,7,10,0,0.5887471330423266
2025_12_PHI_DAL,2025,12,DAL,PHI,24,21,1,0.4321854989805621
2025_14_PHI_LAC,2025,14,LAC,PHI,22,19,1,0.4724582521564376
2025_16_PHI_WAS,2025,16,WAS,PHI,18,29,0,0.38520544803598944
2025_17_PHI_BUF,2025,17,BUF,PHI,12,13,0,0.586463982333787
2025_01_PIT_NYJ,2025,1,NYJ,PIT,32,34,0,0.5274754867251552
2025_03_PIT_NE,2025,3,NE,PIT,14,21,0,0.53850312784459
2025_07_PIT_CIN,2025,7,CIN,PIT,33,31,1,0.29850709192069946
2025_10_PIT_LAC,2025,10,LAC,PIT,25,10,1,0.6001937837670493
2025_12_PIT_CHI,2025,12,CHI,PIT,31,28,1,0.5742715453207234
2025_14_PIT_BAL,2025,14,BAL,PIT,22,27,0,0.6176818117180323
2025_16_PIT_DET,2025,16,DET,PIT,24,29,0,0.6922294974109673
2025_17_PIT_CLE,2025,17,CLE,PIT,13,6,1,0.30515216193626615
2025_02_SEA_PIT,2025,2,PIT,SEA,17,31,0,0.6446765362564683
2025_04_SEA_ARI,2025,4,ARI,SEA,20,23,0,0.604249349300905
2025_06_SEA_JAX,2025,6,JAX,SEA,12,20,0,0.5055524489039463
2025_09_SEA_WAS,2025,9,WAS,SEA,14,38,0,0.5339820986229722
2025_11_SEA_LA,2025,11,LA,SEA,21,19,1,0.6084168440183743
2025_12_SEA_TEN,2025,12,TEN,SEA,24,30,0,0.19454063385748177
2025_14_SEA_ATL,2025,14,ATL,SEA,9,37,0,0.4148925110086858
2025_17_SEA_CAR,2025,17,CAR,SEA,10,27,0,0.33373886624612464
2025_18_SEA_SF,2025,18,SF,SEA,3,13,0,0.5185043108704561
2025_01_SF_SEA,2025,1,SEA,SF,13,17,0,0.4549642775960844
2025_02_SF_NO,2025,2,NO,SF,21,26,0,0.34886602248609366
2025_05_SF_LA,2025,5,LA,SF,23,26,0,0.5625610861643556
2025_06_SF_TB,2025,6,TB,SF,30,19,1,0.5929248777824874
2025_08_SF_HOU,2025,8,HOU,SF,26,15,1,0.5274112909381801
2025_09_SF_NYG,2025,9,NYG,SF,24,34,0,0.39759838539799325
2025_11_SF_ARI,2025,11,ARI,SF,22,41,0,0.4983483903935928
2025_13_SF_CLE,2025,13,CLE,SF,8,26,0,0.28972205266775275
2025_16_SF_IND,2025,16,IND,SF,27,48,0,0.5780868001497644
2025_01_TB_ATL,2025,1,ATL,TB,20,23,0,0.4162989216716765
2025_02_TB_HOU,2025,2,HOU,TB,19,20,0,0.3543646826131466
2025_05_TB_SEA,2025,5,SEA,TB,35,38,0,0.43424484323960877
2025_07_TB_DET,2025,7,DET,TB,24,9,1,0.5888779288792743
2025_08_TB_NO,2025,8,NO,TB,3,23,0,0.30416347598321525
2025_11_TB_BUF,2025,11,BUF,TB,44,32,1,0.6351213318235704
2025_12_TB_LA,2025,12,LA,TB,34,7,1,0.605124866728674
2025_16_TB_CAR,2025,16,CAR,TB,23,20,1,0.3974242691635325
2025_17_TB_MIA,2025,17,MIA,TB,20,17,1,0.45694673649937184
2025_01_TEN_DEN,2025,1,DEN,TEN,20,12,1,0.7132005976318639
2025_04_TEN_HOU,2025,4,HOU,TEN,26,0,1,0.7004655898953116
2025_05_TEN_ARI,2025,5,ARI,TEN,21,22,0,0.8260591396509287
2025_06_TEN_LV,2025,6,LV,TEN,20,10,1,0.6160358017446699
2025_08_TEN_IND,2025,8,IND,TEN,38,14,1,0.9002811332345038
2025_14_TEN_CLE,2025,14,CLE,TEN,29,31,0,0.6290991674611954
2025_15_TEN_SF,2025,15,SF,TEN,37,24,1,0.8203223694652985
2025_18_TEN_JAX,2025,18,JAX,TEN,41,7,1,0.7845945977828389
2025_02_WAS_GB,2025,2,GB,WAS,27,18,1,0.491893727223522
2025_04_WAS_ATL,2025,4,ATL,WAS,34,27,1,0.3607235302838475
2025_05_WAS_LAC,2025,5,LAC,WAS,10,27,0,0.48546031690057606
2025_07_WAS_DAL,2025,7,DAL,WAS,44,22,1,0.4128626874853651
2025_08_WAS_KC,2025,8,KC,WAS,28,7,1,0.6538167620099796
2025_11_WAS_MIA,2025,11,MIA,WAS,16,13,1,0.46412502871783506
2025_14_WAS_MIN,2025,14,MIN,WAS,31,0,1,0.34142996252429436
2025_15_WAS_NYG,2025,15,NYG,WAS,21,29,0,0.45647241763823637
2025_18_WAS_PHI,2025,18,PHI,WAS,17,24,0,0.678437282885482
