model,evaluation_season,c_value,inner_games,inner_brier
V4-A,2022,0.01,271,0.22868673924788183
V4-A,2022,0.1,271,0.23165900705405362
V4-A,2022,1.0,271,0.23413453504779697
V4-A,2022,10.0,271,0.2348530483753954
V4-A,2022,0.001,271,0.23692279689774645
V4-QB,2022,0.01,271,0.22434575725242528
V4-QB,2022,0.1,271,0.22739009689628803
V4-QB,2022,1.0,271,0.2298395296171648
V4-QB,2022,10.0,271,0.23050799649200113
V4-QB,2022,0.001,271,0.23433752581036882
V4-QB+,2022,0.01,271,0.22510196191265416
V4-QB+,2022,0.1,271,0.22797170006914758
V4-QB+,2022,1.0,271,0.23055550517638004
V4-QB+,2022,10.0,271,0.23134960941744015
V4-QB+,2022,0.001,271,0.23473223459812834
V4-A,2023,0.01,540,0.22686986860634917
V4-A,2023,0.1,540,0.2287136103130324
V4-A,2023,1.0,540,0.2307083190590011
V4-A,2023,10.0,540,0.23122288733896668
V4-A,2023,0.001,540,0.23529166018945397
V4-QB,2023,0.01,540,0.22611130019243728
V4-QB,2023,0.1,540,0.22991755794235041
V4-QB,2023,1.0,540,0.23267747837954
V4-QB,2023,10.0,540,0.23333671656688723
V4-QB,2023,0.001,540,0.23381426051287219
V4-QB+,2023,0.01,540,0.2264181085386975
V4-QB+,2023,0.1,540,0.2303327457512864
V4-QB+,2023,1.0,540,0.23319643726458908
V4-QB+,2023,0.001,540,0.23389867358226962
V4-QB+,2023,10.0,540,0.2339309458824573
V4-A,2024,0.01,812,0.22893579459335836
V4-A,2024,0.1,812,0.23065621942438083
V4-A,2024,1.0,812,0.23209174915480596
V4-A,2024,10.0,812,0.23246351203093993
V4-A,2024,0.001,812,0.23487391884002704
V4-QB,2024,0.01,812,0.22822555578266912
V4-QB,2024,0.1,812,0.23138069732858935
V4-QB,2024,1.0,812,0.23334113418853142
V4-QB,2024,0.001,812,0.23358853843460695
V4-QB,2024,10.0,812,0.233815803132061
V4-QB+,2024,0.01,812,0.22825906553357722
V4-QB+,2024,0.1,812,0.23137933357183874
V4-QB+,2024,1.0,812,0.2334092979767941
V4-QB+,2024,0.001,812,0.23362952287676078
V4-QB+,2024,10.0,812,0.23392175742653476
