season,model,features,games,selected_c,selected_accuracy,fixed_accuracy,selected_brier,fixed_brier,selected_log_loss,fixed_log_loss
2022,V3,2,269,0.1,0.6245353159851301,0.6245353159851301,0.2267077440923083,0.22643335305630763,0.644804472639292,0.6441846266340513
2022,V4-A,10,269,0.01,0.6356877323420075,0.6245353159851301,0.2250394896329092,0.22725662934538146,0.6417370517270238,0.645895616214708
2022,V4-B,16,269,0.01,0.6282527881040892,0.6282527881040892,0.22805675907632855,0.23185790331051437,0.6483606299906381,0.6563210464425506
2022,V4-C,20,269,0.01,0.6319702602230484,0.6319702602230484,0.2283194477567095,0.23141784461203913,0.6493077980479797,0.6562675718694513
2023,V3,2,272,0.1,0.6102941176470589,0.6066176470588235,0.2352242590152961,0.23574678355208678,0.6637846553667504,0.6652704156587516
2023,V4-A,10,272,0.01,0.625,0.6176470588235294,0.2330372653028619,0.2348382647861833,0.6595351582093298,0.6645428911657156
2023,V4-B,16,272,0.01,0.6176470588235294,0.6139705882352942,0.23234463264911048,0.2352606398300227,0.6578974404355568,0.6656259570628053
2023,V4-C,20,272,0.01,0.6176470588235294,0.5992647058823529,0.23279690105152331,0.23659242518390589,0.659107971359761,0.6689969764721913
2024,V3,2,272,0.1,0.6727941176470589,0.6727941176470589,0.21062256690257966,0.21021289666635548,0.6105578273967088,0.6096105903019311
2024,V4-A,10,272,0.01,0.6764705882352942,0.6801470588235294,0.21053348117318285,0.208831129001291,0.6103848379716933,0.6064107442882256
2024,V4-B,16,272,0.01,0.6764705882352942,0.6911764705882353,0.2101214296460176,0.2084647861885653,0.6101381321019669,0.6069377400001815
2024,V4-C,20,272,0.01,0.6801470588235294,0.6875,0.21212845835756883,0.2120540695354478,0.6145656276346181,0.6150631677621669
