game_id,season,week,home_team,away_team,home_win,prob_v3,prob_v4_a,prob_v4_b,prob_v4_c
2022_01_BAL_NYJ,2022,1,NYJ,BAL,0,0.3830956416767421,0.34328369666799285,0.3330381498789583,0.28001738720592995
2022_01_BUF_LA,2022,1,LA,BUF,0,0.4206982383178104,0.3919258750781972,0.33555485560694,0.3534499375774261
2022_01_CLE_CAR,2022,1,CAR,CLE,0,0.3886128864846892,0.4051266759635431,0.40676484925441597,0.40669822478793727
2022_01_DEN_SEA,2022,1,SEA,DEN,1,0.5158054687433559,0.4532046349524549,0.46907683801420175,0.4384628741133625
2022_01_GB_MIN,2022,1,MIN,GB,1,0.41006396963452696,0.3434738324229441,0.34309866538031886,0.3369030541468975
2022_01_JAX_WAS,2022,1,WAS,JAX,1,0.568098718719606,0.5678312206315693,0.6153256227474427,0.6224583887286047
2022_01_KC_ARI,2022,1,ARI,KC,0,0.48109726271361775,0.41629675679035766,0.4486678992312531,0.42149484380920005
2022_01_LV_LAC,2022,1,LAC,LV,1,0.6243865964949276,0.606344072401655,0.5690592746819154,0.5517105702906402
2022_01_NE_MIA,2022,1,MIA,NE,1,0.3661954678915553,0.3306806228835418,0.3329805627522107,0.3206069860940856
2022_01_NO_ATL,2022,1,ATL,NO,0,0.3802120197873033,0.34791767968202725,0.37483318770485546,0.42698329183924755
2022_01_NYG_TEN,2022,1,TEN,NYG,0,0.7105765893647956,0.6998548083219167,0.7068955939119261,0.6788643548877715
2022_01_PHI_DET,2022,1,DET,PHI,0,0.3359648220870083,0.3106873447850239,0.326361427226612,0.3185040860474372
2022_01_PIT_CIN,2022,1,CIN,PIT,0,0.6491637651099975,0.6387818623932643,0.5949933929644602,0.5978474913440354
2022_01_SF_CHI,2022,1,CHI,SF,1,0.3031576685543044,0.3190749466195708,0.31447360204087016,0.3218148319533311
2022_01_TB_DAL,2022,1,DAL,TB,0,0.4750268099717123,0.45883705834425276,0.5170820768643449,0.504827466891387
2022_02_ARI_LV,2022,2,LV,ARI,0,0.4098158623151741,0.5115922320964449,0.39908212529002063,0.4224097131365567
2022_02_ATL_LA,2022,2,LA,ATL,1,0.6074016408105871,0.6045297226549691,0.5596769935967822,0.5775358921788355
2022_02_CAR_NYG,2022,2,NYG,CAR,1,0.4553779724203263,0.45898205000721903,0.44147032300202316,0.4802955369383163
2022_02_CHI_GB,2022,2,GB,CHI,1,0.605971663770703,0.6553232074285751,0.7001691248748781,0.73736781926914
2022_02_CIN_DAL,2022,2,DAL,CIN,1,0.5119456482627585,0.5735753673699853,0.6713140447285713,0.6855866928211822
2022_02_HOU_DEN,2022,2,DEN,HOU,1,0.7156133778065782,0.7701515768635185,0.7357941202974655,0.7465910681034857
2022_02_IND_JAX,2022,2,JAX,IND,1,0.3358235964183428,0.3665307905831218,0.31937852344657497,0.30848340054166973
2022_02_LAC_KC,2022,2,KC,LAC,1,0.6252629322023256,0.6387275476842968,0.6852041271586778,0.6907626524020273
2022_02_MIA_BAL,2022,2,BAL,MIA,0,0.511855132793338,0.5659308291581289,0.48673250482755703,0.523628871422629
2022_02_MIN_PHI,2022,2,PHI,MIN,1,0.5281048385204012,0.636886562120365,0.6321373759152707,0.659816702006148
2022_02_NE_PIT,2022,2,PIT,NE,0,0.4392660010418308,0.34962043046332547,0.3837913553186589,0.38336308978281586
2022_02_NYJ_CLE,2022,2,CLE,NYJ,0,0.7079281893816287,0.7289737870518752,0.745408891576139,0.8013109564105942
2022_02_SEA_SF,2022,2,SF,SEA,1,0.5479185269865472,0.6050840693461762,0.5763376450592901,0.5905114368762324
2022_02_TB_NO,2022,2,NO,TB,0,0.33841143098535403,0.30393336795197906,0.341621190476744,0.31416381995630305
2022_02_TEN_BUF,2022,2,BUF,TEN,1,0.7027572801825767,0.7283616681300717,0.7147499381306022,0.7432846023825083
2022_02_WAS_DET,2022,2,DET,WAS,1,0.47423069146782204,0.4785034381920681,0.4807370371739284,0.5057564962726178
2022_03_ATL_SEA,2022,3,SEA,ATL,0,0.5713890966812503,0.6145225568538265,0.5999400543644594,0.5845748258108765
2022_03_BAL_NE,2022,3,NE,BAL,0,0.5341423033551063,0.5989583874958034,0.6059554090191618,0.58159400862819
2022_03_BUF_MIA,2022,3,MIA,BUF,1,0.3070170882625191,0.28145489109339744,0.2856314444472189,0.2642457365012497
2022_03_CIN_NYJ,2022,3,NYJ,CIN,0,0.35193088549978,0.3661510677307501,0.4300103427427688,0.40627346917213614
2022_03_DAL_NYG,2022,3,NYG,DAL,0,0.3673985097632501,0.376856831607446,0.3366456765065151,0.3600118392992889
2022_03_DET_MIN,2022,3,MIN,DET,1,0.5727360591424846,0.553909280387454,0.5588932074359049,0.5428308258173132
2022_03_GB_TB,2022,3,TB,GB,0,0.5911772131682848,0.5231672134782107,0.48604625459090467,0.49033583556653454
2022_03_HOU_CHI,2022,3,CHI,HOU,1,0.5997674786278668,0.6104159804302032,0.5037331697036557,0.4686500500557114
2022_03_JAX_LAC,2022,3,LAC,JAX,0,0.604774288078942,0.6357767800481878,0.6178022232348284,0.6180389765566963
2022_03_KC_IND,2022,3,IND,KC,1,0.2697537036362892,0.2597549815276418,0.24645050548268702,0.25003043443667317
2022_03_LA_ARI,2022,3,ARI,LA,0,0.5444200602970302,0.5297114966028214,0.605726010627938,0.5498126576718488
2022_03_LV_TEN,2022,3,TEN,LV,1,0.516472790240861,0.4684372767406985,0.4625639900225401,0.45170141596032326
2022_03_NO_CAR,2022,3,CAR,NO,1,0.49378941519377995,0.493725687247781,0.4966233129074412,0.5143614933692001
2022_03_PHI_WAS,2022,3,WAS,PHI,0,0.28494115826625716,0.2575065268560383,0.24226511535411122,0.20654634209026876
2022_03_PIT_CLE,2022,3,CLE,PIT,1,0.6230336838265748,0.6789739562129523,0.650546402735559,0.6363106492065045
2022_03_SF_DEN,2022,3,DEN,SF,1,0.46551657382829853,0.5102502116992867,0.46441009839392483,0.5007813231715714
2022_04_ARI_CAR,2022,4,CAR,ARI,0,0.44606100369688734,0.5170910336313791,0.46477335851565266,0.479227962945773
2022_04_BUF_BAL,2022,4,BAL,BUF,0,0.3077140180482835,0.2905856168051691,0.2709838755499392,0.2850798086865526
2022_04_CHI_NYG,2022,4,NYG,CHI,1,0.4356398715204835,0.4206558179518698,0.41438865901638566,0.4815770022210067
2022_04_CLE_ATL,2022,4,ATL,CLE,1,0.3570235715280929,0.29962588043342037,0.3117326908293201,0.33618526479070704
2022_04_DEN_LV,2022,4,LV,DEN,1,0.4058035728148551,0.3966090773125903,0.3997093430380794,0.3946596389861371
2022_04_JAX_PHI,2022,4,PHI,JAX,1,0.646831687441068,0.6738752520170993,0.6428724055539591,0.666816803914146
2022_04_KC_TB,2022,4,TB,KC,0,0.40647762690716965,0.44270380781449215,0.4630954719661234,0.5187461498213033
2022_04_LAC_HOU,2022,4,HOU,LAC,0,0.335027884240144,0.35045017828041697,0.44232454204337274,0.45564656129915426
2022_04_LA_SF,2022,4,SF,LA,1,0.5370343326013255,0.5520856150166233,0.581969045647554,0.5361524548469313
2022_04_MIA_CIN,2022,4,CIN,MIA,1,0.46196770257059905,0.49350881971819277,0.4699838411695019,0.4649237760724785
2022_04_MIN_NO,2022,4,NO,MIN,0,0.491001600320131,0.5721259822863937,0.5707329030528518,0.535499070938519
2022_04_NE_GB,2022,4,GB,NE,1,0.5633049119300845,0.6116259282850802,0.6517149018618776,0.6452007988767747
2022_04_NYJ_PIT,2022,4,PIT,NYJ,0,0.6256477575101256,0.5920378661374714,0.5987090830128813,0.6325259551264252
2022_04_SEA_DET,2022,4,DET,SEA,0,0.49930765677713806,0.4689848799882937,0.40132444300716463,0.40578964279028895
2022_04_TEN_IND,2022,4,IND,TEN,0,0.49187656714487554,0.49377974840031913,0.5383581259925916,0.5450281420469003
2022_04_WAS_DAL,2022,4,DAL,WAS,1,0.6670074942420795,0.6347144003827011,0.6466782085093257,0.6821525164980632
2022_05_ATL_TB,2022,5,TB,ATL,1,0.6727016655286197,0.7306714747845903,0.7507573020656185,0.7536114708502576
2022_05_CHI_MIN,2022,5,MIN,CHI,1,0.574125246846542,0.5661027755350783,0.562334868867711,0.5767732837603057
2022_05_CIN_BAL,2022,5,BAL,CIN,1,0.48421099333954803,0.5214227387836277,0.5454869564763478,0.587349012166297
2022_05_DAL_LA,2022,5,LA,DAL,0,0.43129957224850807,0.4639989164233926,0.4448636962644118,0.49041614404965056
2022_05_DET_NE,2022,5,NE,DET,1,0.5914689667198186,0.6991452474157611,0.739119337991858,0.7706583696501168
2022_05_HOU_JAX,2022,5,JAX,HOU,0,0.7204239951939025,0.6966975601784984,0.6612825449510847,0.6554015762969218
2022_05_IND_DEN,2022,5,DEN,IND,0,0.5705376124262972,0.613877591334707,0.5745436863790346,0.569163503925297
2022_05_LAC_CLE,2022,5,CLE,LAC,0,0.5232729362872084,0.5754119572314942,0.5782034813107095,0.5869539616423356
2022_05_LV_KC,2022,5,KC,LV,1,0.7545252747490481,0.7187978762847453,0.7056857048496775,0.6950849457964055
2022_05_MIA_NYJ,2022,5,NYJ,MIA,1,0.2842621781576445,0.33119856798129776,0.401097801819132,0.41737349045578914
2022_05_NYG_GB,2022,5,GB,NYG,0,0.6877724787789277,0.7337999742235426,0.7702282012616657,0.7512427231104668
2022_05_PHI_ARI,2022,5,ARI,PHI,0,0.33383742542902006,0.31813223723201667,0.3962582575937435,0.3929955335908503
2022_05_PIT_BUF,2022,5,BUF,PIT,1,0.8120963738574976,0.8147163610683689,0.8266655764527983,0.8180068718201801
2022_05_SEA_NO,2022,5,NO,SEA,1,0.4551549434283068,0.590622094051158,0.5689488167976309,0.5439449043322757
2022_05_SF_CAR,2022,5,CAR,SF,0,0.27969606364744004,0.35323202412113547,0.3830797962051083,0.41801562262450603
2022_05_TEN_WAS,2022,5,WAS,TEN,0,0.406653859138286,0.43548389406293525,0.40268716934249227,0.3750292754221993
2022_06_ARI_SEA,2022,6,SEA,ARI,1,0.5278891657786217,0.48108641847543165,0.4591897589956796,0.46224963050315176
2022_06_BAL_NYG,2022,6,NYG,BAL,1,0.4002828682303172,0.40880671859080997,0.3758653529121415,0.3698234890145549
2022_06_BUF_KC,2022,6,KC,BUF,0,0.429757984420125,0.4523469681594779,0.4281948178331508,0.3991090666694952
2022_06_CAR_LA,2022,6,LA,CAR,1,0.616710124225362,0.5688452212059326,0.5394486601091704,0.556488534800178
2022_06_CIN_NO,2022,6,NO,CIN,0,0.4682616228415895,0.5822006577398726,0.6060964914308469,0.5868097889048314
2022_06_DAL_PHI,2022,6,PHI,DAL,1,0.6583567453300226,0.703458631747704,0.68133816612894,0.6934729374276574
2022_06_DEN_LAC,2022,6,LAC,DEN,1,0.6097498070645627,0.5638419346865153,0.5639381574458265,0.5698357920942957
2022_06_JAX_IND,2022,6,IND,JAX,1,0.42194942128263935,0.39659419838569393,0.437334031472022,0.44492964711673166
2022_06_MIN_MIA,2022,6,MIA,MIN,0,0.5103732094691631,0.4835739527598526,0.4676694339251186,0.4698241997597193
2022_06_NE_CLE,2022,6,CLE,NE,0,0.47953723932936587,0.4600886864094107,0.4524921830601115,0.423217137201558
2022_06_NYJ_GB,2022,6,GB,NYJ,0,0.6596594975255051,0.7311769754561002,0.7257040295079743,0.738674344104261
2022_06_SF_ATL,2022,6,ATL,SF,1,0.29777802747979065,0.2874211497841849,0.29695539006938,0.3330011656011302
2022_06_TB_PIT,2022,6,PIT,TB,1,0.28573636199655883,0.24927702490887713,0.2449813267980604,0.243666195569979
2022_06_WAS_CHI,2022,6,CHI,WAS,0,0.5208463024564758,0.485327554881942,0.5088866601705236,0.5087321661947533
2022_07_ATL_CIN,2022,7,CIN,ATL,1,0.6236643725620868,0.6449373439255575,0.6050535980661078,0.6075292968114223
2022_07_CHI_NE,2022,7,NE,CHI,0,0.7290263738924752,0.7502139862784906,0.745741715720622,0.7702903526084267
2022_07_CLE_BAL,2022,7,BAL,CLE,1,0.5662254146197019,0.5674308804400033,0.585471360566603,0.6210928026802456
2022_07_DET_DAL,2022,7,DAL,DET,1,0.6599739275998971,0.7086524384868742,0.731560304599079,0.7413690553432342
2022_07_GB_WAS,2022,7,WAS,GB,1,0.4085421787939336,0.33126654518764437,0.2880890590165604,0.2583448682098705
2022_07_HOU_LV,2022,7,LV,HOU,1,0.6507107031854847,0.6694889623933455,0.6188328490492897,0.604139869974552
2022_07_IND_TEN,2022,7,TEN,IND,1,0.5380988907970053,0.5717630871742014,0.5578214129326936,0.566030706133041
2022_07_KC_SF,2022,7,SF,KC,0,0.4221954815883301,0.4002932093034203,0.40557570100327367,0.3962018470123877
2022_07_NO_ARI,2022,7,ARI,NO,1,0.5022429989558962,0.41225833169057446,0.47826139710696913,0.4559496054771939
2022_07_NYG_JAX,2022,7,JAX,NYG,0,0.5724078104283574,0.580513468726813,0.5991623512702317,0.5652146280870411
2022_07_NYJ_DEN,2022,7,DEN,NYJ,0,0.5383038192918326,0.5599123787435292,0.5364374935044146,0.5400758881398069
2022_07_PIT_MIA,2022,7,MIA,PIT,1,0.6203957300400923,0.6089110885130241,0.5521699068690941,0.5154566825119891
2022_07_SEA_LAC,2022,7,LAC,SEA,0,0.5323226741231878,0.5432668298041577,0.4792063162968203,0.48218591596532334
2022_07_TB_CAR,2022,7,CAR,TB,1,0.2281931028719913,0.2236671490465948,0.21287572864963933,0.2118764263804933
2022_08_ARI_MIN,2022,8,MIN,ARI,1,0.4977172066261615,0.5236334773995003,0.4609090605511724,0.47185661691731307
2022_08_BAL_TB,2022,8,TB,BAL,0,0.5497065523878247,0.5782480312598006,0.6021190407455003,0.5861677496370605
2022_08_CAR_ATL,2022,8,ATL,CAR,1,0.6048776765011388,0.5352347644809988,0.541082396297393,0.533490757705911
2022_08_CHI_DAL,2022,8,DAL,CHI,1,0.6202878410096963,0.6155834166099938,0.603409122429838,0.6148377789593231
2022_08_CIN_CLE,2022,8,CLE,CIN,1,0.388307889180259,0.4182288563468088,0.4439234397075889,0.4216223032514993
2022_08_DEN_JAX,2022,8,JAX,DEN,0,0.5664453732610899,0.5723493889160339,0.5749756570028638,0.5868861671859716
2022_08_GB_BUF,2022,8,BUF,GB,1,0.7787295741694097,0.7234364494384996,0.707037724357904,0.7121622892269336
2022_08_LV_NO,2022,8,NO,LV,1,0.5109626329776215,0.546027670124655,0.5099875360753371,0.5043114050189516
2022_08_MIA_DET,2022,8,DET,MIA,0,0.35929369730171945,0.3637019352672147,0.3658236079880373,0.37007312981152174
2022_08_NE_NYJ,2022,8,NYJ,NE,0,0.37831258334453155,0.34148150958844453,0.35838491294636377,0.3393391268795361
2022_08_NYG_SEA,2022,8,SEA,NYG,1,0.6013406138523717,0.5370407579973283,0.5989909226136813,0.5665527234926769
2022_08_PIT_PHI,2022,8,PHI,PIT,1,0.7815448316943129,0.819030428625588,0.8361602589554641,0.8323613483266267
2022_08_SF_LA,2022,8,LA,SF,0,0.4044887684474958,0.41352890930391756,0.42032972428995075,0.4645280887458027
2022_08_TEN_HOU,2022,8,HOU,TEN,0,0.3587613412799751,0.3891030434046803,0.40760569409844455,0.40858248295735855
2022_08_WAS_IND,2022,8,IND,WAS,0,0.5494068499698782,0.5334489475070192,0.5850216257943429,0.6279089270310586
2022_09_BAL_NO,2022,9,NO,BAL,0,0.5227170701000292,0.5795452398671634,0.5370204969787586,0.5046194002517468
2022_09_BUF_NYJ,2022,9,NYJ,BUF,1,0.21638110199973032,0.19282783879985507,0.17735323673818348,0.16462329930441316
2022_09_CAR_CIN,2022,9,CIN,CAR,1,0.7113811234442158,0.6844576514890127,0.6616225963630461,0.6611079251451317
2022_09_GB_DET,2022,9,DET,GB,1,0.38395184273362964,0.2845733066161488,0.2362006192645717,0.22614398942293348
2022_09_IND_NE,2022,9,NE,IND,1,0.637698346711682,0.6780114066048102,0.6534528722567575,0.669928057162796
2022_09_LAC_ATL,2022,9,ATL,LAC,0,0.4507390302680478,0.4425849583301932,0.4305804498483989,0.44794703919118284
2022_09_LA_TB,2022,9,TB,LA,1,0.6340304051767606,0.6963033833771599,0.7216500159559482,0.712821578457645
2022_09_LV_JAX,2022,9,JAX,LV,1,0.5597568953612979,0.5473818198715668,0.5371941633773277,0.522131365082823
2022_09_MIA_CHI,2022,9,CHI,MIA,0,0.39647124504163206,0.4425550899396481,0.5194779890921524,0.5236083284202405
2022_09_MIN_WAS,2022,9,WAS,MIN,0,0.39391285307937385,0.3938266653415036,0.351486934149037,0.36164580915776245
2022_09_PHI_HOU,2022,9,HOU,PHI,0,0.1597502883560949,0.14750631404661377,0.15485645871853848,0.15611513551642664
2022_09_SEA_ARI,2022,9,ARI,SEA,0,0.4732590871150266,0.49170945565394975,0.5026319261077584,0.4574417360293443
2022_09_TEN_KC,2022,9,KC,TEN,1,0.7302717881413595,0.7267299193162204,0.6961264763581081,0.6682577655533513
2022_10_ARI_LA,2022,10,LA,ARI,0,0.44768708626709935,0.42566274104826507,0.3532362049245788,0.4052492506005605
2022_10_ATL_CAR,2022,10,CAR,ATL,1,0.41733243240857715,0.45897100966521653,0.4331259451495567,0.42932185407214907
2022_10_CLE_MIA,2022,10,MIA,CLE,1,0.5101455231770583,0.4282510777570132,0.40558685881737444,0.3924697749792642
2022_10_DAL_GB,2022,10,GB,DAL,1,0.3904920687504347,0.47940985191619756,0.503686079670311,0.5084146449880774
2022_10_DEN_TEN,2022,10,TEN,DEN,1,0.533758046264758,0.5128135315959902,0.531757813140157,0.5649584241926604
2022_10_DET_CHI,2022,10,CHI,DET,0,0.5736983879251167,0.5806842353638295,0.6295039223900546,0.6274619093884884
2022_10_HOU_NYG,2022,10,NYG,HOU,1,0.6778762745558394,0.6713126963395591,0.6380533337965258,0.6529873145293482
2022_10_IND_LV,2022,10,LV,IND,0,0.5696892562982784,0.5941515709910461,0.558706067802038,0.5541712261214187
2022_10_JAX_KC,2022,10,KC,JAX,1,0.7109598882723942,0.6679327921218268,0.649765344682197,0.6259916950520081
2022_10_LAC_SF,2022,10,SF,LAC,1,0.6106591845512228,0.6068814401557991,0.5874476821056515,0.5750522112431576
2022_10_MIN_BUF,2022,10,BUF,MIN,0,0.7190949837726833,0.7302027164270493,0.7338477494417502,0.7734193857506071
2022_10_NO_PIT,2022,10,PIT,NO,1,0.34876751342610035,0.2721371010736167,0.3050951595380083,0.32530143804653744
2022_10_SEA_TB,2022,10,TB,SEA,1,0.4860245651183249,0.552319904901982,0.545013991376685,0.5458926442001363
2022_10_WAS_PHI,2022,10,PHI,WAS,0,0.7993534084136601,0.8108582330461488,0.8444149250937719,0.8598729558695919
2022_11_CAR_BAL,2022,11,BAL,CAR,1,0.6841668391595989,0.6914560177778913,0.7164751468094431,0.7405735522076752
2022_11_CHI_ATL,2022,11,ATL,CHI,1,0.5071809897425282,0.4820022292978596,0.4399661184933319,0.442745080206627
2022_11_CIN_PIT,2022,11,PIT,CIN,0,0.27990118998406033,0.27103318138852694,0.29453147254057965,0.30441735805059517
2022_11_CLE_BUF,2022,11,BUF,CLE,1,0.7023798858604333,0.7144085613718776,0.7270939605988012,0.7480150116600113
2022_11_DAL_MIN,2022,11,MIN,DAL,0,0.4611474143399643,0.4719181310022001,0.48348946144982763,0.43186467095706865
2022_11_DET_NYG,2022,11,NYG,DET,0,0.6017571202519056,0.6209533749523232,0.6109514358531462,0.6464730886396866
2022_11_KC_LAC,2022,11,LAC,KC,0,0.26861952178611304,0.26658592133809933,0.28984003966130184,0.3263409724578894
2022_11_LA_NO,2022,11,NO,LA,1,0.59710190689319,0.7159405650489968,0.6826494416314768,0.6648505765554116
2022_11_LV_DEN,2022,11,DEN,LV,0,0.5393641995253607,0.5425969876082554,0.5401615916862464,0.5119241581841262
2022_11_NYJ_NE,2022,11,NE,NYJ,1,0.6086348787552378,0.6400968247623154,0.6402035622367007,0.6692163768971822
2022_11_PHI_IND,2022,11,IND,PHI,0,0.24571484883791128,0.2122050252034386,0.20318214286920747,0.20379525950980157
2022_11_SF_ARI,2022,11,ARI,SF,0,0.4043537976232848,0.3597346988605776,0.4342930512303381,0.42642341876335227
2022_11_TEN_GB,2022,11,GB,TEN,0,0.5204082214156682,0.5936592443334622,0.620628146091071,0.6068614081124726
2022_11_WAS_HOU,2022,11,HOU,WAS,0,0.3820736388607688,0.3683912991666139,0.39940789918228076,0.42610851016611945
2022_12_ATL_WAS,2022,12,WAS,ATL,1,0.523471873103997,0.5753380287817187,0.5606646758691297,0.5585279417960027
2022_12_BAL_JAX,2022,12,JAX,BAL,1,0.45252093323953324,0.438615592936623,0.4314099487440848,0.3847014614235801
2022_12_BUF_DET,2022,12,DET,BUF,0,0.2459822838500707,0.20117174161937898,0.19431860322177108,0.17602791511868643
2022_12_CHI_NYJ,2022,12,NYJ,CHI,1,0.501302900436577,0.49753910975407734,0.4608127620028414,0.4788584663554339
2022_12_CIN_TEN,2022,12,TEN,CIN,0,0.3969307412576189,0.3788334225811624,0.40545885041209034,0.397562625825808
2022_12_DEN_CAR,2022,12,CAR,DEN,1,0.4053365265721848,0.40201374202080387,0.37677649868468,0.3978507040542195
2022_12_GB_PHI,2022,12,PHI,GB,1,0.6905260347145563,0.7041157740133589,0.7149623428605284,0.7313660529106613
2022_12_HOU_MIA,2022,12,MIA,HOU,1,0.7856210630381285,0.7470710182292712,0.7190827432311496,0.6716803380571259
2022_12_LAC_ARI,2022,12,ARI,LAC,0,0.5056775784380775,0.45618619601953986,0.510727478645412,0.478385547731984
2022_12_LA_KC,2022,12,KC,LA,1,0.7960826981669221,0.82470974023561,0.8185178726840896,0.7806803936529295
2022_12_LV_SEA,2022,12,SEA,LV,0,0.6087380475286281,0.5603963864548566,0.6160892232604714,0.6266770237742405
2022_12_NE_MIN,2022,12,MIN,NE,1,0.4239418609975797,0.3748630180884449,0.38231880393828843,0.3195625161679631
2022_12_NO_SF,2022,12,SF,NO,1,0.653226377924803,0.5858065313083413,0.6223689104843332,0.606779717219258
2022_12_NYG_DAL,2022,12,DAL,NYG,1,0.6613503297103731,0.6489110579944131,0.6634311219357203,0.6679687036435897
2022_12_PIT_IND,2022,12,IND,PIT,0,0.5452697641600633,0.54702327447852,0.5534452045571718,0.5437445743493907
2022_12_TB_CLE,2022,12,CLE,TB,1,0.4530485844902163,0.459911160935003,0.4470587324886314,0.43039704029733217
2022_13_BUF_NE,2022,13,NE,BUF,0,0.37887541831448523,0.3604097308431442,0.36141606876059035,0.36035300689198996
2022_13_CLE_HOU,2022,13,HOU,CLE,0,0.2750248179416199,0.26695191148311564,0.28502427774120526,0.3068259603229699
2022_13_DEN_BAL,2022,13,BAL,DEN,1,0.6370331137834703,0.6516182221019713,0.6695712950278404,0.7122882137166842
2022_13_GB_CHI,2022,13,CHI,GB,0,0.433815096620067,0.38106070917199025,0.3889812873757503,0.39351659009417445
2022_13_IND_DAL,2022,13,DAL,IND,1,0.726835351627287,0.7137730375109367,0.668641859979446,0.6745923093833288
2022_13_JAX_DET,2022,13,DET,JAX,1,0.422651593851033,0.3793361796790649,0.3709621421675091,0.3863245253573566
2022_13_KC_CIN,2022,13,CIN,KC,1,0.40058299855940477,0.41664546925826795,0.40549554318508224,0.4554474743486834
2022_13_LAC_LV,2022,13,LV,LAC,1,0.49819799364099265,0.48915279225780584,0.4506969616814702,0.45372630343703985
2022_13_MIA_SF,2022,13,SF,MIA,1,0.5744088604758716,0.6181080886320593,0.6248876708592563,0.6403996699090772
2022_13_NO_TB,2022,13,TB,NO,1,0.5789213964483305,0.5239342712117798,0.577214365520704,0.5920418067573647
2022_13_NYJ_MIN,2022,13,MIN,NYJ,1,0.5346565002479654,0.5301328603244186,0.5249713105262132,0.4735844998494332
2022_13_PIT_ATL,2022,13,ATL,PIT,0,0.5254640018880453,0.5018584019222468,0.47494893281865364,0.4509850448050444
2022_13_SEA_LA,2022,13,LA,SEA,0,0.369342851482941,0.3524117482814612,0.2883233532245733,0.2945084175534947
2022_13_TEN_PHI,2022,13,PHI,TEN,1,0.6630076946994475,0.7294699289551133,0.7830748481201767,0.7895359837860128
2022_14_BAL_PIT,2022,14,PIT,BAL,0,0.39061271877027537,0.3694042341787774,0.38043710004039666,0.3846411446496028
2022_14_CAR_SEA,2022,14,SEA,CAR,0,0.6673419759628302,0.6116703577623821,0.6829654791117329,0.7021497258042549
2022_14_CLE_CIN,2022,14,CIN,CLE,1,0.631278408866266,0.6251418305768873,0.6017436329534394,0.6238667480471467
2022_14_HOU_DAL,2022,14,DAL,HOU,1,0.8499885114373776,0.8321548200736806,0.8158570396256629,0.810277261171222
2022_14_JAX_TEN,2022,14,TEN,JAX,0,0.5202071557429028,0.4877899060447036,0.4682969060682594,0.48540644679160627
2022_14_KC_DEN,2022,14,DEN,KC,0,0.23682373247660385,0.2507941654340977,0.26897971501475726,0.2830882136530496
2022_14_LV_LA,2022,14,LA,LV,1,0.42729474984655713,0.3782496080606792,0.37439685092384467,0.39984478186519196
2022_14_MIA_LAC,2022,14,LAC,MIA,1,0.4332128445147385,0.47221721969075403,0.5235058498112127,0.5467919309178259
2022_14_MIN_DET,2022,14,DET,MIN,1,0.4697624832079005,0.46571522926493997,0.4609283480323234,0.5074258730471157
2022_14_NE_ARI,2022,14,ARI,NE,0,0.4450135555319148,0.3834779664987605,0.4004623606141644,0.36129033800803784
2022_14_NYJ_BUF,2022,14,BUF,NYJ,1,0.7365302305888374,0.774279625449946,0.7827057958914867,0.7944102373569287
2022_14_PHI_NYG,2022,14,NYG,PHI,0,0.2643946074518493,0.22387957053457902,0.18288601824878029,0.18964354697975838
2022_14_TB_SF,2022,14,SF,TB,1,0.609886855678976,0.595122637705974,0.5922821668076467,0.5761403957102509
2022_15_ARI_DEN,2022,15,DEN,ARI,1,0.48461446560037097,0.5333595317950494,0.4895836627645183,0.5095297284183715
2022_15_ATL_NO,2022,15,NO,ATL,1,0.5729683955300493,0.619121762672052,0.5853016628597456,0.5733814528668524
2022_15_BAL_CLE,2022,15,CLE,BAL,1,0.4597652457567594,0.4388565793895135,0.4022339342044312,0.3761248080348332
2022_15_CIN_TB,2022,15,TB,CIN,0,0.3995046504513694,0.41945226369840877,0.4595319776083636,0.457994844623402
2022_15_DAL_JAX,2022,15,JAX,DAL,1,0.3438526856742515,0.36517437797890023,0.39954230820703995,0.374045947460398
2022_15_DET_NYJ,2022,15,NYJ,DET,0,0.4810634773924176,0.5066805454693125,0.5065644089913822,0.5104402035497493
2022_15_IND_MIN,2022,15,MIN,IND,1,0.6143372221971154,0.5864880445047216,0.5718767301420851,0.5203805707816446
2022_15_KC_HOU,2022,15,HOU,KC,0,0.12706644767029612,0.12617286222741333,0.1445129565540272,0.17293142542472303
2022_15_LA_GB,2022,15,GB,LA,1,0.6218693533384163,0.7042256407548351,0.748916975430334,0.710478338705058
2022_15_MIA_BUF,2022,15,BUF,MIA,1,0.6470436448945817,0.7128499041210044,0.739857244622425,0.7741198158705499
2022_15_NE_LV,2022,15,LV,NE,1,0.428403174632127,0.4331570913908863,0.3798282188453673,0.3761647699501869
2022_15_NYG_WAS,2022,15,WAS,NYG,0,0.5538861983136341,0.5764393785356505,0.5626681983117992,0.5281680727815422
2022_15_PHI_CHI,2022,15,CHI,PHI,0,0.2338050358761232,0.19752314684457423,0.17626916021098324,0.1574048808492828
2022_15_PIT_CAR,2022,15,CAR,PIT,0,0.48919400686139236,0.49729945018187477,0.46183870299769864,0.44122148281758433
2022_15_SF_SEA,2022,15,SEA,SF,0,0.37583616638859657,0.33786219811218104,0.3561528475748683,0.3805847933672869
2022_15_TEN_LAC,2022,15,LAC,TEN,1,0.533830220892028,0.5427315494858258,0.5682100983610875,0.5654059343113703
2022_16_ATL_BAL,2022,16,BAL,ATL,1,0.6158114528778214,0.6490568216489669,0.6724850569009259,0.6841002291931236
2022_16_BUF_CHI,2022,16,CHI,BUF,0,0.258306642172913,0.23092806753163903,0.2514795744071024,0.20997465486506925
2022_16_CIN_NE,2022,16,NE,CIN,0,0.428887091175496,0.44924345887007683,0.4957335522494337,0.5049675086344309
2022_16_DEN_LA,2022,16,LA,DEN,1,0.45820715820078245,0.39894524848505086,0.3703049395191738,0.39909604787929687
2022_16_DET_CAR,2022,16,CAR,DET,1,0.44387155679908363,0.4945565877415628,0.46585641329456806,0.4747973846929647
2022_16_GB_MIA,2022,16,MIA,GB,0,0.5372122704587207,0.4520849621329885,0.3962475268202231,0.3908934184826478
2022_16_HOU_TEN,2022,16,TEN,HOU,0,0.7206878498578903,0.7166249125619776,0.7070932562812917,0.6820777647368257
2022_16_JAX_NYJ,2022,16,NYJ,JAX,0,0.44562620050548,0.4294866885959035,0.40437669403751436,0.41711477301127553
2022_16_LAC_IND,2022,16,IND,LAC,0,0.39844867715961235,0.3993289408714621,0.4074718676640089,0.42299871113604176
2022_16_LV_PIT,2022,16,PIT,LV,1,0.47785070270153274,0.47732614301609644,0.5166566507249803,0.5381070035132123
2022_16_NO_CLE,2022,16,CLE,NO,0,0.5335596384166984,0.5002797343575599,0.5304671882360597,0.5312826901703475
2022_16_NYG_MIN,2022,16,MIN,NYG,1,0.5608628131109095,0.5305932731022012,0.5137810916891137,0.4599171413088305
2022_16_PHI_DAL,2022,16,DAL,PHI,1,0.44266291070736813,0.39160115703271503,0.33148691499679206,0.34541217108775524
2022_16_SEA_KC,2022,16,KC,SEA,1,0.7244693943320782,0.7725888665085828,0.7328810929888975,0.6842447288524476
2022_16_TB_ARI,2022,16,ARI,TB,0,0.4248297535589664,0.3674489543910583,0.4026958057788104,0.38013578265683196
2022_16_WAS_SF,2022,16,SF,WAS,1,0.7220468576627457,0.6861391460263004,0.680098015883304,0.6986760065749261
2022_17_ARI_ATL,2022,17,ATL,ARI,1,0.4828192787183511,0.5336664667853799,0.5047083731715309,0.5242443904397164
2022_17_CAR_TB,2022,17,TB,CAR,1,0.5968389826068594,0.5969363066174875,0.6169323208378434,0.6150891769205494
2022_17_CHI_DET,2022,17,DET,CHI,1,0.5867208665972252,0.5541428252030216,0.5021898531364852,0.536002206976931
2022_17_CLE_WAS,2022,17,WAS,CLE,0,0.4536872487044574,0.4695890399673418,0.48045558986949427,0.46233330647580234
2022_17_DAL_TEN,2022,17,TEN,DAL,0,0.3264290776841398,0.3318821206766916,0.33404498006435424,0.31567837289030876
2022_17_DEN_KC,2022,17,KC,DEN,1,0.7895450675715805,0.8006710646902764,0.7882350437615555,0.7697013267684132
2022_17_IND_NYG,2022,17,NYG,IND,1,0.5855347615716486,0.5860765237998029,0.5767608001997674,0.5817144176983455
2022_17_JAX_HOU,2022,17,HOU,JAX,0,0.2742257865377413,0.2622670960597143,0.2555725816850304,0.2793950240582118
2022_17_LA_LAC,2022,17,LAC,LA,1,0.5832871682391384,0.6410433064919139,0.662419170252367,0.639462784857042
2022_17_MIA_NE,2022,17,NE,MIA,1,0.5104020662841916,0.5588972636453716,0.6086705966277952,0.6293017094045891
2022_17_MIN_GB,2022,17,GB,MIN,1,0.5474028150497557,0.6178155923071919,0.6648084155180082,0.6817661753213136
2022_17_NO_PHI,2022,17,PHI,NO,0,0.7089085820080198,0.7007294884197254,0.7596989009236056,0.768968089689707
2022_17_NYJ_SEA,2022,17,SEA,NYJ,1,0.5783374313307484,0.5533395672127348,0.5783053189882033,0.6004830220481946
2022_17_PIT_BAL,2022,17,BAL,PIT,0,0.5829491503803831,0.6057705879055427,0.6221612971445198,0.6084136517316454
2022_17_SF_LV,2022,17,LV,SF,0,0.3066102755823281,0.34082363332824395,0.303537250367299,0.32104620896856345
2022_18_ARI_SF,2022,18,SF,ARI,1,0.7389000553070126,0.7581940489700589,0.7285343608762578,0.7325609491403903
2022_18_BAL_CIN,2022,18,CIN,BAL,1,0.6203608902577741,0.5837052022759908,0.5378598339320898,0.5242453971629136
2022_18_CAR_NO,2022,18,NO,CAR,0,0.568506104120187,0.6041244406531912,0.5822584428202129,0.5721888626201456
2022_18_CLE_PIT,2022,18,PIT,CLE,1,0.4637633578717287,0.48932311015233576,0.5009638932853088,0.5333875430815227
2022_18_DAL_WAS,2022,18,WAS,DAL,1,0.30068425236087165,0.3361612234843377,0.3360471036431434,0.30134575776168654
2022_18_DET_GB,2022,18,GB,DET,0,0.561867459386686,0.634016404943288,0.6872832275302465,0.685552221139463
2022_18_HOU_IND,2022,18,IND,HOU,0,0.619182869810048,0.6278935695928354,0.6128630685368872,0.6034277367252793
2022_18_KC_LV,2022,18,LV,KC,0,0.26070136470119726,0.2603709672787836,0.23889291514398742,0.27680970184599707
2022_18_LAC_DEN,2022,18,DEN,LAC,1,0.38748961397885157,0.37674634487735126,0.35510446757264374,0.3531001240530066
2022_18_LA_SEA,2022,18,SEA,LA,1,0.5803091842681384,0.587104394844708,0.619480469298347,0.612578368753621
2022_18_MIN_CHI,2022,18,CHI,MIN,0,0.4023550408586401,0.4262819488518775,0.4787605665677582,0.4803511548620873
2022_18_NE_BUF,2022,18,BUF,NE,1,0.6768042216775222,0.7060956628438603,0.6903137276765611,0.7067777296873119
2022_18_NYG_PHI,2022,18,PHI,NYG,1,0.7219701573799862,0.7394498697087147,0.7566253948818944,0.7435008176504508
2022_18_NYJ_MIA,2022,18,MIA,NYJ,1,0.6497226955249733,0.6314629464368445,0.6031268927318256,0.5815536187397707
2022_18_TB_ATL,2022,18,ATL,TB,1,0.37533417633025856,0.37129044903125663,0.3682852815216599,0.38576502309995786
2022_18_TEN_JAX,2022,18,JAX,TEN,1,0.5816537581014564,0.6057499553567517,0.6134556237275779,0.6147367492097713
2023_01_ARI_WAS,2023,1,WAS,ARI,1,0.5769374743628153,0.6322442286123181,0.65817630339426,0.651588233740613
2023_01_BUF_NYJ,2023,1,NYJ,BUF,1,0.31549492093170267,0.27872263212325654,0.25960790938769346,0.2568615010095377
2023_01_CAR_ATL,2023,1,ATL,CAR,1,0.529660468724657,0.5447856157581775,0.5522648456990613,0.5512885841600373
2023_01_CIN_CLE,2023,1,CLE,CIN,1,0.4264227496782536,0.4047204331542685,0.3688859889689652,0.3533873638001172
2023_01_DAL_NYG,2023,1,NYG,DAL,0,0.47621226027567054,0.4895731361612658,0.4392850025020097,0.43998416614675645
2023_01_DET_KC,2023,1,KC,DET,0,0.6821783562561557,0.7132858149436978,0.6862204678533433,0.666660702884142
2023_01_GB_CHI,2023,1,CHI,GB,0,0.4336355921325947,0.3692857212191222,0.3533533346885551,0.3423268042466583
2023_01_HOU_BAL,2023,1,BAL,HOU,1,0.7217867902666693,0.7483115845350323,0.7647669099560538,0.7477891291959933
2023_01_JAX_IND,2023,1,IND,JAX,0,0.30832610689456685,0.29786583146334494,0.27151881064435257,0.292064996423196
2023_01_LA_SEA,2023,1,SEA,LA,0,0.6117052628384464,0.6477212972488104,0.6557174451954384,0.6671818426477559
2023_01_LV_DEN,2023,1,DEN,LV,0,0.46056534565669954,0.4515987978385274,0.46498033093733054,0.4537788334606553
2023_01_MIA_LAC,2023,1,LAC,MIA,0,0.4820529358985773,0.48529376129203305,0.558162221666702,0.5715374476740139
2023_01_PHI_NE,2023,1,NE,PHI,0,0.3667084210184706,0.3417011677671111,0.34579868602974934,0.33678769234829303
2023_01_SF_PIT,2023,1,PIT,SF,0,0.3777882160756639,0.4053105200875763,0.4261208916902649,0.4674469941177312
2023_01_TB_MIN,2023,1,MIN,TB,0,0.5355923238769973,0.5131047050647609,0.5354891505759242,0.5237579640772845
2023_01_TEN_NO,2023,1,NO,TEN,1,0.5746806449120412,0.6233524138190646,0.5877822541041606,0.6084210148982626
2023_02_BAL_CIN,2023,2,CIN,BAL,0,0.4441204677402511,0.4057202061989379,0.446384794115009,0.46392205054644564
2023_02_CHI_TB,2023,2,TB,CHI,1,0.645631810771526,0.6124883856206988,0.6059561657036135,0.6314245611309351
2023_02_CLE_PIT,2023,2,PIT,CLE,1,0.3656443549849081,0.3818498422796342,0.4527145787502519,0.4892375811015703
2023_02_GB_ATL,2023,2,ATL,GB,1,0.43658271505390034,0.4452975091956944,0.42472882508284043,0.44486701181826627
2023_02_IND_HOU,2023,2,HOU,IND,0,0.5093718471190227,0.5051259328396307,0.5552571573854986,0.5523014559715442
2023_02_KC_JAX,2023,2,JAX,KC,0,0.4416643470692842,0.462480636403508,0.48419092394456104,0.5171217484746327
2023_02_LAC_TEN,2023,2,TEN,LAC,1,0.4039135266337335,0.3538131173229896,0.29852108854027587,0.2958780798443037
2023_02_LV_BUF,2023,2,BUF,LV,1,0.5937738968862404,0.6873259317439964,0.7030831475236831,0.7112959760833623
2023_02_MIA_NE,2023,2,NE,MIA,0,0.35437620081013277,0.37483756859386963,0.44904279176484824,0.5120490372002681
2023_02_MIN_PHI,2023,2,PHI,MIN,1,0.6567039421635077,0.6380110828720591,0.6473512480689615,0.6900198978851289
2023_02_NO_CAR,2023,2,CAR,NO,0,0.4306196701454423,0.40535486371155316,0.3619299624082571,0.3423742199349159
2023_02_NYG_ARI,2023,2,ARI,NYG,0,0.5212990968771672,0.4329063983247398,0.450967559301586,0.42547580555918046
2023_02_NYJ_DAL,2023,2,DAL,NYJ,1,0.7052597553814375,0.747403238502832,0.7334356172174926,0.7383365876733701
2023_02_SEA_DET,2023,2,DET,SEA,0,0.6701810412337201,0.6309732790103313,0.6221101440214348,0.5995045052003029
2023_02_SF_LA,2023,2,LA,SF,0,0.3325581502401254,0.3259701354003328,0.3056910811158636,0.3226164807255998
2023_02_WAS_DEN,2023,2,DEN,WAS,0,0.5080309095774088,0.4926703449001215,0.5207583654135317,0.5122110856158725
2023_03_ATL_DET,2023,3,DET,ATL,1,0.5086489610834127,0.4810593408996067,0.4557596691902388,0.4694498411634943
2023_03_BUF_WAS,2023,3,WAS,BUF,0,0.30253655054171197,0.292006680602031,0.29645997441129424,0.2838186331146237
2023_03_CAR_SEA,2023,3,SEA,CAR,1,0.6699318860460395,0.63552279709331,0.6921512987455082,0.6883923748234675
2023_03_CHI_KC,2023,3,KC,CHI,1,0.8354950039837551,0.8007505361288896,0.7514431783567982,0.7402767018747604
2023_03_DAL_ARI,2023,3,ARI,DAL,1,0.2503746566538975,0.21415595242825666,0.1909295454325817,0.19063670131614122
2023_03_DEN_MIA,2023,3,MIA,DEN,1,0.7339240886335222,0.690932126494335,0.6265297779495794,0.5992674493979148
2023_03_HOU_JAX,2023,3,JAX,HOU,0,0.6718467688225057,0.7684372740541919,0.7865992277859513,0.785316561829979
2023_03_IND_BAL,2023,3,BAL,IND,0,0.7382790032915949,0.7734290639147705,0.80490214137592,0.791553050541296
2023_03_LAC_MIN,2023,3,MIN,LAC,0,0.4551797947358878,0.4487548635061138,0.40636223330879795,0.3906663011028288
2023_03_LA_CIN,2023,3,CIN,LA,1,0.48938805121886947,0.5004307647934526,0.5649235141661869,0.5716052043482066
2023_03_NE_NYJ,2023,3,NYJ,NE,0,0.4113195582232372,0.378532103215593,0.38277497495165685,0.37057655117854743
2023_03_NO_GB,2023,3,GB,NO,1,0.5582017081217855,0.5011573385233824,0.5504504128420358,0.5259543025903272
2023_03_NYG_SF,2023,3,SF,NYG,1,0.7910983249500678,0.7254087063047632,0.7603379028071191,0.7350911326486989
2023_03_PHI_TB,2023,3,TB,PHI,0,0.45149353478281085,0.42177227526602873,0.41064896250625,0.3772522143464688
2023_03_PIT_LV,2023,3,LV,PIT,0,0.6369667741829284,0.5874457128214542,0.4996889300246395,0.4473501726831853
2023_03_TEN_CLE,2023,3,CLE,TEN,1,0.6325583138381,0.6801228509637074,0.6584350819070535,0.6809823004482507
2023_04_ARI_SF,2023,4,SF,ARI,1,0.791874144857258,0.798560282362323,0.807018316600209,0.7919542061359682
2023_04_ATL_JAX,2023,4,JAX,ATL,1,0.4798823780361445,0.5459826335182634,0.5367130403753839,0.5521381128387922
2023_04_BAL_CLE,2023,4,CLE,BAL,0,0.5201181549015569,0.5347411088537861,0.5183628117252178,0.5494698207642872
2023_04_CIN_TEN,2023,4,TEN,CIN,1,0.39731582681035776,0.43453824640556143,0.3861700605407653,0.359384394052721
2023_04_DEN_CHI,2023,4,CHI,DEN,0,0.44631245292791294,0.48249188209673577,0.5040137589420547,0.5278426091266026
2023_04_DET_GB,2023,4,GB,DET,0,0.5271494469376107,0.5271417948720897,0.5729678689906175,0.5750202701864671
2023_04_KC_NYJ,2023,4,NYJ,KC,0,0.12672765684026982,0.13055663975134052,0.1573364728138341,0.17498535552568847
2023_04_LA_IND,2023,4,IND,LA,0,0.39453522893092957,0.37544363618974114,0.34071401159587134,0.38144810608530516
2023_04_LV_LAC,2023,4,LAC,LV,1,0.6938181335165376,0.7187394053644793,0.7853772270027893,0.769017597370185
2023_04_MIA_BUF,2023,4,BUF,MIA,1,0.4893774782470478,0.5262532202272043,0.6207267541897864,0.6913838266645749
2023_04_MIN_CAR,2023,4,CAR,MIN,0,0.4466264237735346,0.40171023813367657,0.4015338622116141,0.4532353376374484
2023_04_NE_DAL,2023,4,DAL,NE,1,0.7158328699400098,0.6881080211403312,0.7407890767981351,0.7220597459908997
2023_04_PIT_HOU,2023,4,HOU,PIT,1,0.5038261867767301,0.4694648006921189,0.41734234236465095,0.3482265624397618
2023_04_SEA_NYG,2023,4,NYG,SEA,0,0.3289631693490025,0.36642984081955426,0.3277032247607461,0.35268328098154156
2023_04_TB_NO,2023,4,NO,TB,0,0.5322463190736109,0.6058051981807494,0.5695224984505144,0.5993714611880232
2023_04_WAS_PHI,2023,4,PHI,WAS,1,0.7963213620103874,0.7714140735976901,0.775392499401236,0.7838841170542931
2023_05_BAL_PIT,2023,5,PIT,BAL,1,0.2540209432016408,0.2130555473920284,0.26905959505187743,0.3068974175637417
2023_05_CAR_DET,2023,5,DET,CAR,1,0.7433719524826821,0.7576521920511524,0.7596357968863577,0.7356364498964125
2023_05_CHI_WAS,2023,5,WAS,CHI,0,0.6464984211088056,0.6483937557467098,0.6313687769364099,0.6477323638396324
2023_05_CIN_ARI,2023,5,ARI,CIN,0,0.5763640640539085,0.5348150367140854,0.5195453468283329,0.5049151879643758
2023_05_DAL_SF,2023,5,SF,DAL,1,0.620407366588813,0.6118561716895227,0.5708485802003772,0.563715562671541
2023_05_GB_LV,2023,5,LV,GB,1,0.41048684655381584,0.4630594470785142,0.39761927226342125,0.40818953602121044
2023_05_HOU_ATL,2023,5,ATL,HOU,1,0.5029671921419673,0.5740053243019008,0.5922553852063186,0.5824331429872475
2023_05_JAX_BUF,2023,5,BUF,JAX,0,0.8396701275667442,0.8183767898711206,0.818586121782457,0.8318521201993433
2023_05_KC_MIN,2023,5,MIN,KC,0,0.2610145894568883,0.295536215908658,0.29520028413068117,0.28758865079138607
2023_05_NO_NE,2023,5,NE,NO,0,0.45942255159044226,0.43903603901014326,0.37447479044759807,0.3648833455077786
2023_05_NYG_MIA,2023,5,MIA,NYG,1,0.8805323557635619,0.84125377469008,0.8333921994701381,0.7706250724801903
2023_05_NYJ_DEN,2023,5,DEN,NYJ,0,0.6401020546210554,0.6359164688078806,0.638559755026139,0.6171375947231232
2023_05_PHI_LA,2023,5,LA,PHI,0,0.40838093551673066,0.36673581392216387,0.3299546626328096,0.3331454693662063
2023_05_TEN_IND,2023,5,IND,TEN,1,0.4715898041428311,0.48573119452693336,0.46590972141867504,0.5171141876060552
2023_06_ARI_LA,2023,6,LA,ARI,1,0.6268963081341884,0.6738184947541851,0.6668737599945251,0.6951614737199153
2023_06_BAL_TEN,2023,6,TEN,BAL,0,0.39521365760290317,0.32801367233780765,0.3386590687357241,0.3429200338082929
2023_06_CAR_MIA,2023,6,MIA,CAR,1,0.862425342076456,0.8679894698718207,0.842333103600899,0.8004349591648459
2023_06_DAL_LAC,2023,6,LAC,DAL,0,0.4980700401447602,0.5096566248881568,0.5053978298916627,0.48585483221389114
2023_06_DEN_KC,2023,6,KC,DEN,1,0.8403849717195426,0.842497202999609,0.8144277910768587,0.8228565193401575
2023_06_DET_TB,2023,6,TB,DET,0,0.43781210924303243,0.43896799103822837,0.48716253369998586,0.5014476040686037
2023_06_IND_JAX,2023,6,JAX,IND,1,0.5881576703324115,0.6308621286874614,0.6837921617424083,0.6489696864316592
2023_06_MIN_CHI,2023,6,CHI,MIN,0,0.4333859651234776,0.3915261225287867,0.45769231283489836,0.48401200229067903
2023_06_NE_LV,2023,6,LV,NE,1,0.6470150496869892,0.6460809781668415,0.6785489578994438,0.6600990554765531
2023_06_NO_HOU,2023,6,HOU,NO,1,0.4412667235895948,0.3570902173264312,0.32899790306557497,0.2869764057491795
2023_06_NYG_BUF,2023,6,BUF,NYG,1,0.9038576334904915,0.8971743296878871,0.9139741885199129,0.9105294583148056
2023_06_PHI_NYJ,2023,6,NYJ,PHI,1,0.2154570315380552,0.18310043799322884,0.1880924421995375,0.168716217064625
2023_06_SEA_CIN,2023,6,CIN,SEA,1,0.3873116675107035,0.40685482915611937,0.43099259967777886,0.4524796480894975
2023_06_SF_CLE,2023,6,CLE,SF,1,0.18590481029795133,0.22240463700970053,0.17102851435858513,0.20169239172890624
2023_06_WAS_ATL,2023,6,ATL,WAS,0,0.5779983227458207,0.5684803029747539,0.5416871284788676,0.504070048103851
2023_07_ARI_SEA,2023,7,SEA,ARI,1,0.7137115228296755,0.7596266762797882,0.7680514718921779,0.7791271852787639
2023_07_ATL_TB,2023,7,TB,ATL,0,0.610892065501791,0.5621333889205453,0.6060066020809888,0.623011399862089
2023_07_BUF_NE,2023,7,NE,BUF,1,0.12579202126253072,0.14449432738071094,0.12955256708660928,0.13140262890550786
2023_07_CLE_IND,2023,7,IND,CLE,0,0.47136813057578564,0.3820666024942343,0.4051681105955423,0.40769441270012025
2023_07_DET_BAL,2023,7,BAL,DET,1,0.43362056460371184,0.5039445864932218,0.4630193110437189,0.45170007916032945
2023_07_GB_DEN,2023,7,DEN,GB,1,0.3891066262643623,0.40120071859512524,0.37969771114348905,0.35536860740762855
2023_07_JAX_NO,2023,7,NO,JAX,0,0.5576085479935823,0.5745595759491523,0.558538531523653,0.5784972280878969
2023_07_LAC_KC,2023,7,KC,LAC,1,0.7008029229167442,0.704962328087206,0.6453219325211054,0.6603974134289723
2023_07_LV_CHI,2023,7,CHI,LV,1,0.4462330449440794,0.4723017048384805,0.4967619594067687,0.5023876631003086
2023_07_MIA_PHI,2023,7,PHI,MIA,1,0.3790779198923672,0.4308623491257565,0.5090214234786553,0.5823600394348717
2023_07_PIT_LA,2023,7,LA,PIT,0,0.7144993603970887,0.7367199995645912,0.6953845520550391,0.6715882561550138
2023_07_SF_MIN,2023,7,MIN,SF,1,0.21669409868835499,0.23253162355317128,0.1786268073318677,0.16527936982010266
2023_07_WAS_NYG,2023,7,NYG,WAS,1,0.4105833781953742,0.4060892625141094,0.35556945449229915,0.36946938014939973
2023_08_ATL_TEN,2023,8,TEN,ATL,1,0.5182536717530294,0.4538079640134788,0.4484097004858419,0.46462011840711054
2023_08_BAL_ARI,2023,8,ARI,BAL,0,0.2520522542015318,0.1750934185952675,0.21258572795481837,0.23246998580622932
2023_08_CHI_LAC,2023,8,LAC,CHI,1,0.664197534932492,0.6210641425422642,0.6490590323131974,0.6548962034478276
2023_08_CIN_SF,2023,8,SF,CIN,0,0.8094040166524129,0.8193945757804585,0.8149223847420713,0.799120540040399
2023_08_CLE_SEA,2023,8,SEA,CLE,1,0.6765645586583078,0.633325104812098,0.6207640468480653,0.5569973246535189
2023_08_HOU_CAR,2023,8,CAR,HOU,1,0.4201023562558588,0.44713995617095675,0.43862887606803774,0.47005988907440155
2023_08_JAX_PIT,2023,8,PIT,JAX,0,0.4167532271972184,0.37940778780310436,0.39010383849178565,0.42414763262497435
2023_08_KC_DEN,2023,8,DEN,KC,1,0.17899433448304305,0.17461921280063347,0.18774803257813116,0.1718533444758157
2023_08_LA_DAL,2023,8,DAL,LA,1,0.5967984264471656,0.6017750885212321,0.6696301562146633,0.6806843701570123
2023_08_LV_DET,2023,8,DET,LV,1,0.7325415223116974,0.7339806981193893,0.7701351640115397,0.7680932607348415
2023_08_MIN_GB,2023,8,GB,MIN,0,0.527331496216715,0.5085092242377123,0.5500748080463775,0.5895521115940557
2023_08_NE_MIA,2023,8,MIA,NE,1,0.8610453317087653,0.8394363063493059,0.8144637104633151,0.7747290363107368
2023_08_NO_IND,2023,8,IND,NO,0,0.4276913550408503,0.38294755564288796,0.33013037860265343,0.34609086833346636
2023_08_NYJ_NYG,2023,8,NYG,NYJ,0,0.506817982103291,0.5496211536806689,0.48940600530687206,0.5425334020080956
2023_08_PHI_WAS,2023,8,WAS,PHI,0,0.2616234491459999,0.24986759802214026,0.297917764509248,0.30088280909784004
2023_08_TB_BUF,2023,8,BUF,TB,1,0.7895083466808369,0.8101856235589888,0.7714603045746564,0.7869304205986438
2023_09_ARI_CLE,2023,9,CLE,ARI,1,0.6078184828794994,0.6922082086056549,0.6946258152710904,0.7486993256137924
2023_09_BUF_CIN,2023,9,CIN,BUF,1,0.25640842072003,0.2415668040735382,0.2927307528381421,0.3074788903900392
2023_09_CHI_NO,2023,9,NO,CHI,1,0.6702931296871427,0.6737502774003911,0.694807980715982,0.7291308299257797
2023_09_DAL_PHI,2023,9,PHI,DAL,1,0.5366078916852025,0.5679491789241623,0.49563737670835045,0.5038636331036545
2023_09_IND_CAR,2023,9,CAR,IND,0,0.4398355183460504,0.43598293454520354,0.4335005168545603,0.3949025883194144
2023_09_LAC_NYJ,2023,9,NYJ,LAC,0,0.2931125303840474,0.3231704518833155,0.30455957693857744,0.2894284705102842
2023_09_LA_GB,2023,9,GB,LA,1,0.45065430902639664,0.455224512673381,0.4933399689819958,0.49082617761071534
2023_09_MIA_KC,2023,9,KC,MIA,1,0.48583763232555083,0.5069480974255286,0.5580229040590309,0.6134421082984578
2023_09_MIN_ATL,2023,9,ATL,MIN,0,0.40422321880042605,0.4628372979671882,0.500503056376975,0.5353249814805551
2023_09_NYG_LV,2023,9,LV,NYG,1,0.5596474725895179,0.5581563807230739,0.5575147169992856,0.5046137397843367
2023_09_SEA_BAL,2023,9,BAL,SEA,1,0.5768720325816659,0.6094746736100014,0.5683829816880636,0.5323543432050353
2023_09_TB_HOU,2023,9,HOU,TB,1,0.4999041113180293,0.505155736873019,0.4444882967261878,0.43862912084842426
2023_09_TEN_PIT,2023,9,PIT,TEN,1,0.45096989898338785,0.4468303347828012,0.5115853173890161,0.5476024233939415
2023_09_WAS_NE,2023,9,NE,WAS,0,0.4397511161372776,0.44701555863208176,0.38235152219452434,0.36444911952562226
2023_10_ATL_ARI,2023,10,ARI,ATL,1,0.38359767425938224,0.316463465905091,0.31015901656174005,0.30395391755149326
2023_10_CAR_CHI,2023,10,CHI,CAR,1,0.6131618895209651,0.6548622587808648,0.6670205523478551,0.6540955710526903
2023_10_CLE_BAL,2023,10,BAL,CLE,0,0.7317002537800086,0.7325846746018756,0.6904626165936406,0.5996459077587868
2023_10_DEN_BUF,2023,10,BUF,DEN,0,0.8332211003896792,0.851640070111649,0.8237455080529599,0.8437949015049938
2023_10_DET_LAC,2023,10,LAC,DET,0,0.48687470108685665,0.45321325709453686,0.48877864232660223,0.5076556637429962
2023_10_GB_PIT,2023,10,PIT,GB,1,0.4470164858087872,0.4213845202897845,0.44227378624235153,0.4860039586262424
2023_10_HOU_CIN,2023,10,CIN,HOU,0,0.5626364745438845,0.5826152590761267,0.6346360838153416,0.6640004632422023
2023_10_IND_NE,2023,10,NE,IND,0,0.4114644273139736,0.4750444610329534,0.47680144366023997,0.4461631015392259
2023_10_NO_MIN,2023,10,MIN,NO,1,0.5208954092598522,0.47737952784174664,0.3936695230599007,0.3182557113939476
2023_10_NYG_DAL,2023,10,DAL,NYG,1,0.8317320960581664,0.8184699917601577,0.84615603230449,0.8330357247027947
2023_10_NYJ_LV,2023,10,LV,NYJ,1,0.622030491282445,0.6321118408480964,0.6086106817606373,0.6133878820575213
2023_10_SF_JAX,2023,10,JAX,SF,0,0.2889618054129096,0.2936718618582217,0.29480019855400325,0.31817779619893666
2023_10_TEN_TB,2023,10,TB,TEN,1,0.5570475101861913,0.5323762787776288,0.6007934567659939,0.5995643937079996
2023_10_WAS_SEA,2023,10,SEA,WAS,1,0.6407205785770612,0.599550781478755,0.5432619631267068,0.5171045593240077
2023_11_ARI_HOU,2023,11,HOU,ARI,1,0.7157743518650673,0.7078972311664202,0.7189585364233156,0.7095283906475072
2023_11_CHI_DET,2023,11,DET,CHI,1,0.7332811766880882,0.6923421378357305,0.7006356713745485,0.6927344156883845
2023_11_CIN_BAL,2023,11,BAL,CIN,1,0.6569622909109947,0.7095103893142751,0.6182442705634924,0.5575142711708523
2023_11_DAL_CAR,2023,11,CAR,DAL,0,0.18790815372043274,0.16782904636615217,0.14476801485821578,0.13419751621746343
2023_11_LAC_GB,2023,11,GB,LAC,1,0.44792651231763486,0.4933185471766139,0.4782982489599645,0.4486504578824734
2023_11_LV_MIA,2023,11,MIA,LV,1,0.812552312929312,0.7969331193590752,0.7747786436958929,0.7425494252704056
2023_11_MIN_DEN,2023,11,DEN,MIN,1,0.36862431577185123,0.35336105886746144,0.4013876879754804,0.41145897405658416
2023_11_NYG_WAS,2023,11,WAS,NYG,0,0.6931151974380021,0.7095003300475267,0.7455298278924737,0.7287105751217371
2023_11_NYJ_BUF,2023,11,BUF,NYJ,1,0.8681241663226109,0.8864790889464743,0.8766533589547765,0.8856117923795425
2023_11_PHI_KC,2023,11,KC,PHI,0,0.56177609732261,0.5508802619828022,0.551256424267876,0.5399767024989438
2023_11_PIT_CLE,2023,11,CLE,PIT,1,0.5987999898509897,0.6279584490831231,0.5883370788205938,0.5962686831831981
2023_11_SEA_LA,2023,11,LA,SEA,1,0.4583070541957935,0.45361698920780635,0.43889196915131407,0.43730932115264093
2023_11_TB_SF,2023,11,SF,TB,1,0.7822492636080273,0.8318091280256628,0.8238780352667816,0.8250043051548527
2023_11_TEN_JAX,2023,11,JAX,TEN,1,0.5477407133066206,0.587820168294908,0.6126306465183391,0.6386931830917205
2023_12_BAL_LAC,2023,12,LAC,BAL,0,0.4301857544090884,0.3527293722087121,0.4104745998760505,0.4445303131547074
2023_12_BUF_PHI,2023,12,PHI,BUF,1,0.44528948416156583,0.4369000269894799,0.4253643691145173,0.43630063347290227
2023_12_CAR_TEN,2023,12,TEN,CAR,1,0.6456844793455367,0.656888757581856,0.6666632242907573,0.6684589374343054
2023_12_CHI_MIN,2023,12,MIN,CHI,0,0.6565447638225038,0.6414788836222034,0.6127278218503537,0.5665080546900659
2023_12_CLE_DEN,2023,12,DEN,CLE,1,0.4434490620677876,0.3878124184656339,0.41180925113572153,0.3391136518329408
2023_12_GB_DET,2023,12,DET,GB,0,0.6497369567778952,0.636543372255561,0.6134834868742337,0.6405712978092136
2023_12_JAX_HOU,2023,12,HOU,JAX,0,0.5487976426516359,0.5038976315264412,0.47421201324942336,0.45331167454585114
2023_12_KC_LV,2023,12,LV,KC,0,0.2388285310973338,0.24816609613723023,0.25564453632758327,0.2488110240166674
2023_12_LA_ARI,2023,12,ARI,LA,0,0.3728545800947899,0.343084536312846,0.34816131876427137,0.3593397768325425
2023_12_MIA_NYJ,2023,12,NYJ,MIA,0,0.16110303280728067,0.16712775014095022,0.19789562214337392,0.22028628524145508
2023_12_NE_NYG,2023,12,NYG,NE,1,0.46987239370592,0.41786550444839604,0.42694425703169214,0.4590805625833501
2023_12_NO_ATL,2023,12,ATL,NO,1,0.4154376843800851,0.4131863098208841,0.36091738498346926,0.3361769838815428
2023_12_PIT_CIN,2023,12,CIN,PIT,0,0.6190921961552531,0.6070007179592327,0.6016704543751685,0.5924412362225747
2023_12_SF_SEA,2023,12,SEA,SF,0,0.2812075271863735,0.25719867188893697,0.24028408374672633,0.2524812803150839
2023_12_TB_IND,2023,12,IND,TB,1,0.4707372569113411,0.48632665241689443,0.44978445197945954,0.4964637285945714
2023_12_WAS_DAL,2023,12,DAL,WAS,1,0.7872950963958893,0.7572309952791797,0.7529347686268728,0.7585984913182673
2023_13_ARI_PIT,2023,13,PIT,ARI,0,0.6657100808728984,0.6982272211628227,0.7347763133824547,0.7550232658660667
2023_13_ATL_NYJ,2023,13,NYJ,ATL,0,0.33735141842824107,0.321541692020721,0.34196159657774067,0.31245216000323756
2023_13_CAR_TB,2023,13,TB,CAR,1,0.6943240665889343,0.6838479910021212,0.7292765834671076,0.7229154661531875
2023_13_CIN_JAX,2023,13,JAX,CIN,0,0.49867050139602304,0.5310724774784298,0.49123460347781933,0.4858048093222421
2023_13_CLE_LA,2023,13,LA,CLE,1,0.5739803534877683,0.5427381940863155,0.5130249046402093,0.4599469123795972
2023_13_DEN_HOU,2023,13,HOU,DEN,1,0.5964494461639835,0.5847135804278605,0.5497424982995429,0.5693363913047412
2023_13_DET_NO,2023,13,NO,DET,0,0.4477391523103028,0.4868689143334533,0.5557614537598488,0.6111428952292776
2023_13_IND_TEN,2023,13,TEN,IND,0,0.509749008149341,0.5351826722431908,0.529138752323059,0.49633242438220354
2023_13_KC_GB,2023,13,GB,KC,1,0.3543945377440498,0.3379512988801857,0.3819681390981558,0.3295115747509059
2023_13_LAC_NE,2023,13,NE,LAC,0,0.3422895654164744,0.43138197925448163,0.4247168863796256,0.4389311602005678
2023_13_MIA_WAS,2023,13,WAS,MIA,0,0.23415958861652222,0.27693657417950834,0.3413640397531676,0.37090289351494654
2023_13_SEA_DAL,2023,13,DAL,SEA,1,0.7413086771750348,0.7249601349979206,0.7239780030846025,0.7148359504366492
2023_13_SF_PHI,2023,13,PHI,SF,0,0.3723956508792794,0.3833971788475516,0.3413532119234841,0.3627728589596066
2023_14_BUF_KC,2023,14,KC,BUF,0,0.4660089203950672,0.463937029178272,0.4416732529165963,0.43258477589096783
2023_14_CAR_NO,2023,14,NO,CAR,1,0.7195197976100021,0.7549136908819164,0.8036065815778236,0.8222804846590307
2023_14_DEN_LAC,2023,14,LAC,DEN,0,0.6349834116135572,0.5973823188221316,0.5682034956858314,0.5936322960118134
2023_14_DET_CHI,2023,14,CHI,DET,1,0.3466341302018139,0.3830965599651925,0.3986022975615333,0.4298985285160122
2023_14_GB_NYG,2023,14,NYG,GB,1,0.27713786913453353,0.27054408518003137,0.26262547487481747,0.33704211266244866
2023_14_HOU_NYJ,2023,14,NYJ,HOU,1,0.28195953094193155,0.31393677878342247,0.30586468590812,0.2925379483483529
2023_14_IND_CIN,2023,14,CIN,IND,1,0.6028484180469819,0.6112590700046443,0.6493144979696961,0.6481502960020582
2023_14_JAX_CLE,2023,14,CLE,JAX,1,0.4778649501317849,0.5092073201764935,0.5044158640097435,0.5094397695874257
2023_14_LA_BAL,2023,14,BAL,LA,1,0.6589614688358104,0.6908950724369379,0.6748180200105842,0.6556873146640914
2023_14_MIN_LV,2023,14,LV,MIN,0,0.37934617401165244,0.37449127683628786,0.3866955106701574,0.429973865947141
2023_14_NE_PIT,2023,14,PIT,NE,0,0.6275598543070819,0.6031319414924454,0.657344946421032,0.6805387722921069
2023_14_PHI_DAL,2023,14,DAL,PHI,1,0.6368979979853358,0.6122872718762408,0.6399433523428325,0.6242919111309905
2023_14_SEA_SF,2023,14,SF,SEA,1,0.7933940970995502,0.8123723478765492,0.8204896678163899,0.8110541959257651
2023_14_TB_ATL,2023,14,ATL,TB,0,0.4873093535766735,0.558791102608439,0.5356212889159002,0.5482911341726214
2023_14_TEN_MIA,2023,14,MIA,TEN,0,0.7804470092787673,0.7824957383382497,0.757772250965876,0.7454217850723456
2023_15_ATL_CAR,2023,15,CAR,ATL,1,0.37590045341898576,0.3379820365773416,0.3276630827603847,0.3391367098216635
2023_15_BAL_JAX,2023,15,JAX,BAL,0,0.3488484371104302,0.31716114261010764,0.3590887513943751,0.4125518910354297
2023_15_CHI_CLE,2023,15,CLE,CHI,1,0.5337048611648711,0.5642742974794299,0.5657417658066124,0.6035449150141972
2023_15_DAL_BUF,2023,15,BUF,DAL,1,0.5201410921828642,0.5478393371128522,0.524358352644265,0.5159748985909258
2023_15_DEN_DET,2023,15,DET,DEN,1,0.6728926016282522,0.6788511020103797,0.6692934446234962,0.6648367493710439
2023_15_HOU_TEN,2023,15,TEN,HOU,0,0.5233689479101169,0.5488156805478678,0.5116515039673872,0.5217699928063283
2023_15_KC_NE,2023,15,NE,KC,0,0.23317059555566153,0.23474804258696183,0.23819303604426423,0.24397419412969856
2023_15_LAC_LV,2023,15,LV,LAC,1,0.39100360672256324,0.42644053289681794,0.412409081047143,0.4123170717339914
2023_15_MIN_CIN,2023,15,CIN,MIN,1,0.5475071384853203,0.5026460229923572,0.5570797291607573,0.6244473539369585
2023_15_NYG_NO,2023,15,NO,NYG,1,0.7210163308760618,0.749850171710897,0.7644750937004265,0.7563711763771895
2023_15_NYJ_MIA,2023,15,MIA,NYJ,1,0.8616679570872758,0.8667643782937985,0.8519053466873084,0.8441809843642273
2023_15_PHI_SEA,2023,15,SEA,PHI,1,0.4124869851168308,0.39592247272339365,0.43292914519968345,0.4288567798512423
2023_15_PIT_IND,2023,15,IND,PIT,1,0.5425697338797494,0.5008591580696496,0.45940331474919505,0.444758656856785
2023_15_SF_ARI,2023,15,ARI,SF,0,0.12008799603060676,0.09423095387931163,0.0864758109538175,0.09010078119421082
2023_15_TB_GB,2023,15,GB,TB,0,0.5888856408679031,0.6204230628696196,0.6308453997056837,0.5883050036147549
2023_15_WAS_LA,2023,15,LA,WAS,1,0.6749838578306532,0.6424967915566577,0.6106147783727526,0.6100702933859344
2023_16_ARI_CHI,2023,16,CHI,ARI,1,0.6327478778783862,0.6719419978432656,0.6909220414561867,0.6789938904782289
2023_16_BAL_SF,2023,16,SF,BAL,0,0.6999181763188438,0.6831017028565198,0.7193776885855099,0.7470934805117333
2023_16_BUF_LAC,2023,16,LAC,BUF,0,0.2504933718863779,0.22183299475094773,0.21258521844077446,0.20479445494025209
2023_16_CIN_PIT,2023,16,PIT,CIN,1,0.3835342281448279,0.4265700667432021,0.42157603776702746,0.427138800144091
2023_16_CLE_HOU,2023,16,HOU,CLE,0,0.5383975456366343,0.4719471643776396,0.4617396545536079,0.41714838066190096
2023_16_DAL_MIA,2023,16,MIA,DAL,1,0.5364945173274204,0.5515120488748648,0.5085640608389377,0.46177209040667133
2023_16_DET_MIN,2023,16,MIN,DET,0,0.4256747379856024,0.452479201176105,0.431318109623763,0.4222636398710589
2023_16_GB_CAR,2023,16,CAR,GB,0,0.30659873172085067,0.2983839033603711,0.2602050891672353,0.29340417679033076
2023_16_IND_ATL,2023,16,ATL,IND,1,0.5021444147352615,0.5495483600924888,0.511252732040334,0.4747339144939252
2023_16_JAX_TB,2023,16,TB,JAX,1,0.559045604403472,0.5238192795635112,0.5135363235045469,0.4991548750314841
2023_16_LV_KC,2023,16,KC,LV,0,0.7725877052298794,0.787024251195741,0.7755885057894306,0.7816350082272309
2023_16_NE_DEN,2023,16,DEN,NE,0,0.592652164663652,0.5552560947047445,0.5862404027939174,0.5515957142589576
2023_16_NO_LA,2023,16,LA,NO,1,0.5155861884610835,0.47505248954709917,0.42877305316076264,0.38659611464910837
2023_16_NYG_PHI,2023,16,PHI,NYG,1,0.8029089697348778,0.8189069880676471,0.7913889351554813,0.775699615459862
2023_16_SEA_TEN,2023,16,TEN,SEA,0,0.4686809001198214,0.44688705754706565,0.39163289513163047,0.35146303602300416
2023_16_WAS_NYJ,2023,16,NYJ,WAS,1,0.4071454965178486,0.3668381379523942,0.32908752370797084,0.3297071504799632
2023_17_ARI_PHI,2023,17,PHI,ARI,0,0.7931377542282412,0.839185549964324,0.8229086912247825,0.8255379613650946
2023_17_ATL_CHI,2023,17,CHI,ATL,1,0.5167966810791126,0.4858418706909216,0.5309657614201257,0.5524733516085077
2023_17_CAR_JAX,2023,17,JAX,CAR,1,0.6566374154974071,0.6655268440163385,0.6903849658294894,0.7195063076712347
2023_17_CIN_KC,2023,17,KC,CIN,1,0.6530791794773999,0.6847397802935162,0.6191159731365069,0.6077463025231838
2023_17_DET_DAL,2023,17,DAL,DET,1,0.603772270085347,0.595185380637394,0.5873606831209669,0.6400537628823938
2023_17_GB_MIN,2023,17,MIN,GB,0,0.4913437333793111,0.5083661805589584,0.46046828758783503,0.4640362266704306
2023_17_LAC_DEN,2023,17,DEN,LAC,1,0.49533472275576296,0.523004844089327,0.5380490798202565,0.5010646513445328
2023_17_LA_NYG,2023,17,NYG,LA,0,0.2932656745049212,0.2815002629572674,0.30410372480740233,0.3604598903434211
2023_17_LV_IND,2023,17,IND,LV,1,0.5562384762352841,0.5464949294829703,0.5705454840192343,0.592896407570423
2023_17_MIA_BAL,2023,17,BAL,MIA,1,0.4765396948220207,0.5071348175040089,0.5241037507186763,0.4983749491718409
2023_17_NE_BUF,2023,17,BUF,NE,1,0.839408037617274,0.8368675471283735,0.8498675992901216,0.8507459872988746
2023_17_NO_TB,2023,17,TB,NO,0,0.5212110458274505,0.4348716431473632,0.41586812665188394,0.3853248926665511
2023_17_NYJ_CLE,2023,17,CLE,NYJ,1,0.7201344314891082,0.7488645091434265,0.7717977102467121,0.7990808601753908
2023_17_PIT_SEA,2023,17,SEA,PIT,0,0.6011631817294261,0.5773357899946263,0.5588847063084824,0.5436975234427275
2023_17_SF_WAS,2023,17,WAS,SF,0,0.16169133827535825,0.16261424065730806,0.17091233329044864,0.16475522928711733
2023_17_TEN_HOU,2023,17,HOU,TEN,1,0.49565120062018964,0.48675596982028163,0.5388049050907835,0.553262780193664
2023_18_ATL_NO,2023,18,NO,ATL,1,0.6017965888311173,0.5985691854675246,0.6735244292220423,0.7234432649565097
2023_18_BUF_MIA,2023,18,MIA,BUF,0,0.46498577971950095,0.45854209661646356,0.4409655705304571,0.430428135396317
2023_18_CHI_GB,2023,18,GB,CHI,1,0.6277491963047772,0.6278279060809873,0.6095882640646091,0.560332394228291
2023_18_CLE_CIN,2023,18,CIN,CLE,1,0.569807272704852,0.5131979613260987,0.5347631816350846,0.5303642236783799
2023_18_DAL_WAS,2023,18,WAS,DAL,0,0.22579182421387287,0.250439334855397,0.2495131811306528,0.22869136171421575
2023_18_DEN_LV,2023,18,LV,DEN,1,0.5186411172398858,0.5039132629156006,0.47994295470617326,0.5087220584139677
2023_18_HOU_IND,2023,18,IND,HOU,0,0.5235011680685878,0.521771133192273,0.5074080012332709,0.5316650811270888
2023_18_JAX_TEN,2023,18,TEN,JAX,1,0.47365191946756774,0.46888233741147034,0.4276688846570077,0.40671705351252707
2023_18_KC_LAC,2023,18,LAC,KC,0,0.3157717443125752,0.28250705456594594,0.30669342120372867,0.3029771908801091
2023_18_LA_SF,2023,18,SF,LA,0,0.7671993754444865,0.786218906598242,0.8025583161521277,0.8197161648532084
2023_18_MIN_DET,2023,18,DET,MIN,1,0.6547489840533113,0.6418328023178657,0.6805075156578246,0.6813887068008073
2023_18_NYJ_NE,2023,18,NE,NYJ,0,0.6099762437597611,0.6205189548777111,0.5846192785475369,0.5943493545635867
2023_18_PHI_NYG,2023,18,NYG,PHI,1,0.23287969628148197,0.20308131900975235,0.23304886282893167,0.24087299309004542
2023_18_PIT_BAL,2023,18,BAL,PIT,0,0.7416216953527752,0.7571623670992023,0.7332987515757621,0.688281543448646
2023_18_SEA_ARI,2023,18,ARI,SEA,0,0.3601984377880837,0.3322837527830214,0.33132049215746023,0.3367885955060941
2023_18_TB_CAR,2023,18,CAR,TB,0,0.32570616522305845,0.35874856994651144,0.3331265179012147,0.3097660046411165
2024_01_ARI_BUF,2024,1,BUF,ARI,1,0.7546710775447454,0.7893075861481545,0.787566768635086,0.788707053437956
2024_01_BAL_KC,2024,1,KC,BAL,1,0.45756814528080725,0.425143006163633,0.3848937764584452,0.417780835118662
2024_01_CAR_NO,2024,1,NO,CAR,1,0.7290153559819555,0.7268269599676597,0.7796250419389673,0.8051548913150695
2024_01_DAL_CLE,2024,1,CLE,DAL,0,0.3340768683373399,0.36025723018988737,0.35894912033671766,0.36199756100017016
2024_01_DEN_SEA,2024,1,SEA,DEN,1,0.5862819099183004,0.5765007970642723,0.5583422919435433,0.5689257565251978
2024_01_GB_PHI,2024,1,PHI,GB,1,0.5016147202036906,0.5348144054424079,0.520799036111456,0.5537722218824284
2024_01_HOU_IND,2024,1,IND,HOU,0,0.5114343899561598,0.5035224409967519,0.5010172390284572,0.5189901251880953
2024_01_JAX_MIA,2024,1,MIA,JAX,1,0.6845632315711908,0.6911973256876591,0.6897115310172199,0.6960540001856759
2024_01_LA_DET,2024,1,DET,LA,1,0.5643065255022146,0.5579770251296085,0.5977535166145451,0.6015297157648606
2024_01_LV_LAC,2024,1,LAC,LV,1,0.5160584288880772,0.515688900528243,0.5327334084044693,0.5416905085394909
2024_01_MIN_NYG,2024,1,NYG,MIN,0,0.4042705573798038,0.38920967495756476,0.4304028728492464,0.44658515550920985
2024_01_NE_CIN,2024,1,CIN,NE,0,0.6566247401465004,0.6257354212910021,0.682559489134289,0.6727118065894866
2024_01_NYJ_SF,2024,1,SF,NYJ,1,0.8444208098265958,0.8561880396344761,0.8437888111022603,0.845176795619097
2024_01_PIT_ATL,2024,1,ATL,PIT,0,0.5059603944551131,0.5070523965666922,0.45111960199295886,0.4394039577486622
2024_01_TEN_CHI,2024,1,CHI,TEN,1,0.5528301491882979,0.5854347931989861,0.6408564975256043,0.6504232428534565
2024_01_WAS_TB,2024,1,TB,WAS,1,0.6630845790362501,0.5968259801048159,0.6114256889132158,0.6282214448114126
2024_02_ATL_PHI,2024,2,PHI,ATL,0,0.6778153278268433,0.650920313957719,0.680456736319991,0.6994235902990279
2024_02_BUF_MIA,2024,2,MIA,BUF,0,0.481628969416594,0.4200415405445774,0.4310253876280568,0.4538489604276839
2024_02_CHI_HOU,2024,2,HOU,CHI,1,0.6136633176816259,0.5938531640009515,0.5878586668119493,0.5914610216360583
2024_02_CIN_KC,2024,2,KC,CIN,1,0.6926967022321723,0.6387267201063314,0.5882734104334539,0.6007623374614293
2024_02_CLE_JAX,2024,2,JAX,CLE,0,0.5439981514421667,0.5764918156907013,0.5928315297879165,0.5880110665858744
2024_02_IND_GB,2024,2,GB,IND,1,0.6450722327288504,0.6307985316239169,0.6513097493466824,0.6285252851907974
2024_02_LAC_CAR,2024,2,CAR,LAC,0,0.2698281332156385,0.28338060062502546,0.2449492056693299,0.22416345342454436
2024_02_LA_ARI,2024,2,ARI,LA,1,0.3995373217617242,0.31557876274342506,0.3547855345029173,0.37787526986999176
2024_02_LV_BAL,2024,2,BAL,LV,0,0.7463187844750512,0.7974089447008785,0.8355080238603392,0.8192416946549838
2024_02_NO_DAL,2024,2,DAL,NO,0,0.5032059849252624,0.5100020702543187,0.4717279290436346,0.4636506581442262
2024_02_NYG_WAS,2024,2,WAS,NYG,1,0.6624959572591382,0.6842453088732874,0.6333459356266671,0.6165169677871841
2024_02_NYJ_TEN,2024,2,TEN,NYJ,0,0.6252146296951879,0.6090697925569263,0.5319615329018644,0.5255258530208153
2024_02_PIT_DEN,2024,2,DEN,PIT,0,0.40999845510706656,0.38871113693784726,0.3616999971455541,0.3453070768723459
2024_02_SEA_NE,2024,2,NE,SEA,0,0.4152193331009005,0.4151674778111436,0.34851187308239423,0.34334808410446954
2024_02_SF_MIN,2024,2,MIN,SF,1,0.4042767390245038,0.4000558768664434,0.3671361154626621,0.3681093432842095
2024_02_TB_DET,2024,2,DET,TB,0,0.5583056690488911,0.6286106910848388,0.6665345872578238,0.6507459528553606
2024_03_BAL_DAL,2024,3,DAL,BAL,0,0.44603821086597456,0.3769299076837321,0.4089877797883908,0.45315069016485593
2024_03_CAR_LV,2024,3,LV,CAR,0,0.751973112842748,0.7637544894851039,0.7333694260292831,0.7551361638979477
2024_03_CHI_IND,2024,3,IND,CHI,1,0.5879988955773933,0.5866861237851116,0.563318502003773,0.560146236267058
2024_03_DEN_TB,2024,3,TB,DEN,0,0.719747926632281,0.6853824820800863,0.6629715849817243,0.6802813478238193
2024_03_DET_ARI,2024,3,ARI,DET,0,0.5068151492012658,0.4243636227670713,0.41717076639511586,0.4440546578664045
2024_03_GB_TEN,2024,3,TEN,GB,0,0.3580077616256549,0.3959842752692507,0.2970297774907348,0.30487445308366107
2024_03_HOU_MIN,2024,3,MIN,HOU,1,0.548981353304579,0.5831162385216028,0.5278061156583251,0.5159115802544393
2024_03_JAX_BUF,2024,3,BUF,JAX,1,0.8013680321797116,0.8020766278110658,0.8141450490621102,0.8114790664061824
2024_03_KC_ATL,2024,3,ATL,KC,0,0.3967554429595235,0.45978712201986055,0.48302878564024204,0.4463921060584491
2024_03_LAC_PIT,2024,3,PIT,LAC,1,0.4647866587413002,0.4178115391615429,0.4579870990190194,0.47553647454286596
2024_03_MIA_SEA,2024,3,SEA,MIA,1,0.540540896601995,0.5240541294599295,0.5015287984064496,0.4762498834233645
2024_03_NE_NYJ,2024,3,NYJ,NE,1,0.4782995152106115,0.4712860656465267,0.5575273801234809,0.5588565704576894
2024_03_NYG_CLE,2024,3,CLE,NYG,0,0.6694604176026123,0.6572354032366949,0.589865870676748,0.6059517826973372
2024_03_PHI_NO,2024,3,NO,PHI,0,0.7480495565036289,0.7185308399218393,0.7837956630591508,0.7832502944461753
2024_03_SF_LA,2024,3,LA,SF,1,0.31441508330439744,0.32338798080174425,0.3217328256486801,0.3020106175544315
2024_03_WAS_CIN,2024,3,CIN,WAS,0,0.5703027457839056,0.6014790961819588,0.6078646569656733,0.6031871450581946
2024_04_BUF_BAL,2024,4,BAL,BUF,1,0.3711416642699288,0.42598401652855833,0.4155788747892171,0.40101227636058473
2024_04_CIN_CAR,2024,4,CAR,CIN,0,0.27974598007054946,0.2511089097265015,0.22549976965697346,0.22084276799252844
2024_04_CLE_LV,2024,4,LV,CLE,1,0.505077874137311,0.5035592524781404,0.48119001319559496,0.47918092967482767
2024_04_DAL_NYG,2024,4,NYG,DAL,0,0.41001413839297,0.41972302144148826,0.3962351996000986,0.388974649974939
2024_04_DEN_NYJ,2024,4,NYJ,DEN,0,0.5963492205511384,0.6253042895986936,0.6540957029564682,0.6816798824223489
2024_04_JAX_HOU,2024,4,HOU,JAX,1,0.6764950534014927,0.6296493887580057,0.6289655756421867,0.6256424824113759
2024_04_KC_LAC,2024,4,LAC,KC,0,0.45716903876544157,0.4276376910618985,0.5211039825093724,0.5095314698616507
2024_04_LA_CHI,2024,4,CHI,LA,1,0.48214385830760903,0.44523351508879405,0.4755522682967824,0.5091796069927292
2024_04_MIN_GB,2024,4,GB,MIN,0,0.5602997552139988,0.44131601344141824,0.49287808185759646,0.4826515271622718
2024_04_NE_SF,2024,4,SF,NE,1,0.8077702670176788,0.8219391152771938,0.8557930402706916,0.8550505075006095
2024_04_NO_ATL,2024,4,ATL,NO,1,0.26515581997504184,0.30134546545171587,0.22052041086867757,0.20800565707696203
2024_04_PHI_TB,2024,4,TB,PHI,1,0.4343233702700447,0.37302359091404375,0.3581163112108472,0.35732826255423716
2024_04_PIT_IND,2024,4,IND,PIT,1,0.427586860481684,0.44920760484433875,0.43441199122197144,0.4418926810741102
2024_04_SEA_DET,2024,4,DET,SEA,1,0.5584543132402384,0.5913133502472269,0.6280171966480497,0.5969301610141656
2024_04_TEN_MIA,2024,4,MIA,TEN,0,0.6202720651306262,0.6550774003294079,0.7236609788181269,0.7326655103012975
2024_04_WAS_ARI,2024,4,ARI,WAS,0,0.5094404081689741,0.4591117342754946,0.4438314930120019,0.4618547291914583
2024_05_ARI_SF,2024,5,SF,ARI,0,0.7846646062634378,0.811825987902748,0.8107782164544559,0.8065845379154936
2024_05_BAL_CIN,2024,5,CIN,BAL,0,0.365799696744757,0.32176165628042985,0.34151788133575994,0.3551576976473258
2024_05_BUF_HOU,2024,5,HOU,BUF,1,0.31787990189171755,0.3057969234279493,0.2831236538472821,0.2811512397333043
2024_05_CAR_CHI,2024,5,CHI,CAR,1,0.6675913044615449,0.6455851189087414,0.6806574689230664,0.7027078059764224
2024_05_CLE_WAS,2024,5,WAS,CLE,1,0.7393781021801441,0.7439477718382983,0.74643455880637,0.7362358832723334
2024_05_DAL_PIT,2024,5,PIT,DAL,0,0.5159751461775784,0.5293734835342974,0.5037191714090193,0.4944588719362169
2024_05_GB_LA,2024,5,LA,GB,0,0.3974016386356314,0.5150357202547953,0.4680256350604753,0.44828324218507704
2024_05_IND_JAX,2024,5,JAX,IND,1,0.3864451660480691,0.4291998925708632,0.4278727594619739,0.43904807116216354
2024_05_LV_DEN,2024,5,DEN,LV,1,0.6118650555953947,0.6095734695205118,0.6261072673932068,0.5988399916994169
2024_05_MIA_NE,2024,5,NE,MIA,0,0.4142022159395344,0.3858670572905023,0.31895576966163214,0.31287687388111335
2024_05_NO_KC,2024,5,KC,NO,1,0.4315793469187244,0.49575995275841955,0.3757288308705119,0.36824345028422556
2024_05_NYG_SEA,2024,5,SEA,NYG,0,0.6984606738455111,0.7477505784043539,0.7021347013707758,0.6967250716347717
2024_05_NYJ_MIN,2024,5,MIN,NYJ,1,0.6736328278376512,0.7004216145803915,0.69961583647578,0.6937849617778655
2024_05_TB_ATL,2024,5,ATL,TB,1,0.42490858396661424,0.4648090296377791,0.4536515496296568,0.45698351373982254
2024_06_ARI_GB,2024,6,GB,ARI,1,0.6536168766878675,0.609240604769633,0.6140813157405525,0.6112408338768222
2024_06_ATL_CAR,2024,6,CAR,ATL,0,0.31086093067721465,0.33056701277292927,0.38613256085010905,0.376356779575507
2024_06_BUF_NYJ,2024,6,NYJ,BUF,0,0.26255583137482913,0.3080106093829889,0.279784928065038,0.27665162313802566
2024_06_CIN_NYG,2024,6,NYG,CIN,0,0.36480761285632946,0.37262312950716314,0.34949051657302266,0.35230978716586125
2024_06_CLE_PHI,2024,6,PHI,CLE,1,0.7080012149794289,0.7400687060555673,0.7104867302865359,0.7132535633539667
2024_06_DET_DAL,2024,6,DAL,DET,0,0.44674882856998605,0.3992696807971073,0.44275964330588746,0.495577233786214
2024_06_HOU_NE,2024,6,NE,HOU,0,0.30930945308782676,0.35427325593112724,0.32147345933240296,0.320840084492346
2024_06_IND_TEN,2024,6,TEN,IND,0,0.3882282320940937,0.4193338165980653,0.33029913429105084,0.34263754084135384
2024_06_JAX_CHI,2024,6,CHI,JAX,1,0.6301414995063573,0.6220222047367514,0.6543604123215958,0.6410223566481141
2024_06_LAC_DEN,2024,6,DEN,LAC,0,0.5076406593704241,0.5429611017328069,0.5176842946713376,0.5182091827830786
2024_06_PIT_LV,2024,6,LV,PIT,0,0.34761896469046527,0.34261883363755286,0.26434456152572344,0.2674157308902589
2024_06_SF_SEA,2024,6,SEA,SF,0,0.3745986683856049,0.39125764827727216,0.3593978550585536,0.3637129590611256
2024_06_TB_NO,2024,6,NO,TB,0,0.632995175635068,0.6269582281950248,0.6765780838320332,0.671970993567647
2024_06_WAS_BAL,2024,6,BAL,WAS,1,0.6218194337720311,0.6911734071974153,0.7209627432320848,0.7215753574732493
2024_07_BAL_TB,2024,7,TB,BAL,0,0.40405902397771476,0.3480684624814099,0.3088733013581732,0.3249835782873196
2024_07_CAR_WAS,2024,7,WAS,CAR,1,0.8432926927536009,0.8227916943485025,0.8064511238728845,0.8020604783313474
2024_07_CIN_CLE,2024,7,CLE,CIN,0,0.29326186503997753,0.3094795792481782,0.3048271223845333,0.3059911347430432
2024_07_DEN_NO,2024,7,NO,DEN,0,0.6163181122328781,0.5805202839416117,0.6160832491943978,0.6161873542311764
2024_07_DET_MIN,2024,7,MIN,DET,0,0.3841123445231092,0.41718564661753066,0.42343932157118935,0.46067172923575544
2024_07_HOU_GB,2024,7,GB,HOU,1,0.6139442986018037,0.57783696135049,0.6005439424536837,0.592493681167217
2024_07_KC_SF,2024,7,SF,KC,0,0.6357468485461049,0.5677681337989093,0.6467087414163697,0.6536743454865692
2024_07_LAC_ARI,2024,7,ARI,LAC,1,0.4535975304169639,0.4509819582809892,0.44425955348283774,0.46220048874951064
2024_07_LV_LA,2024,7,LA,LV,1,0.6701757070769878,0.7053500687079673,0.742479481871694,0.7093170495056944
2024_07_MIA_IND,2024,7,IND,MIA,1,0.6421578965568422,0.5728383417744877,0.6019321320472494,0.5805099732746228
2024_07_NE_JAX,2024,7,JAX,NE,1,0.6510827834947084,0.6072468760827012,0.6616203642699214,0.6588664822106052
2024_07_NYJ_PIT,2024,7,PIT,NYJ,1,0.6239224520814027,0.629815905810419,0.6780260980323877,0.6724587363543454
2024_07_PHI_NYG,2024,7,NYG,PHI,0,0.37158181734267187,0.3353373035836746,0.3559307049455615,0.36816562461023655
2024_07_SEA_ATL,2024,7,ATL,SEA,0,0.5538194613089827,0.549326418094712,0.5521544761599055,0.5567112559166878
2024_07_TEN_BUF,2024,7,BUF,TEN,1,0.810259907526222,0.7965468723886118,0.8533805966692718,0.8491773893146827
2024_08_ARI_MIA,2024,8,MIA,ARI,0,0.47382133290104234,0.5374111353853254,0.5180809012827212,0.5273832111828333
2024_08_ATL_TB,2024,8,TB,ATL,0,0.6040933349231958,0.5703595755568274,0.5764276226353396,0.5711325376837619
2024_08_BAL_CLE,2024,8,CLE,BAL,1,0.17832312146819504,0.15225314399134826,0.14403841934855846,0.14525768335882622
2024_08_BUF_SEA,2024,8,SEA,BUF,0,0.3105413059450235,0.31796978285827704,0.26207571176340166,0.2628783571431117
2024_08_CAR_DEN,2024,8,DEN,CAR,1,0.7917724607022619,0.7981012944342615,0.7904203713014957,0.7925145668002421
2024_08_CHI_WAS,2024,8,WAS,CHI,1,0.6658848753455634,0.6572571380909724,0.6012821492182859,0.5783803292702046
2024_08_DAL_SF,2024,8,SF,DAL,1,0.7464743903177353,0.7558482384990058,0.7365937603988061,0.7059662759974372
2024_08_GB_JAX,2024,8,JAX,GB,0,0.3234035444610061,0.4048415044298364,0.4056123067358455,0.4058399967201568
2024_08_IND_HOU,2024,8,HOU,IND,1,0.5666347038639404,0.572780351913428,0.5600237811901941,0.5769560753817888
2024_08_KC_LV,2024,8,LV,KC,0,0.2309084020218104,0.19004419078867693,0.19433892501483738,0.20567404643576445
2024_08_MIN_LA,2024,8,LA,MIN,1,0.4035274718557097,0.4487856558615703,0.4346086564530967,0.391143259309874
2024_08_NO_LAC,2024,8,LAC,NO,1,0.5777125829767278,0.5590540052586888,0.5645976751425927,0.5655490945491988
2024_08_NYG_PIT,2024,8,PIT,NYG,1,0.7382431219740647,0.7150336046484527,0.7686850031877501,0.772180935694786
2024_08_NYJ_NE,2024,8,NE,NYJ,1,0.3656768919811952,0.3752319548843714,0.34333254941021674,0.33579901185817285
2024_08_PHI_CIN,2024,8,CIN,PHI,0,0.5028750771198184,0.4342557614546577,0.49402115382933665,0.4913685110777485
2024_08_TEN_DET,2024,8,DET,TEN,1,0.8290658715225219,0.8306842125146887,0.8668676845840958,0.8487272388302164
2024_09_CHI_ARI,2024,9,ARI,CHI,1,0.5000692705869556,0.48809672560787587,0.4495802529886736,0.4470241976617651
2024_09_DAL_ATL,2024,9,ATL,DAL,1,0.6345011557422103,0.6729625759907997,0.6379092882646428,0.6221167920106603
2024_09_DEN_BAL,2024,9,BAL,DEN,1,0.736341325759048,0.7423567766801934,0.7498480616651553,0.7384219800061506
2024_09_DET_GB,2024,9,GB,DET,0,0.43086953689679625,0.35206067404295904,0.3432235436439721,0.3686764327507504
2024_09_HOU_NYJ,2024,9,NYJ,HOU,1,0.4516935628227459,0.4848770175006955,0.43869688428936277,0.4295792665771244
2024_09_IND_MIN,2024,9,MIN,IND,1,0.6065545130589323,0.6769600758545824,0.6654416224138283,0.6717420600064471
2024_09_JAX_PHI,2024,9,PHI,JAX,1,0.7191145547540341,0.7213421520906441,0.6726050585596616,0.6599455741924262
2024_09_LAC_CLE,2024,9,CLE,LAC,0,0.3673831865051194,0.4001103945724804,0.36122384123106493,0.36794041675793193
2024_09_LA_SEA,2024,9,SEA,LA,0,0.543590681993576,0.4736149174509799,0.4496118700367521,0.47671586630953544
2024_09_LV_CIN,2024,9,CIN,LV,1,0.7639726946786377,0.7052515630827393,0.7565455885437772,0.7450163265628634
2024_09_MIA_BUF,2024,9,BUF,MIA,1,0.842862532979551,0.8019285034319044,0.8195228531743921,0.8112141728390894
2024_09_NE_TEN,2024,9,TEN,NE,1,0.5741000400815484,0.602869006655591,0.5745785403945028,0.5720559179079812
2024_09_NO_CAR,2024,9,CAR,NO,1,0.2933522527478574,0.3228857350364685,0.29392563732486265,0.2924205366299454
2024_09_TB_KC,2024,9,KC,TB,1,0.5953471640141493,0.6608970409582049,0.6356303437203485,0.62374856428123
2024_09_WAS_NYG,2024,9,NYG,WAS,0,0.23805909720667665,0.2517145376239577,0.2556866546788818,0.27576832763982073
2024_10_ATL_NO,2024,10,NO,ATL,1,0.4615391790496198,0.42282246947277996,0.5025101706671896,0.4991398581798753
2024_10_BUF_IND,2024,10,IND,BUF,0,0.25174565325759996,0.22872387931447977,0.23746053924771662,0.24468172784707606
2024_10_CIN_BAL,2024,10,BAL,CIN,1,0.7214592348381779,0.7783984005945802,0.7816610034663557,0.7736383296830857
2024_10_DEN_KC,2024,10,KC,DEN,1,0.6830126388184944,0.7322812666358958,0.6810495758432168,0.6727654940557712
2024_10_DET_HOU,2024,10,HOU,DET,0,0.3246753981270538,0.3033556974348105,0.3290337026300219,0.37257373798566445
2024_10_MIA_LA,2024,10,LA,MIA,0,0.5908713191589714,0.5947573523672008,0.5932672534018895,0.5510129661103992
2024_10_MIN_JAX,2024,10,JAX,MIN,0,0.37170108518363365,0.34492542334456483,0.34086563337497744,0.33971677658702787
2024_10_NE_CHI,2024,10,CHI,NE,0,0.7008067966790553,0.6907992637665407,0.7621037491058383,0.7633396926240876
2024_10_NYG_CAR,2024,10,CAR,NYG,1,0.3854971842747347,0.41709418735721726,0.4203157931615012,0.41350510297496934
2024_10_NYJ_ARI,2024,10,ARI,NYJ,1,0.5472418849119804,0.5355958820404666,0.5403879568951857,0.5375084707034229
2024_10_PHI_DAL,2024,10,DAL,PHI,0,0.32991494880571787,0.3139504525515119,0.35160376577954666,0.38154403503376205
2024_10_PIT_WAS,2024,10,WAS,PIT,0,0.6497671523337285,0.6511843185990881,0.577283731950457,0.5440725333505554
2024_10_SF_TB,2024,10,TB,SF,0,0.41240581089957756,0.394420794027003,0.3532932590847556,0.36560309006604497
2024_10_TEN_LAC,2024,10,LAC,TEN,1,0.7097922670151728,0.6374359429087533,0.7256418123543699,0.7035113768156263
2024_11_ATL_DEN,2024,11,DEN,ATL,1,0.46629323280241436,0.4335197598353482,0.47017413656121,0.4587751047247905
2024_11_BAL_PIT,2024,11,PIT,BAL,1,0.32582468177763346,0.27488794311187736,0.3136930071902009,0.35209659710953006
2024_11_CIN_LAC,2024,11,LAC,CIN,1,0.5419133215535377,0.5221481138878051,0.5431571234663799,0.5333227651261065
2024_11_CLE_NO,2024,11,NO,CLE,1,0.6558562927484771,0.6394856399340985,0.6809984534568326,0.6941126138529923
2024_11_GB_CHI,2024,11,CHI,GB,0,0.3557476384699412,0.41155336194153697,0.4503027176280214,0.4559147618294552
2024_11_HOU_DAL,2024,11,DAL,HOU,0,0.3934925166595853,0.4456911460248871,0.40211101467751964,0.4058005057292604
2024_11_IND_NYJ,2024,11,NYJ,IND,0,0.5234327979653177,0.5893993103214523,0.549110332078174,0.559871428060817
2024_11_JAX_DET,2024,11,DET,JAX,1,0.8006192522711506,0.8049922072770024,0.7900697178399584,0.7734691930069018
2024_11_KC_BUF,2024,11,BUF,KC,1,0.6654538944757475,0.593524899484416,0.6762724197274446,0.681095175083664
2024_11_LA_NE,2024,11,NE,LA,0,0.39592228199549284,0.33810402959932306,0.28398588307611095,0.3149462788506549
2024_11_LV_MIA,2024,11,MIA,LV,1,0.6990547701453061,0.7199822521980542,0.7495022239064556,0.7551643654038126
2024_11_MIN_TEN,2024,11,TEN,MIN,0,0.31995904786887047,0.2987004244653307,0.23287520495055392,0.23599780652079236
2024_11_SEA_SF,2024,11,SF,SEA,0,0.7567862977360597,0.7629661443892949,0.789544322899122,0.7915543893470113
2024_11_WAS_PHI,2024,11,PHI,WAS,1,0.5278670616396371,0.5507423813513713,0.5332115572118101,0.5474585431972231
2024_12_ARI_SEA,2024,12,SEA,ARI,1,0.4594890461759329,0.4729824719147264,0.4516106264072728,0.43586415235917864
2024_12_BAL_LAC,2024,12,LAC,BAL,0,0.3293342363804051,0.2604461544677525,0.2815068223080704,0.2871117183485527
2024_12_DAL_WAS,2024,12,WAS,DAL,0,0.7803925376825936,0.7672923637732427,0.7485778607690948,0.7076049389196691
2024_12_DEN_LV,2024,12,LV,DEN,0,0.2902205540805391,0.28361120761229547,0.2514415474478732,0.260344082943482
2024_12_DET_IND,2024,12,IND,DET,0,0.233210626031103,0.18975600637858828,0.20612620616155503,0.2127779773175867
2024_12_KC_CAR,2024,12,CAR,KC,0,0.20062143991555487,0.17226103018695196,0.20721483324189663,0.21638386247802627
2024_12_MIN_CHI,2024,12,CHI,MIN,0,0.408580859370519,0.3678325170359241,0.3903778175632982,0.4060484675257643
2024_12_NE_MIA,2024,12,MIA,NE,1,0.6586213613811172,0.6814323614281023,0.7208468105168933,0.7390671801075895
2024_12_PHI_LA,2024,12,LA,PHI,0,0.3623527593187686,0.40424942367683464,0.41850687209762466,0.4107893179575752
2024_12_PIT_CLE,2024,12,CLE,PIT,1,0.34391873928283295,0.3705520363789108,0.31365431448358966,0.2846727575312837
2024_12_SF_GB,2024,12,GB,SF,1,0.44253299848719607,0.36783720993601526,0.37187584388156464,0.3870065282259477
2024_12_TB_NYG,2024,12,NYG,TB,0,0.3403538185733977,0.3551943099854423,0.378494698970666,0.3878086564355498
2024_12_TEN_HOU,2024,12,HOU,TEN,0,0.6888638814464676,0.6508466652353667,0.7408413988557534,0.7469344820638417
2024_13_ARI_MIN,2024,13,MIN,ARI,1,0.5971483971604988,0.6362571512638778,0.6691175804918296,0.656049265750437
2024_13_CHI_DET,2024,13,DET,CHI,1,0.8000560879888948,0.8209082209774846,0.7782679148710311,0.7596210196425928
2024_13_CLE_DEN,2024,13,DEN,CLE,1,0.6990112796996579,0.6950549537779769,0.6910387579695091,0.7031983435818016
2024_13_HOU_JAX,2024,13,JAX,HOU,0,0.3601453237485797,0.3868737784852594,0.35895473585513576,0.3485926687292977
2024_13_IND_NE,2024,13,NE,IND,0,0.42719678997909305,0.48941811424672854,0.42202090584247304,0.4207541109199847
2024_13_LAC_ATL,2024,13,ATL,LAC,0,0.4946735763858055,0.5803390039201567,0.5096643147990072,0.5248669290579512
2024_13_LA_NO,2024,13,NO,LA,0,0.5480038100862903,0.4747418131874523,0.49601758634255555,0.5182467983353081
2024_13_LV_KC,2024,13,KC,LV,1,0.8241606643907986,0.856639287463091,0.8524139533898343,0.8421462906885886
2024_13_MIA_GB,2024,13,GB,MIA,1,0.6686065385462721,0.5869918909216091,0.5968347269151447,0.593817253843187
2024_13_NYG_DAL,2024,13,DAL,NYG,1,0.5500813270766495,0.5606830557243596,0.5995020076446639,0.6257009738706596
2024_13_PHI_BAL,2024,13,BAL,PHI,0,0.6123799987935089,0.6324030772342426,0.6442163437154048,0.6445589782741304
2024_13_PIT_CIN,2024,13,CIN,PIT,0,0.559962090537044,0.54932575078869,0.4965258126963186,0.4742585782319327
2024_13_SEA_NYJ,2024,13,NYJ,SEA,0,0.49419998286391853,0.49813494859488705,0.5279575127148725,0.5545236342646086
2024_13_SF_BUF,2024,13,BUF,SF,1,0.6154189744333765,0.5820192483414507,0.6275172764722257,0.6252223839583856
2024_13_TB_CAR,2024,13,CAR,TB,0,0.24123031014892934,0.257594574419684,0.28768195036945887,0.2944185696169875
2024_13_TEN_WAS,2024,13,WAS,TEN,1,0.7349089844561149,0.7331865544120926,0.7587370737780904,0.7137712548854177
2024_14_ATL_MIN,2024,14,MIN,ATL,1,0.6113789043386371,0.6099168869979793,0.6785780637623696,0.6735248014322351
2024_14_BUF_LA,2024,14,LA,BUF,1,0.27901079171416265,0.34715654983327626,0.3095016585697577,0.30099430458624793
2024_14_CAR_PHI,2024,14,PHI,CAR,1,0.8466146498252078,0.8393983547946191,0.8281103214166926,0.8128704662575988
2024_14_CHI_SF,2024,14,SF,CHI,1,0.6822364779521073,0.7024281833811675,0.6478445520674961,0.6196733292795785
2024_14_CIN_DAL,2024,14,DAL,CIN,0,0.3570441753050029,0.41415190244032885,0.4236199044156231,0.46469767781113447
2024_14_CLE_PIT,2024,14,PIT,CLE,1,0.704808020405645,0.6756088408290171,0.7249294293766579,0.7446969907974846
2024_14_GB_DET,2024,14,DET,GB,1,0.6521920517471631,0.7215887911830748,0.7193906696223261,0.7116951695260669
2024_14_JAX_TEN,2024,14,TEN,JAX,0,0.5301430933412429,0.526558085419854,0.4719545203236963,0.4828988909163092
2024_14_LAC_KC,2024,14,KC,LAC,1,0.6148178272170612,0.6992176752945986,0.6192462728578617,0.6098641894806012
2024_14_LV_TB,2024,14,TB,LV,1,0.7710486564504673,0.7531232644968003,0.7547828550452825,0.7469768464175245
2024_14_NO_NYG,2024,14,NYG,NO,0,0.3717596789622018,0.40126856583235576,0.3600899910838151,0.3563772677735138
2024_14_NYJ_MIA,2024,14,MIA,NYJ,1,0.6206720421823492,0.6353261506503611,0.6364911801045033,0.6440756790902964
2024_14_SEA_ARI,2024,14,ARI,SEA,0,0.5652161306727357,0.5529523223797651,0.5628465529494717,0.5949981754275736
2024_15_ATL_LV,2024,15,LV,ATL,0,0.3578793565503219,0.32258658772491466,0.3356262173546136,0.32768123627885093
2024_15_BAL_NYG,2024,15,NYG,BAL,0,0.17435105855953872,0.16829653032600858,0.16278686465675604,0.18127181990241353
2024_15_BUF_DET,2024,15,DET,BUF,0,0.5100180322596484,0.5620463533868978,0.5100512997562292,0.5113777463136415
2024_15_CHI_MIN,2024,15,MIN,CHI,1,0.6703419199847899,0.7032414850214688,0.670575852155216,0.659371439150365
2024_15_CIN_TEN,2024,15,TEN,CIN,0,0.34455122507322405,0.36938274127752885,0.34034270894605034,0.36656842190953975
2024_15_DAL_CAR,2024,15,CAR,DAL,0,0.4561700125167775,0.4475396319639109,0.42012025249015905,0.3836680132640865
2024_15_GB_SEA,2024,15,SEA,GB,0,0.3887607610353485,0.4457239237976403,0.41874407188021634,0.3907816199958288
2024_15_IND_DEN,2024,15,DEN,IND,1,0.6252412298306907,0.6675650369819411,0.6643561244088882,0.6707149017294425
2024_15_KC_CLE,2024,15,CLE,KC,0,0.3044444782934709,0.2642808039335397,0.30229461171331384,0.3167760419262217
2024_15_LA_SF,2024,15,SF,LA,0,0.6701872056932533,0.6234915782058975,0.6103435358263164,0.6218875371696354
2024_15_MIA_HOU,2024,15,HOU,MIA,1,0.541512153774547,0.46004047475598475,0.5304978197798028,0.555150677815381
2024_15_NE_ARI,2024,15,ARI,NE,1,0.662804032783357,0.6541516589880849,0.6674852334279701,0.6871476715656385
2024_15_NYJ_JAX,2024,15,JAX,NYJ,0,0.49581407972866004,0.4654662024126174,0.48248378384573615,0.49081766734716403
2024_15_PIT_PHI,2024,15,PHI,PIT,1,0.658298881928337,0.6930421793253236,0.6182479928191965,0.5761119038982828
2024_15_TB_LAC,2024,15,LAC,TB,0,0.4773189500472453,0.43627632537971484,0.5176435056919346,0.520863155771314
2024_15_WAS_NO,2024,15,NO,WAS,0,0.40240595185499917,0.37976996903866983,0.4049171886325798,0.44174012952157526
2024_16_ARI_CAR,2024,16,CAR,ARI,1,0.310850021154303,0.33079203680896285,0.353785889206898,0.34012442233091583
2024_16_CLE_CIN,2024,16,CIN,CLE,1,0.7356554723726841,0.6850439100280787,0.7192713952318956,0.704602759855201
2024_16_DEN_LAC,2024,16,LAC,DEN,1,0.48987779670188786,0.44301020503309063,0.4736517112263334,0.46734878887766523
2024_16_DET_CHI,2024,16,CHI,DET,0,0.24845308387045617,0.22817285740266702,0.2788152049887737,0.2996794246769224
2024_16_HOU_KC,2024,16,KC,HOU,1,0.6279697616382085,0.7061629443312973,0.6242509193573502,0.5905043519754706
2024_16_JAX_LV,2024,16,LV,JAX,1,0.4380358022693895,0.45552144816898466,0.42060305427463257,0.40743722540318655
2024_16_LA_NYJ,2024,16,NYJ,LA,0,0.45964314795315286,0.4064624096886369,0.39308302155979113,0.42083317245565394
2024_16_MIN_SEA,2024,16,SEA,MIN,0,0.4114714976689741,0.3793524014858704,0.33055787539843445,0.30419959852366796
2024_16_NE_BUF,2024,16,BUF,NE,1,0.8592304653231737,0.837468389944513,0.8835896141036531,0.8893068916939378
2024_16_NO_GB,2024,16,GB,NO,1,0.6820007847331989,0.6560163040286323,0.6477678274996576,0.6504466786523652
2024_16_NYG_ATL,2024,16,ATL,NYG,1,0.6833417351392197,0.7187732655896255,0.6933134792406938,0.6902299605560842
2024_16_PHI_WAS,2024,16,WAS,PHI,1,0.45958534851290966,0.47649524580211733,0.4911121749109018,0.47873051773929703
2024_16_PIT_BAL,2024,16,BAL,PIT,1,0.7612922217003466,0.7953645291271908,0.7408306957369619,0.7085513507734358
2024_16_SF_MIA,2024,16,MIA,SF,1,0.4007225713607686,0.4422034320686398,0.43427637030720656,0.4338844886847523
2024_16_TB_DAL,2024,16,DAL,TB,1,0.3425431953736401,0.3725270322564172,0.44631990849121433,0.4841280495784505
2024_16_TEN_IND,2024,16,IND,TEN,1,0.5946466667958709,0.5561226358554912,0.5853164114981996,0.5611267607123697
2024_17_ARI_LA,2024,17,LA,ARI,1,0.5438048294434135,0.6030849678382988,0.6367571472631296,0.5915617091844633
2024_17_ATL_WAS,2024,17,WAS,ATL,1,0.6395373744216633,0.6236807102871703,0.6582528831207166,0.6136352465811842
2024_17_BAL_HOU,2024,17,HOU,BAL,0,0.2762479331327154,0.22428817240245322,0.2729958998823922,0.30157165049102325
2024_17_CAR_TB,2024,17,TB,CAR,1,0.7893806268404737,0.7912837713600348,0.7609038055950124,0.7620169801837537
2024_17_DAL_PHI,2024,17,PHI,DAL,1,0.7667325353329024,0.7552647555367351,0.7391793946357765,0.6976251150782018
2024_17_DEN_CIN,2024,17,CIN,DEN,1,0.572851012086159,0.5394781980387708,0.5593404750332599,0.5479719800871831
2024_17_DET_SF,2024,17,SF,DET,0,0.4201316962847832,0.4007302366770833,0.37799817244093137,0.3830082447435381
2024_17_GB_MIN,2024,17,MIN,GB,1,0.45086167265825366,0.5194442011492771,0.5450695186118728,0.5451830395039051
2024_17_IND_NYG,2024,17,NYG,IND,1,0.3848464566066113,0.429971919592439,0.39549213113079607,0.41618938411461676
2024_17_KC_PIT,2024,17,PIT,KC,0,0.41966532981887156,0.34762170451855695,0.42467449644437233,0.45564418952457303
2024_17_LAC_NE,2024,17,NE,LAC,0,0.3956241296297332,0.4589326124023827,0.371109942329279,0.36698690377955356
2024_17_LV_NO,2024,17,NO,LV,0,0.6689143338909164,0.6328177300419108,0.6651071434474632,0.6752431887733652
2024_17_MIA_CLE,2024,17,CLE,MIA,0,0.3486179123845699,0.3239979070629641,0.3302511343941954,0.329953233304235
2024_17_NYJ_BUF,2024,17,BUF,NYJ,1,0.8103525685051004,0.7994455470485439,0.82719887825478,0.8326560701962494
2024_17_SEA_CHI,2024,17,CHI,SEA,0,0.48003284271554175,0.4693886905576037,0.5631242769267797,0.6043681132400455
2024_17_TEN_JAX,2024,17,JAX,TEN,1,0.556020970636331,0.5556776261249052,0.5673747247759413,0.5577279686755321
2024_18_BUF_NE,2024,18,NE,BUF,1,0.16110018467309187,0.18875765456608173,0.13611240702755456,0.12934744997610825
2024_18_CAR_ATL,2024,18,ATL,CAR,0,0.7124495729897707,0.7523023328027805,0.7237260961181052,0.7448686713421063
2024_18_CHI_GB,2024,18,GB,CHI,0,0.7458538551052403,0.7231228671673352,0.6830966683848955,0.6771781573139296
2024_18_CIN_PIT,2024,18,PIT,CIN,0,0.4322225200783634,0.43949709069069043,0.4665784126854083,0.49351502243559564
2024_18_CLE_BAL,2024,18,BAL,CLE,1,0.8854990310571429,0.8907451056153919,0.8926335729651597,0.8904962694364882
2024_18_HOU_TEN,2024,18,TEN,HOU,0,0.422747057217157,0.4745713656905734,0.40472450787562997,0.40250312638959734
2024_18_JAX_IND,2024,18,IND,JAX,1,0.5680018817169835,0.541773041814592,0.5722313359196647,0.5582073818590803
2024_18_KC_DEN,2024,18,DEN,KC,1,0.4405468269057818,0.39195274313134687,0.4160904856706271,0.43601738653320815
2024_18_LAC_LV,2024,18,LV,LAC,0,0.3384817638238752,0.39148879194437947,0.3385788204372036,0.3267650372629795
2024_18_MIA_NYJ,2024,18,NYJ,MIA,1,0.4228802531066366,0.39833990391141877,0.4158462346316762,0.41882124638513396
2024_18_MIN_DET,2024,18,DET,MIN,1,0.6758498312509986,0.670027924248045,0.6535380344278929,0.6267888006173898
2024_18_NO_TB,2024,18,TB,NO,1,0.706655108343865,0.7203801655285001,0.6760254882200805,0.6657234549903638
2024_18_NYG_PHI,2024,18,PHI,NYG,1,0.839132537359366,0.8368744754228655,0.8462127135764768,0.825893914743062
2024_18_SEA_LA,2024,18,LA,SEA,0,0.5804750415639108,0.6215973786563302,0.6561167940498078,0.649194595134301
2024_18_SF_ARI,2024,18,ARI,SF,1,0.40209401713628,0.3993312334277746,0.3854464412496655,0.4100752590180147
2024_18_WAS_DAL,2024,18,DAL,WAS,0,0.3274302443351355,0.32320431164077396,0.35271792388670437,0.4127784402957421
