season,model,features,games,accuracy,brier,log_loss,brier_vs_v3
2022,V3,2,269,0.6245353159851301,0.22643335305630763,0.6441846266340513,0.0
2022,V4-A,10,269,0.6245353159851301,0.22725662934538146,0.645895616214708,0.0008232762890738321
2022,V4-B,16,269,0.6282527881040892,0.23185790331051437,0.6563210464425506,0.005424550254206739
2022,V4-C,20,269,0.6319702602230484,0.23141784461203913,0.6562675718694513,0.004984491555731496
2023,V3,2,272,0.6066176470588235,0.23574678355208678,0.6652704156587516,0.0
2023,V4-A,10,272,0.6176470588235294,0.2348382647861833,0.6645428911657156,-0.0009085187659034766
2023,V4-B,16,272,0.6139705882352942,0.2352606398300227,0.6656259570628053,-0.00048614372206406964
2023,V4-C,20,272,0.5992647058823529,0.23659242518390589,0.6689969764721913,0.0008456416318191051
2024,V3,2,272,0.6727941176470589,0.21021289666635548,0.6096105903019311,0.0
2024,V4-A,10,272,0.6801470588235294,0.208831129001291,0.6064107442882256,-0.0013817676650644817
2024,V4-B,16,272,0.6911764705882353,0.2084647861885653,0.6069377400001815,-0.0017481104777901935
2024,V4-C,20,272,0.6875,0.2120540695354478,0.6150631677621669,0.001841172869092328
