model,evaluation_season,config_name,inner_games,inner_brier
XGB-A,2022,shallow_100,271,0.23176941687938418
XGB-A,2022,strong_regularization,271,0.23186659282878463
XGB-A,2022,depth3_100,271,0.23485996119825092
XGB-A,2022,shallow_200,271,0.2350256510304991
XGB-A,2022,depth3_200,271,0.23565628551507634
XGB-QB,2022,shallow_100,271,0.23096486029875327
XGB-QB,2022,strong_regularization,271,0.23239603346006268
XGB-QB,2022,shallow_200,271,0.23423464539377611
XGB-QB,2022,depth3_100,271,0.23615198662203032
XGB-QB,2022,depth3_200,271,0.24243443642445195
XGB-QB+,2022,shallow_100,271,0.22920460052422262
XGB-QB+,2022,shallow_200,271,0.22941194044511762
XGB-QB+,2022,strong_regularization,271,0.23160596616469797
XGB-QB+,2022,depth3_100,271,0.23298566507615312
XGB-QB+,2022,depth3_200,271,0.240809195718155
XGB-A,2023,strong_regularization,540,0.22872330872942098
XGB-A,2023,shallow_100,540,0.2292676097707893
XGB-A,2023,shallow_200,540,0.2309036871378066
XGB-A,2023,depth3_100,540,0.23219081688864598
XGB-A,2023,depth3_200,540,0.2340776422063125
XGB-QB,2023,shallow_100,540,0.2295278719723803
XGB-QB,2023,strong_regularization,540,0.22976898992447914
XGB-QB,2023,shallow_200,540,0.2326127245581626
XGB-QB,2023,depth3_100,540,0.23307125877732432
XGB-QB,2023,depth3_200,540,0.2395943554148239
XGB-QB+,2023,strong_regularization,540,0.22936542184756603
XGB-QB+,2023,shallow_100,540,0.2300265531151302
XGB-QB+,2023,shallow_200,540,0.2314641449348453
XGB-QB+,2023,depth3_100,540,0.23255096180016682
XGB-QB+,2023,depth3_200,540,0.23941265898849695
XGB-A,2024,strong_regularization,812,0.23186891675474217
XGB-A,2024,shallow_100,812,0.23246129136016894
XGB-A,2024,shallow_200,812,0.23463410654101394
XGB-A,2024,depth3_100,812,0.23490945646542252
XGB-A,2024,depth3_200,812,0.2374670042827808
XGB-QB,2024,strong_regularization,812,0.23264760626471703
XGB-QB,2024,shallow_100,812,0.23317215571762828
XGB-QB,2024,depth3_100,812,0.23723434847647745
XGB-QB,2024,shallow_200,812,0.23733158872667734
XGB-QB,2024,depth3_200,812,0.24285133824763613
XGB-QB+,2024,strong_regularization,812,0.2321759616965252
XGB-QB+,2024,shallow_100,812,0.23338531015230568
XGB-QB+,2024,depth3_100,812,0.23569360008497184
XGB-QB+,2024,shallow_200,812,0.2358565175678932
XGB-QB+,2024,depth3_200,812,0.24149098264283372
