season,model,features,config,games,accuracy,brier,log_loss
2022,XGB-A,10,shallow_100,269,0.6468401486988847,0.22674719989299774,0.6455320715904236
2022,XGB-QB,15,shallow_100,269,0.6171003717472119,0.22808021306991577,0.6478565335273743
2022,XGB-QB+,18,shallow_100,269,0.6133828996282528,0.23085461556911469,0.6536582708358765
2023,XGB-A,10,strong_regularization,272,0.5955882352941176,0.23811385035514832,0.669776439666748
2023,XGB-QB,15,shallow_100,272,0.5882352941176471,0.24040712416172028,0.6753447651863098
2023,XGB-QB+,18,strong_regularization,272,0.5919117647058824,0.23775571584701538,0.6687644124031067
2024,XGB-A,10,strong_regularization,272,0.6617647058823529,0.21755069494247437,0.6257867217063904
2024,XGB-QB,15,strong_regularization,272,0.6727941176470589,0.21599534153938293,0.6224122047424316
2024,XGB-QB+,18,strong_regularization,272,0.6654411764705882,0.21752163767814636,0.6255518794059753
